course_basic_ID,course_sp_ID,course_name,department,semester,recommended_term,category,credit,beg_week,last_week,teacher,classroom,limits,prereq_ID
CHIN0031122011,01,语言学概论,中国语言文学系,春季学期,2,学科基础课,4.5,1,14,徐睿欣,外语楼320,50,
CHIN0031122011,05,语言学概论,中国语言文学系,春季学期,2,学科基础课,4.5,1,14,宋静昕,外语楼502,70,
AINT0031162019,02,智能机器人案例研究,人工智能学院,春季学期,6,专业必修课,4,1,14,高博洁,实验楼102,50,
AINT0031162019,04,智能机器人案例研究,人工智能学院,春季学期,6,专业必修课,4,1,14,梁璐悦,理科楼329,60,
COMM0031122026,03,网络舆情分析,传播学院,春季学期,2,学科基础课,5,1,14,高雯悦,法商楼129,90,
COMM0031122026,04,网络舆情分析,传播学院,春季学期,2,学科基础课,5,1,14,赵芳伟,法商楼302,100,
LIBR0031182020,01,信息政策与法规案例研究,信息管理系,春季学期,8,专业必修课,4,3,12,王宁晨,法商楼407,45,LIBR0031132002
LIBR0031182020,03,信息政策与法规案例研究,信息管理系,春季学期,8,专业必修课,4,3,12,谢峰宁,公管楼120,45,LIBR0031132002
PUBA0031122001,03,公共管理学课程设计,公共管理学院,春季学期,2,专业必修课,4,1,16,孙悦洋,法商楼319,120,
PUBA0031162016,01,非营利组织管理,公共管理学院,春季学期,6,专业必修课,4,5,10,周楠琳,法商楼518,110,PUBA0031132006
PUBA0031162016,03,非营利组织管理,公共管理学院,春季学期,6,专业必修课,4,5,10,刘峰博,公管楼512,110,PUBA0031132006
CLAS0031142021,03,古代地中海史案例研究,古典文明研究中心,春季学期,4,专业必修课,4,1,14,谢伟雯,中文楼517,80,CLAS0031132017
GEOG0031122008,05,自然地理学案例研究,地理科学学院,春季学期,2,学科基础课,5,1,12,郑芳欣,实验楼119,100,
GEOG0031122015,02,地图学专题,地理科学学院,春季学期,2,学科基础课,4.5,5,10,高昕峰,综合楼301,70,
GEOG0031122015,04,地图学专题,地理科学学院,春季学期,2,学科基础课,4.5,5,10,朱晨宁,综合楼528,70,
URBN0031122022,01,乡村振兴规划专题,城市与区域科学学院,春季学期,2,专业必修课,4,1,14,高博洁,实验楼426,30,
URBN0031142008,02,城市治理专题,城市与区域科学学院,春季学期,4,专业必修课,4,1,16,宋伟璐,信息楼129,80,
URBN0031142008,03,城市治理专题,城市与区域科学学院,春季学期,4,专业必修课,4,1,16,孙峰楠,理科楼413,50,
LANG0031122001,03,语言与人工智能课程设计,外语学院,春季学期,2,学科基础课,4.5,1,16,刘佳雯,人文楼509,100,
PREE0031122016,02,幼儿园课程,学前教育系,春季学期,2,专业必修课,4,1,16,杨华雯,教一220,20,
PREE0031122016,03,幼儿园课程,学前教育系,春季学期,2,专业必修课,4,1,16,林华雯,教一528,40,
PREE0031162015,01,学前儿童科学教育,学前教育系,春季学期,6,专业必修课,4,5,10,何睿欣,教一126,20,PREE0031152011;PREE0031152002
PRIM0031142010,01,少先队活动设计专题,小学教育系,春季学期,4,专业必修课,4,1,12,高然琳,实验幼教楼325,65,PSYC0031122009
PRIM0031142010,03,少先队活动设计专题,小学教育系,春季学期,4,专业必修课,4,1,12,吴佳璐,教二225,65,PSYC0031122009
PRIM0031142010,04,少先队活动设计专题,小学教育系,春季学期,4,专业必修课,4,1,12,郭伟宁,教一322,65,PSYC0031122009
PSYC0031122013,01,咨询心理学,心理与认知科学学院,春季学期,2,学科基础课,4,1,16,宋峰昕,教二103,65,
PSYC0031122023,01,咨询心理学专题,心理与认知科学学院,春季学期,2,学科基础课,5,1,16,梁敏琳,实验幼教楼406,80,
PSYC0031182004,01,学校心理辅导专题,心理与认知科学学院,春季学期,8,专业必修课,4,3,12,罗佳楠,教二528,90,
PSYC0031182004,04,学校心理辅导专题,心理与认知科学学院,春季学期,8,专业必修课,4,3,12,何楠静,教一206,120,
TEAC0031122003,02,课堂教学技能专题,教师教育学院,春季学期,2,学科基础课,5,1,16,郑宁静,田家炳楼522,90,
TEAC0031122003,03,课堂教学技能专题,教师教育学院,春季学期,2,学科基础课,5,1,16,王杰伟,教一524,100,
TEAC0031182021,03,教育政策法规课程设计,教师教育学院,春季学期,8,专业必修课,4,5,10,李伟芳,田家炳楼520,70,
DATA0031122002,03,知识图谱课程设计,数据科学与工程学院,春季学期,2,学科基础课,5,1,16,赵杰佳,实验楼227,120,
DATA0031122009,01,数据仓库与数据挖掘专题,数据科学与工程学院,春季学期,2,专业必修课,4,1,16,胡雯静,信息楼419,55,
DATA0031122009,02,数据仓库与数据挖掘专题,数据科学与工程学院,春季学期,2,专业必修课,4,1,16,谢磊敏,信息楼406,55,
LAWS0031122008,01,教育法学课程设计,法学院,春季学期,2,学科基础课,4,1,16,马芳磊,社科楼422,30,
LAWS0031122008,02,教育法学课程设计,法学院,春季学期,2,学科基础课,4,1,16,刘宇敏,社科楼114,50,
LAWS0031122008,03,教育法学课程设计,法学院,春季学期,2,学科基础课,4,1,16,赵洋欣,社科楼504,40,
LAWS0031182020,02,法律文书写作专题,法学院,春季学期,8,专业必修课,4,1,16,林洁芳,公管楼122,40,PHIL0031172020
LAWS0031182020,03,法律文书写作专题,法学院,春季学期,8,专业必修课,4,1,16,梁璐佳,社科楼502,50,PHIL0031172020
COMS0031161000,01,大学物理B（二）,物理与电子科学学院,春季学期,2,学科基础课,4,1,16,吴静楠,综合楼404,90,COMS0031161001
COMS0031161000,02,大学物理B（二）,物理与电子科学学院,春季学期,2,学科基础课,4,1,16,赵敏洁,综合楼205,100,COMS0031161001
PHYS0031122003,02,半导体物理,物理与电子科学学院,春季学期,2,专业必修课,4,1,14,周宁磊,综合楼317,50,
SPED0031182024,01,个别化教育计划案例研究,特殊教育系,春季学期,8,专业必修课,4,5,10,朱佳昕,田家炳楼401,60,PSYC0031162018;PSYC0031142021
SPED0031182024,02,个别化教育计划案例研究,特殊教育系,春季学期,8,专业必修课,4,5,10,高然华,教一126,50,PSYC0031162018;PSYC0031142021
SPED0031182024,03,个别化教育计划案例研究,特殊教育系,春季学期,8,专业必修课,4,5,10,郑明洁,实验幼教楼326,50,PSYC0031162018;PSYC0031142021
BIOL0031122003,01,遗传学,生命科学学院,春季学期,2,学科基础课,4,1,14,何睿伟,综合楼517,35,
BIOL0031122003,04,遗传学,生命科学学院,春季学期,2,学科基础课,4,1,14,宋宇雯,实验楼103,45,
BIOL0031122029,01,生物课程与教学论专题,生命科学学院,春季学期,2,专业必修课,4,3,12,王璐华,综合楼222,40,
BIOL0031162002,01,动物学,生命科学学院,春季学期,6,专业必修课,4,5,10,吴欣睿,综合楼427,45,BIOL0031152001
BIOL0031162002,02,动物学,生命科学学院,春季学期,6,专业必修课,4,5,10,赵楠晨,综合楼303,45,BIOL0031152001
BIOL0031162002,04,动物学,生命科学学院,春季学期,6,专业必修课,4,5,10,陈敏静,理科楼415,65,BIOL0031152001
BIOL0031162014,02,生物课程与教学论课程设计,生命科学学院,春季学期,6,专业必修课,4,1,16,郭佳芳,实验楼506,140,BIOL0031122003;BIOL0031112004
ENVI0031122029,02,生态工程专题,生态与环境科学学院,春季学期,2,学科基础课,5,1,14,宋欣杰,实验楼123,55,
ELEC0031122018,01,通信原理案例研究,电子信息工程学院,春季学期,2,学科基础课,4,1,18,周睿欣,综合楼317,100,
ECON0031122007,01,金融市场学课程设计,经济与管理学院,春季学期,2,学科基础课,4,1,12,杨宇昕,公管楼311,60,
ECON0031122007,06,金融市场学课程设计,经济与管理学院,春季学期,2,学科基础课,4,1,12,郭琳楠,社科楼401,60,
ARTS0031122005,01,中国美术史专题,美术学院,春季学期,2,学科基础课,4,1,16,梁洋悦,美术楼101,120,
ARTS0031122005,02,中国美术史专题,美术学院,春季学期,2,学科基础课,4,1,16,高芳佳,美术楼309,100,
ARTS0031122005,04,中国美术史专题,美术学院,春季学期,2,学科基础课,4,1,16,吴佳雯,美术楼108,120,
ARTS0031122005,05,中国美术史专题,美术学院,春季学期,2,学科基础课,4,1,16,高然琪,美术楼518,120,
COMS0031121009,02,数据结构,计算机科学与技术学院,春季学期,2,学科基础课,4.5,1,16,马宁静,综合楼211,160,COMS0031121004
COMS0031121015,01,数字逻辑电路,计算机科学与技术学院,春季学期,2,学科基础课,4,3,12,郭峰杰,信息楼105,90,COMS0031121004
COMS0031121015,04,数字逻辑电路,计算机科学与技术学院,春季学期,2,学科基础课,4,3,12,赵敏晨,理科楼306,90,COMS0031121004
COMS0031121015,05,数字逻辑电路,计算机科学与技术学院,春季学期,2,学科基础课,4,3,12,赵芳宇,实验楼217,100,COMS0031121004
COMS0031121015,06,数字逻辑电路,计算机科学与技术学院,春季学期,2,学科基础课,4,3,12,王明华,信息楼527,100,COMS0031121004
COMS0031121015,07,数字逻辑电路,计算机科学与技术学院,春季学期,2,学科基础课,4,3,12,张昕琳,理科楼226,70,COMS0031121004
COMS0031122033,03,云计算基础,计算机科学与技术学院,春季学期,2,学科基础课,4,1,16,黄华雯,信息楼505,45,
COMS0031131990,02,操作系统,计算机科学与技术学院,春季学期,4,专业必修课,4,3,12,胡洋佳,理科楼315,150,COMS0031121009;COMS0031131049
COMS0031131990,03,操作系统,计算机科学与技术学院,春季学期,4,专业必修课,4,3,12,宋琳璐,理科楼508,170,COMS0031121009;COMS0031131049
COMS0031142023,01,移动应用开发,计算机科学与技术学院,春季学期,4,专业必修课,4,5,10,刘峰杰,实验楼207,130,COMS0031132022;COMS0031121004
DESN0031142026,01,设计概论课程设计,设计学院,春季学期,4,专业必修课,4,1,18,王然悦,设计楼304,130,DESN0031112008
DESN0031162029,02,图形创意,设计学院,春季学期,6,专业必修课,4,1,16,王芳华,设计楼119,60,DESN0031142006
MUSI0031122021,03,作曲基础课程设计,音乐学院,春季学期,2,学科基础课,4,1,16,罗欣昕,设计楼520,100,
CHIN0031122005,02,语文课程与教学论案例研究,中国语言文学系,春季学期,2,学科基础课,2,5,10,郑芳宇,外语楼510,30,
CHIN0031122005,03,语文课程与教学论案例研究,中国语言文学系,春季学期,2,学科基础课,2,5,10,孙静昕,中文楼106,30,
CHIN0031122011,02,语言学概论,中国语言文学系,春季学期,2,学科基础课,4.5,1,14,黄欣敏,中文楼128,60,
CHIN0031122011,03,语言学概论,中国语言文学系,春季学期,2,学科基础课,4.5,1,14,梁楠琪,中文楼527,60,
CHIN0031122011,04,语言学概论,中国语言文学系,春季学期,2,学科基础课,4.5,1,14,胡芳宇,人文楼228,60,
CHIN0031122011,06,语言学概论,中国语言文学系,春季学期,2,学科基础课,4.5,1,14,孙宇然,文史楼316,80,
CHIN0031122015,01,汉字学专题,中国语言文学系,春季学期,2,专业必修课,3.5,1,14,胡芳宇,人文楼313,45,
CHIN0031122015,02,汉字学专题,中国语言文学系,春季学期,2,专业必修课,3.5,1,14,孙琪睿,人文楼108,35,
CHIN0031122015,03,汉字学专题,中国语言文学系,春季学期,2,专业必修课,3.5,1,14,郭悦明,中文楼222,45,
CHIN0031122015,04,汉字学专题,中国语言文学系,春季学期,2,专业必修课,3.5,1,14,黄悦明,中文楼530,45,
CHIN0031122015,05,汉字学专题,中国语言文学系,春季学期,2,专业必修课,3.5,1,14,郭悦明,人文楼326,45,
CHIN0031122019,02,中国现当代文学实践,中国语言文学系,春季学期,2,学科基础课,2,1,16,李伟芳,中文楼527,100,
CHIN0031122036,04,外国文学案例研究,中国语言文学系,春季学期,2,专业必修课,3,3,12,李伟芳,外语楼414,30,
CHIN0031142017,03,中国文学批评史,中国语言文学系,春季学期,4,专业必修课,3,5,10,郑芳宇,文史楼530,55,CHIN0031122015;HIST0031122003
CHIN0031142017,04,中国文学批评史,中国语言文学系,春季学期,4,专业必修课,3,5,10,李宇然,中文楼529,45,CHIN0031122015;HIST0031122003
CHIN0031142017,05,中国文学批评史,中国语言文学系,春季学期,4,专业必修课,3,5,10,郑然峰,文史楼220,55,CHIN0031122015;HIST0031122003
CHIN0031142018,01,训诂学课程设计,中国语言文学系,春季学期,4,专业必修课,3,1,16,黄佳洋,人文楼325,100,SOCI0031132001
CHIN0031142018,02,训诂学课程设计,中国语言文学系,春季学期,4,专业必修课,3,1,16,刘悦明,人文楼304,70,SOCI0031132001
CHIN0031142018,03,训诂学课程设计,中国语言文学系,春季学期,4,专业必修课,3,1,16,罗洁博,人文楼309,80,SOCI0031132001
CHIN0031162013,01,汉字学,中国语言文学系,春季学期,6,专业必修课,3,1,12,罗洁博,文史楼410,20,SOCI0031142016
CHIN0031162013,02,汉字学,中国语言文学系,春季学期,6,专业必修课,3,1,12,梁雯洁,中文楼117,20,SOCI0031142016
CHIN0031162020,02,文学概论,中国语言文学系,春季学期,6,专业选修课,2,1,14,吴洁博,文史楼106,30,CHIN0031132016
CHIN0031182004,02,中国现当代文学实验,中国语言文学系,春季学期,8,专业必修课,3,1,18,李琪睿,外语楼522,55,CHIN0031152002
CHIN0031182004,04,中国现当代文学实验,中国语言文学系,春季学期,8,专业必修课,3,1,18,赵睿欣,外语楼517,55,CHIN0031152002
CHIN0031182004,05,中国现当代文学实验,中国语言文学系,春季学期,8,专业必修课,3,1,18,周敏晨,中文楼409,45,CHIN0031152002
CHIN0031182030,01,中国古代文学专题,中国语言文学系,春季学期,8,专业选修课,3,1,12,吴华雯,外语楼528,45,CHIN0031122011
AINT0031142005,02,生成式人工智能课程设计,人工智能学院,春季学期,4,专业必修课,2,3,12,孙琳洋,实验楼511,120,COMS0031121004;COMS0031131013
AINT0031142005,03,生成式人工智能课程设计,人工智能学院,春季学期,4,专业必修课,2,3,12,高博洁,理科楼313,120,COMS0031121004;COMS0031131013
AINT0031142005,04,生成式人工智能课程设计,人工智能学院,春季学期,4,专业必修课,2,3,12,马博洁,理科楼412,140,COMS0031121004;COMS0031131013
AINT0031142005,05,生成式人工智能课程设计,人工智能学院,春季学期,4,专业必修课,2,3,12,林欣昕,实验楼218,110,COMS0031121004;COMS0031131013
AINT0031162002,03,机器学习,人工智能学院,春季学期,6,专业必修课,3.5,1,12,刘琪博,实验楼125,110,COMS0031121004
AINT0031162019,01,智能机器人案例研究,人工智能学院,春季学期,6,专业必修课,4,1,14,黄琪博,理科楼122,30,
AINT0031162019,03,智能机器人案例研究,人工智能学院,春季学期,6,专业必修课,4,1,14,陈芳欣,综合楼321,50,
AINT0031182012,02,AI安全与伦理专题,人工智能学院,春季学期,8,专业必修课,3.5,1,14,马宁佳,理科楼125,90,
AINT0031182012,03,AI安全与伦理专题,人工智能学院,春季学期,8,专业必修课,3.5,1,14,林悦然,理科楼406,80,
AINT0031182017,01,神经网络基础专题,人工智能学院,春季学期,8,专业选修课,2,5,10,郑雯伟,理科楼123,60,AINT0031152007
COMS0031131042,01,人工智能,人工智能学院,春季学期,4,专业必修课,3,3,12,郑宁佳,综合楼513,100,COMS0031121009;STAT0031121004
COMS0031131042,02,人工智能,人工智能学院,春季学期,4,专业必修课,3,3,12,王博洁,综合楼522,110,COMS0031121009;STAT0031121004
COMS0031131042,04,人工智能,人工智能学院,春季学期,4,专业必修课,3,3,12,郭峰楠,信息楼120,120,COMS0031121009;STAT0031121004
COMM0031122001,01,广告学实验,传播学院,春季学期,2,学科基础课,2,5,10,张璐琪,社科楼309,120,
COMM0031122024,03,广告学实践,传播学院,春季学期,2,学科基础课,2,1,14,罗静敏,传播楼524,45,
COMM0031122026,01,网络舆情分析,传播学院,春季学期,2,学科基础课,5,1,14,孙佳璐,社科楼112,80,
COMM0031122026,02,网络舆情分析,传播学院,春季学期,2,学科基础课,5,1,14,郑璐琪,法商楼320,70,
COMM0031122028,01,新媒体传播,传播学院,春季学期,2,学科基础课,5,1,16,马雯悦,社科楼207,45,
COMM0031122028,02,新媒体传播,传播学院,春季学期,2,学科基础课,5,1,16,周楠华,法商楼224,35,
COMM0031122028,03,新媒体传播,传播学院,春季学期,2,学科基础课,5,1,16,徐睿宇,法商楼430,45,
COMM0031122028,04,新媒体传播,传播学院,春季学期,2,学科基础课,5,1,16,徐睿宇,传播楼515,35,
COMM0031122028,05,新媒体传播,传播学院,春季学期,2,学科基础课,5,1,16,宋欣博,传播楼521,45,
COMM0031122028,06,新媒体传播,传播学院,春季学期,2,学科基础课,5,1,16,朱峰然,法商楼125,65,
COMM0031142003,01,纪录片创作实践,传播学院,春季学期,4,专业必修课,3,3,12,朱峰然,传播楼301,20,COMM0031122001
COMM0031142003,02,纪录片创作实践,传播学院,春季学期,4,专业必修课,3,3,12,何敏佳,法商楼528,50,COMM0031122001
COMM0031142003,03,纪录片创作实践,传播学院,春季学期,4,专业必修课,3,3,12,吴琪洋,传播楼519,30,COMM0031122001
COMM0031142017,01,数据新闻专题,传播学院,春季学期,4,专业必修课,3.5,3,12,王明晨,传播楼306,70,HIST0031122017
COMM0031142017,02,数据新闻专题,传播学院,春季学期,4,专业必修课,3.5,3,12,徐宁峰,社科楼122,80,HIST0031122017
COMM0031142017,03,数据新闻专题,传播学院,春季学期,4,专业必修课,3.5,3,12,郭琳芳,法商楼327,100,HIST0031122017
COMM0031182011,02,广播电视概论专题,传播学院,春季学期,8,专业选修课,2.5,9,8,刘洁睿,传播楼310,20,
COMM0031182015,02,媒介经营管理案例研究,传播学院,春季学期,8,专业选修课,2,1,16,马雯悦,公管楼404,140,SOCI0031152010
COMM0031182015,03,媒介经营管理案例研究,传播学院,春季学期,8,专业选修课,2,1,16,陈洋静,法商楼212,120,SOCI0031152010
SPRT0031122003,02,体操案例研究,体育与健康学院,春季学期,2,学科基础课,2,1,16,宋佳雯,音乐楼510,80,
SPRT0031122011,04,运动生理学实践,体育与健康学院,春季学期,2,学科基础课,2,1,14,陈洋悦,美术楼117,30,
SPRT0031122019,01,运动解剖学实践,体育与健康学院,春季学期,2,学科基础课,2.5,1,14,梁芳佳,设计楼503,40,
SPRT0031122019,02,运动解剖学实践,体育与健康学院,春季学期,2,学科基础课,2.5,1,14,梁明伟,美术楼426,20,
SPRT0031142017,01,运动训练学专题,体育与健康学院,春季学期,4,专业必修课,3,5,10,杨琪明,音乐楼413,130,SPRT0031112006;SPRT0031132014
SPRT0031142017,02,运动训练学专题,体育与健康学院,春季学期,4,专业必修课,3,5,10,徐睿晨,音乐楼216,140,SPRT0031112006;SPRT0031132014
SPRT0031142017,03,运动训练学专题,体育与健康学院,春季学期,4,专业必修课,3,5,10,李磊博,设计楼529,120,SPRT0031112006;SPRT0031132014
SPRT0031142017,04,运动训练学专题,体育与健康学院,春季学期,4,专业必修课,3,5,10,高睿晨,设计楼411,140,SPRT0031112006;SPRT0031132014
SPRT0031142017,05,运动训练学专题,体育与健康学院,春季学期,4,专业必修课,3,5,10,何然琪,设计楼123,120,SPRT0031112006;SPRT0031132014
SPRT0031162007,01,武术专题,体育与健康学院,春季学期,6,专业选修课,2,5,10,王宁磊,音乐楼210,100,SPRT0031142004
SPRT0031162023,03,学校体育学专题,体育与健康学院,春季学期,6,专业选修课,2,1,16,杨磊博,设计楼402,20,SPRT0031122019;SPRT0031142002
SPRT0031162023,04,学校体育学专题,体育与健康学院,春季学期,6,专业选修课,2,1,16,杨琪明,音乐楼525,50,SPRT0031122019;SPRT0031142002
SPRT0031182001,01,体操实验,体育与健康学院,春季学期,8,专业选修课,2,9,8,杨琪明,美术楼328,100,
SPRT0031182016,02,体育课程与教学论案例研究,体育与健康学院,春季学期,8,专业必修课,3,1,18,梁芳佳,音乐楼403,90,SPRT0031142004
LIBR0031162014,03,学术出版与传播实验,信息管理系,春季学期,6,专业必修课,2.5,5,10,马昕静,传播楼229,120,LIBR0031152008
LIBR0031162016,01,文献计量学,信息管理系,春季学期,6,专业选修课,2,5,10,周杰欣,法商楼219,70,LIBR0031142006
LIBR0031162017,01,图书馆学基础实验,信息管理系,春季学期,6,专业选修课,3,1,14,李宇楠,公管楼312,30,LIBR0031152015
LIBR0031182020,02,信息政策与法规案例研究,信息管理系,春季学期,8,专业必修课,4,3,12,何敏琪,传播楼302,45,LIBR0031132002
LIBR0031182020,04,信息政策与法规案例研究,信息管理系,春季学期,8,专业必修课,4,3,12,林静明,传播楼404,45,LIBR0031132002
PUBA0031122001,01,公共管理学课程设计,公共管理学院,春季学期,2,专业必修课,4,1,16,谢静芳,法商楼107,90,
PUBA0031122001,02,公共管理学课程设计,公共管理学院,春季学期,2,专业必修课,4,1,16,孙欣宁,传播楼505,120,
PUBA0031122004,02,公共部门人力资源管理,公共管理学院,春季学期,2,专业必修课,3,5,10,徐明欣,公管楼206,110,
PUBA0031122019,01,公共经济学专题,公共管理学院,春季学期,2,学科基础课,3,1,16,孙琳明,社科楼404,140,
PUBA0031122019,02,公共经济学专题,公共管理学院,春季学期,2,学科基础课,3,1,16,张杰晨,传播楼105,110,
PUBA0031122023,01,公共经济学案例研究,公共管理学院,春季学期,2,学科基础课,5,1,18,宋晨敏,社科楼508,100,
PUBA0031122023,02,公共经济学案例研究,公共管理学院,春季学期,2,学科基础课,5,1,18,张昕磊,社科楼515,110,
PUBA0031122023,03,公共经济学案例研究,公共管理学院,春季学期,2,学科基础课,5,1,18,马宁洁,公管楼116,100,
PUBA0031122023,04,公共经济学案例研究,公共管理学院,春季学期,2,学科基础课,5,1,18,梁然悦,法商楼529,120,
PUBA0031122023,05,公共经济学案例研究,公共管理学院,春季学期,2,学科基础课,5,1,18,周洋伟,社科楼524,90,
PUBA0031142020,01,城市管理课程设计,公共管理学院,春季学期,4,专业必修课,3,1,16,马楠琳,公管楼125,45,PUBA0031132006;PUBA0031122019
PUBA0031142020,02,城市管理课程设计,公共管理学院,春季学期,4,专业必修课,3,1,16,张璐峰,社科楼428,55,PUBA0031132006;PUBA0031122019
PUBA0031162007,02,公共管理学实验,公共管理学院,春季学期,6,专业选修课,2,3,12,孙晨敏,公管楼530,50,PUBA0031122001
PUBA0031162016,02,非营利组织管理,公共管理学院,春季学期,6,专业必修课,4,5,10,吴琪杰,传播楼205,140,PUBA0031132006
CHEM0031122003,01,无机化学案例研究,化学与分子工程学院,春季学期,2,专业必修课,3,5,10,梁明伟,实验楼517,110,
CHEM0031122003,02,无机化学案例研究,化学与分子工程学院,春季学期,2,专业必修课,3,5,10,陈洋悦,实验楼511,100,
CHEM0031122003,03,无机化学案例研究,化学与分子工程学院,春季学期,2,专业必修课,3,5,10,马昕华,理科楼506,120,
CHEM0031142011,01,化学安全教育专题,化学与分子工程学院,春季学期,4,专业必修课,4,1,12,朱琳昕,实验楼426,30,
CHEM0031142011,02,化学安全教育专题,化学与分子工程学院,春季学期,4,专业必修课,4,1,12,王雯峰,理科楼330,30,
CHEM0031142011,03,化学安全教育专题,化学与分子工程学院,春季学期,4,专业必修课,4,1,12,黄欣杰,实验楼425,30,
CHEM0031162007,02,结构化学实践,化学与分子工程学院,春季学期,6,专业必修课,2.5,1,16,陈楠宇,实验楼511,70,
CHEM0031162025,01,无机化学实践,化学与分子工程学院,春季学期,6,专业必修课,2,1,14,朱琳昕,实验楼505,80,CHEM0031152010
CHEM0031162025,02,无机化学实践,化学与分子工程学院,春季学期,6,专业必修课,2,1,14,宋晨睿,综合楼320,70,CHEM0031152010
CHEM0031162025,03,无机化学实践,化学与分子工程学院,春季学期,6,专业必修课,2,1,14,徐睿晨,实验楼126,70,CHEM0031152010
CHEM0031182015,01,无机化学,化学与分子工程学院,春季学期,8,专业选修课,3,1,18,胡璐欣,理科楼108,65,CHEM0031132006
CHEM0031182019,01,化学课程与教学论课程设计,化学与分子工程学院,春季学期,8,专业必修课,3.5,1,12,陈雯峰,理科楼227,100,CHEM0031142011
CHEM0031182019,02,化学课程与教学论课程设计,化学与分子工程学院,春季学期,8,专业必修课,3.5,1,12,黄琳昕,信息楼329,120,CHEM0031142011
CHEM0031182023,01,材料化学,化学与分子工程学院,春季学期,8,专业必修课,3.5,1,14,朱琳昕,理科楼318,30,
HIST0031122002,04,历史文献学,历史学系,春季学期,2,学科基础课,2,1,14,郑雯静,文史楼305,60,
HIST0031122003,01,历史地理学实验,历史学系,春季学期,2,学科基础课,2,1,14,胡睿华,文史楼427,65,
HIST0031122003,02,历史地理学实验,历史学系,春季学期,2,学科基础课,2,1,14,林琳雯,中文楼109,45,
HIST0031122003,03,历史地理学实验,历史学系,春季学期,2,学科基础课,2,1,14,郑睿华,文史楼304,65,
HIST0031122003,04,历史地理学实验,历史学系,春季学期,2,学科基础课,2,1,14,王璐琳,文史楼106,65,
HIST0031122017,01,历史文献学实验,历史学系,春季学期,2,学科基础课,2,1,14,马博峰,人文楼328,60,
HIST0031122017,04,历史文献学实验,历史学系,春季学期,2,学科基础课,2,1,14,胡宁悦,外语楼507,60,
HIST0031122017,05,历史文献学实验,历史学系,春季学期,2,学科基础课,2,1,14,周明宇,人文楼206,50,
HIST0031122019,01,世界古代史,历史学系,春季学期,2,学科基础课,3,1,14,罗晨博,外语楼223,40,
HIST0031122019,02,世界古代史,历史学系,春季学期,2,学科基础课,3,1,14,徐敏伟,文史楼207,30,
HIST0031122019,04,世界古代史,历史学系,春季学期,2,学科基础课,3,1,14,罗晨博,外语楼312,60,
HIST0031122030,01,考古学通论,历史学系,春季学期,2,学科基础课,4.5,1,14,杨琳雯,外语楼416,40,
HIST0031122030,02,考古学通论,历史学系,春季学期,2,学科基础课,4.5,1,14,马博峰,人文楼114,40,
HIST0031122030,03,考古学通论,历史学系,春季学期,2,学科基础课,4.5,1,14,胡宁悦,人文楼207,60,
HIST0031122031,01,世界近现代史课程设计,历史学系,春季学期,2,专业必修课,3,1,12,张雯静,外语楼107,40,
HIST0031122031,02,世界近现代史课程设计,历史学系,春季学期,2,专业必修课,3,1,12,林琳雯,文史楼210,50,
HIST0031122031,03,世界近现代史课程设计,历史学系,春季学期,2,专业必修课,3,1,12,李琳雯,中文楼107,40,
HIST0031142006,01,中国古代史实验,历史学系,春季学期,4,专业选修课,3,3,12,黄琪然,文史楼506,60,POLI0031132005
HIST0031142021,02,口述史方法专题,历史学系,春季学期,4,专业必修课,3,5,10,黄静宁,中文楼301,50,HIST0031132016
HIST0031142021,04,口述史方法专题,历史学系,春季学期,4,专业必修课,3,5,10,黄静宁,文史楼321,40,HIST0031132016
HIST0031162001,01,历史课程与教学论专题,历史学系,春季学期,6,专业必修课,3,5,10,张睿华,外语楼501,80,SOCI0031132001;POLI0031142001
HIST0031162001,02,历史课程与教学论专题,历史学系,春季学期,6,专业必修课,3,5,10,刘琪然,文史楼519,80,SOCI0031132001;POLI0031142001
HIST0031162010,01,区域社会史专题,历史学系,春季学期,6,专业必修课,3.5,1,16,郑明宇,文史楼319,60,POLI0031152003;POLI0031132004
HIST0031162010,03,区域社会史专题,历史学系,春季学期,6,专业必修课,3.5,1,16,赵洋洁,文史楼216,50,POLI0031152003;POLI0031132004
HIST0031162018,01,史学概论课程设计,历史学系,春季学期,6,专业选修课,2,1,12,马芳晨,外语楼128,120,HIST0031132015
CLAS0031122016,04,古代地中海史,古典文明研究中心,春季学期,2,学科基础课,3,1,12,马楠琳,文史楼526,40,
CLAS0031142004,02,拉丁语基础,古典文明研究中心,春季学期,4,专业必修课,2,9,8,吴静芳,人文楼209,110,
CLAS0031142010,01,希腊语基础课程设计,古典文明研究中心,春季学期,4,专业必修课,3,1,12,高博静,人文楼128,90,CLAS0031132006
CLAS0031142021,01,古代地中海史案例研究,古典文明研究中心,春季学期,4,专业必修课,4,1,14,宋琳明,中文楼316,100,CLAS0031132017
CLAS0031142021,02,古代地中海史案例研究,古典文明研究中心,春季学期,4,专业必修课,4,1,14,马雯佳,外语楼427,70,CLAS0031132017
CLAS0031162018,02,神话与史诗课程设计,古典文明研究中心,春季学期,6,专业选修课,2,3,12,林欣宁,外语楼206,35,CLAS0031122015
CLAS0031162022,02,文明比较研究实验,古典文明研究中心,春季学期,6,专业必修课,3,1,12,郭伟雯,中文楼301,30,CLAS0031132006
CLAS0031162027,01,文明比较研究,古典文明研究中心,春季学期,6,专业选修课,2,3,12,罗佳然,中文楼128,20,CLAS0031122015;CLAS0031132017
CLAS0031182023,02,希腊语基础实践,古典文明研究中心,春季学期,8,专业选修课,2,1,16,郑楠琳,人文楼525,45,CLAS0031122016
PHIL0031122022,01,知识论课程设计,哲学系,春季学期,2,学科基础课,3,1,18,刘欣敏,人文楼513,70,
PHIL0031122022,02,知识论课程设计,哲学系,春季学期,2,学科基础课,3,1,18,胡博悦,文史楼421,70,
PHIL0031122022,03,知识论课程设计,哲学系,春季学期,2,学科基础课,3,1,18,周芳宇,中文楼214,60,
PHIL0031122022,04,知识论课程设计,哲学系,春季学期,2,学科基础课,3,1,18,杨华雯,人文楼301,60,
PHIL0031122022,06,知识论课程设计,哲学系,春季学期,2,学科基础课,3,1,18,张宁静,中文楼211,50,
PHIL0031122023,01,逻辑学案例研究,哲学系,春季学期,2,学科基础课,5,3,12,王杰伟,人文楼313,70,
PHIL0031122023,02,逻辑学案例研究,哲学系,春季学期,2,学科基础课,5,3,12,何雯洁,文史楼222,50,
PHIL0031122023,03,逻辑学案例研究,哲学系,春季学期,2,学科基础课,5,3,12,谢欣敏,中文楼501,60,
PHIL0031122023,04,逻辑学案例研究,哲学系,春季学期,2,学科基础课,5,3,12,梁洋佳,外语楼515,80,
PHIL0031142003,01,宗教学概论,哲学系,春季学期,4,专业必修课,4,1,12,张睿欣,人文楼521,120,CHIN0031112006;POLI0031132004
PHIL0031142003,02,宗教学概论,哲学系,春季学期,4,专业必修课,4,1,12,李华雯,中文楼226,130,CHIN0031112006;POLI0031132004
PHIL0031142003,03,宗教学概论,哲学系,春季学期,4,专业必修课,4,1,12,何雯洁,人文楼501,120,CHIN0031112006;POLI0031132004
PHIL0031142018,01,西方哲学史案例研究,哲学系,春季学期,4,专业必修课,3.5,1,16,朱佳洋,文史楼514,80,PHIL0031112004
PHIL0031142018,02,西方哲学史案例研究,哲学系,春季学期,4,专业必修课,3.5,1,16,郑宁静,中文楼408,70,PHIL0031112004
PHIL0031142018,03,西方哲学史案例研究,哲学系,春季学期,4,专业必修课,3.5,1,16,郭佳洋,中文楼317,50,PHIL0031112004
PHIL0031142028,01,现代西方哲学,哲学系,春季学期,4,专业必修课,2,1,12,郑博悦,文史楼413,120,CHIN0031132023
PHIL0031142028,02,现代西方哲学,哲学系,春季学期,4,专业必修课,2,1,12,胡博悦,外语楼321,110,CHIN0031132023
PHIL0031162005,01,西方哲学史实践,哲学系,春季学期,6,专业选修课,3,5,10,郭静昕,文史楼417,130,POLI0031132005
PHIL0031162009,03,逻辑学,哲学系,春季学期,6,专业选修课,2,9,8,林华雯,文史楼329,120,PHIL0031142003
PHIL0031162021,01,现代西方哲学专题,哲学系,春季学期,6,专业选修课,3,3,12,张明华,文史楼526,80,HIST0031152012
PHIL0031182014,01,知识论实验,哲学系,春季学期,8,专业必修课,3,1,18,谢悦明,文史楼421,60,PHIL0031112013
PHIL0031182014,03,知识论实验,哲学系,春季学期,8,专业必修课,3,1,18,梁洋佳,文史楼105,50,PHIL0031112013
PHIL0031182015,01,美学专题,哲学系,春季学期,8,专业必修课,4,1,12,朱欣敏,人文楼209,40,
PHIL0031182015,02,美学专题,哲学系,春季学期,8,专业必修课,4,1,12,郭宇然,中文楼517,50,
GEOG0031122008,01,自然地理学案例研究,地理科学学院,春季学期,2,学科基础课,5,1,12,高昕峰,信息楼512,100,
GEOG0031122008,02,自然地理学案例研究,地理科学学院,春季学期,2,学科基础课,5,1,12,郭磊芳,理科楼523,80,
GEOG0031122008,03,自然地理学案例研究,地理科学学院,春季学期,2,学科基础课,5,1,12,何睿琳,综合楼511,80,
GEOG0031122008,04,自然地理学案例研究,地理科学学院,春季学期,2,学科基础课,5,1,12,陈敏华,信息楼301,90,
GEOG0031122015,01,地图学专题,地理科学学院,春季学期,2,学科基础课,4.5,5,10,周敏华,综合楼526,60,
GEOG0031122015,03,地图学专题,地理科学学院,春季学期,2,学科基础课,4.5,5,10,谢琳洋,实验楼413,50,
GEOG0031122015,05,地图学专题,地理科学学院,春季学期,2,学科基础课,4.5,5,10,周芳欣,信息楼126,60,
GEOG0031142007,01,遥感导论,地理科学学院,春季学期,4,专业必修课,3,1,18,马璐悦,信息楼321,20,
GEOG0031142019,01,环境变化研究,地理科学学院,春季学期,4,专业必修课,3.5,1,16,胡然静,综合楼107,140,
GEOG0031142019,02,环境变化研究,地理科学学院,春季学期,4,专业必修课,3.5,1,16,梁雯伟,理科楼408,130,
GEOG0031162002,01,环境变化研究实验,地理科学学院,春季学期,6,专业选修课,2.5,9,8,胡然静,信息楼519,50,GEOG0031142001
GEOG0031162006,02,地图学案例研究,地理科学学院,春季学期,6,专业选修课,2.5,1,14,张宁佳,理科楼206,50,
GEOG0031182022,01,气象与气候学专题,地理科学学院,春季学期,8,专业选修课,3,1,16,谢洁敏,信息楼130,70,GEOG0031112017
URBN0031122022,02,乡村振兴规划专题,城市与区域科学学院,春季学期,2,专业必修课,4,1,14,郭峰楠,实验楼418,30,
URBN0031122022,03,乡村振兴规划专题,城市与区域科学学院,春季学期,2,专业必修课,4,1,14,谢宇杰,实验楼214,30,
URBN0031142006,01,城市规划原理专题,城市与区域科学学院,春季学期,4,专业选修课,3,1,16,赵昕峰,信息楼218,120,
URBN0031142006,02,城市规划原理专题,城市与区域科学学院,春季学期,4,专业选修课,3,1,16,宋峰楠,综合楼121,120,
URBN0031142008,01,城市治理专题,城市与区域科学学院,春季学期,4,专业必修课,4,1,16,宋伟璐,理科楼408,60,
URBN0031142008,04,城市治理专题,城市与区域科学学院,春季学期,4,专业必修课,4,1,16,朱静雯,理科楼304,80,
URBN0031142010,01,社区规划专题,城市与区域科学学院,春季学期,4,专业必修课,3,1,12,吴磊芳,理科楼424,80,
URBN0031142010,02,社区规划专题,城市与区域科学学院,春季学期,4,专业必修课,3,1,12,张楠磊,信息楼115,80,
URBN0031142010,03,社区规划专题,城市与区域科学学院,春季学期,4,专业必修课,3,1,12,马睿琳,理科楼322,90,
URBN0031142013,01,城市更新实践,城市与区域科学学院,春季学期,4,专业选修课,3,1,16,郭琪博,理科楼512,30,URBN0031112012
URBN0031142021,01,社区规划实验,城市与区域科学学院,春季学期,4,专业必修课,3,1,12,王博洁,理科楼116,120,URBN0031112012
URBN0031142021,02,社区规划实验,城市与区域科学学院,春季学期,4,专业必修课,3,1,12,杨晨宁,综合楼216,100,URBN0031112012
URBN0031142021,03,社区规划实验,城市与区域科学学院,春季学期,4,专业必修课,3,1,12,朱琪博,理科楼329,100,URBN0031112012
URBN0031142021,04,社区规划实验,城市与区域科学学院,春季学期,4,专业必修课,3,1,12,郑雯伟,理科楼323,120,URBN0031112012
URBN0031142021,05,社区规划实验,城市与区域科学学院,春季学期,4,专业必修课,3,1,12,朱磊芳,信息楼522,120,URBN0031112012
URBN0031162019,02,社区规划实践,城市与区域科学学院,春季学期,6,专业必修课,2,1,14,胡洋晨,综合楼422,40,URBN0031142008;URBN0031142009
URBN0031162019,03,社区规划实践,城市与区域科学学院,春季学期,6,专业必修课,2,1,14,谢静雯,信息楼304,30,URBN0031142008;URBN0031142009
URBN0031162026,01,城市交通规划案例研究,城市与区域科学学院,春季学期,6,专业选修课,3,1,16,吴磊芳,综合楼506,40,
URBN0031162026,02,城市交通规划案例研究,城市与区域科学学院,春季学期,6,专业选修课,3,1,16,李洁敏,信息楼204,60,
URBN0031182023,02,城市空间分析专题,城市与区域科学学院,春季学期,8,专业选修课,2,1,16,谢磊芳,理科楼327,20,
LANG0031122001,01,语言与人工智能课程设计,外语学院,春季学期,2,学科基础课,4.5,1,16,何雯峰,中文楼511,120,
LANG0031122001,02,语言与人工智能课程设计,外语学院,春季学期,2,学科基础课,4.5,1,16,谢磊博,人文楼105,100,
LANG0031122016,03,语言与人工智能,外语学院,春季学期,2,学科基础课,2,3,12,郭静楠,人文楼220,90,
LANG0031142008,02,学术英语实践,外语学院,春季学期,4,专业必修课,2,9,8,高芳佳,中文楼415,60,LANG0031132007
LANG0031142008,03,学术英语实践,外语学院,春季学期,4,专业必修课,2,9,8,何雯峰,外语楼110,60,LANG0031132007
LANG0031142008,04,学术英语实践,外语学院,春季学期,4,专业必修课,2,9,8,宋琪明,人文楼424,60,LANG0031132007
LANG0031142017,03,商务英语课程设计,外语学院,春季学期,4,专业必修课,3.5,1,18,刘宇璐,人文楼223,90,LANG0031112010
LANG0031162002,03,法语入门实践,外语学院,春季学期,6,专业必修课,3,1,12,马芳佳,中文楼412,55,LANG0031122001
LANG0031162002,04,法语入门实践,外语学院,春季学期,6,专业必修课,3,1,12,刘静楠,外语楼202,45,LANG0031122001
LANG0031162002,05,法语入门实践,外语学院,春季学期,6,专业必修课,3,1,12,王璐欣,外语楼428,45,LANG0031122001
LANG0031162014,02,科技英语写作实验,外语学院,春季学期,6,专业选修课,3,1,12,陈芳佳,中文楼109,90,LANG0031152006
LANG0031162014,03,科技英语写作实验,外语学院,春季学期,6,专业选修课,3,1,12,何洋悦,中文楼430,90,LANG0031152006
PREE0031122016,01,幼儿园课程,学前教育系,春季学期,2,专业必修课,4,1,16,罗华雯,田家炳楼513,30,
PREE0031122030,01,学前教育学课程设计,学前教育系,春季学期,2,学科基础课,2,5,10,李伟芳,教一104,60,
PREE0031122030,04,学前教育学课程设计,学前教育系,春季学期,2,学科基础课,2,5,10,高昕琳,田家炳楼501,60,
PREE0031122030,05,学前教育学课程设计,学前教育系,春季学期,2,学科基础课,2,5,10,宋宇然,田家炳楼502,60,
PREE0031142008,02,幼儿园环境创设实验,学前教育系,春季学期,4,专业必修课,2,1,12,王洋佳,田家炳楼406,120,
PREE0031142008,04,幼儿园环境创设实验,学前教育系,春季学期,4,专业必修课,2,1,12,徐洋佳,教一126,120,
PREE0031162015,02,学前儿童科学教育,学前教育系,春季学期,6,专业必修课,4,5,10,陈杰伟,教一209,30,PREE0031152011;PREE0031152002
PREE0031162015,03,学前儿童科学教育,学前教育系,春季学期,6,专业必修课,4,5,10,刘欣敏,教一520,40,PREE0031152011;PREE0031152002
PREE0031162027,02,幼儿园班级管理实践,学前教育系,春季学期,6,专业选修课,2,1,12,罗华雯,教二130,40,
PREE0031162029,02,学前教育学案例研究,学前教育系,春季学期,6,专业选修课,3,3,12,谢琳璐,实验幼教楼411,100,
PREE0031182024,01,幼儿园环境创设专题,学前教育系,春季学期,8,专业选修课,3,1,14,高璐磊,教一502,70,EDUC0031142012;PREE0031152011
PREE0031182028,01,幼儿游戏理论专题,学前教育系,春季学期,8,专业选修课,3,1,14,张明华,教一501,120,
PREE0031182028,02,幼儿游戏理论专题,学前教育系,春季学期,8,专业选修课,3,1,14,王昕琳,教一210,100,
PREE0031182032,03,学前儿童语言教育课程设计,学前教育系,春季学期,8,专业必修课,3.5,1,16,刘晨楠,田家炳楼312,45,EDUC0031112002
PREE0031182032,04,学前儿童语言教育课程设计,学前教育系,春季学期,8,专业必修课,3.5,1,16,周然峰,实验幼教楼310,35,EDUC0031112002
PRIM0031122015,01,小学语文教学设计实践,小学教育系,春季学期,2,学科基础课,2,5,10,吴磊楠,实验幼教楼212,30,
PRIM0031142010,02,少先队活动设计专题,小学教育系,春季学期,4,专业必修课,4,1,12,张雯悦,教二314,55,PSYC0031122009
PRIM0031142020,01,儿童发展与教育案例研究,小学教育系,春季学期,4,专业选修课,3,1,16,孙华昕,教二229,60,EDUC0031112005
PRIM0031142020,02,儿童发展与教育案例研究,小学教育系,春季学期,4,专业选修课,3,1,16,陈明晨,教二501,70,EDUC0031112005
PRIM0031182019,01,儿童发展与教育实践,小学教育系,春季学期,8,专业必修课,3,1,18,何楠华,教一305,65,
PRIM0031182019,02,儿童发展与教育实践,小学教育系,春季学期,8,专业必修课,3,1,18,马芳伟,田家炳楼524,45,
PRIM0031182019,03,儿童发展与教育实践,小学教育系,春季学期,8,专业必修课,3,1,18,李洁睿,田家炳楼115,55,
PSYC0031122009,01,认知心理学实践,心理与认知科学学院,春季学期,2,专业必修课,2,9,8,杨悦博,教二411,65,
PSYC0031122013,02,咨询心理学,心理与认知科学学院,春季学期,2,学科基础课,4,1,16,林洁芳,田家炳楼203,45,
PSYC0031122013,03,咨询心理学,心理与认知科学学院,春季学期,2,学科基础课,4,1,16,黄琪宁,田家炳楼329,45,
PSYC0031122023,02,咨询心理学专题,心理与认知科学学院,春季学期,2,学科基础课,5,1,16,赵杰琪,教一116,90,
PSYC0031122023,03,咨询心理学专题,心理与认知科学学院,春季学期,2,学科基础课,5,1,16,胡楠静,教二323,90,
PSYC0031122023,04,咨询心理学专题,心理与认知科学学院,春季学期,2,学科基础课,5,1,16,马宁宇,教一313,90,
PSYC0031142003,02,教育心理学,心理与认知科学学院,春季学期,4,专业必修课,2,1,14,梁杰琪,田家炳楼425,50,
PSYC0031142006,01,心理测量,心理与认知科学学院,春季学期,4,专业选修课,2,9,8,陈然伟,实验幼教楼128,30,PSYC0031132005
PSYC0031162018,01,心理统计实验,心理与认知科学学院,春季学期,6,专业选修课,2,3,12,郑明峰,实验幼教楼217,45,PSYC0031142003
PSYC0031162019,01,心理统计课程设计,心理与认知科学学院,春季学期,6,专业选修课,3,3,12,宋伟然,教二418,55,
PSYC0031182004,02,学校心理辅导专题,心理与认知科学学院,春季学期,8,专业必修课,4,3,12,赵洋欣,田家炳楼104,100,
PSYC0031182004,03,学校心理辅导专题,心理与认知科学学院,春季学期,8,专业必修课,4,3,12,马博晨,实验幼教楼414,100,
PSYC0031182017,01,学习心理学,心理与认知科学学院,春季学期,8,专业选修课,3,1,18,郭静洋,实验幼教楼123,50,PSYC0031132015
PSYC0031182017,02,学习心理学,心理与认知科学学院,春季学期,8,专业选修课,3,1,18,何楠静,实验幼教楼213,40,PSYC0031132015
PSYC0031182022,01,心理测量实验,心理与认知科学学院,春季学期,8,专业选修课,3,1,14,徐然伟,田家炳楼306,70,PSYC0031122009
POLI0031122010,01,中国政府与政治,政治与国际关系学院,春季学期,2,学科基础课,4,1,14,林洁昕,公管楼512,40,
POLI0031122010,02,中国政府与政治,政治与国际关系学院,春季学期,2,学科基础课,4,1,14,何洋华,社科楼417,50,
POLI0031122010,03,中国政府与政治,政治与国际关系学院,春季学期,2,学科基础课,4,1,14,陈博伟,社科楼312,30,
POLI0031122012,01,国际关系导论案例研究,政治与国际关系学院,春季学期,2,专业必修课,4,1,14,林洁昕,法商楼414,45,
POLI0031122012,02,国际关系导论案例研究,政治与国际关系学院,春季学期,2,专业必修课,4,1,14,罗佳博,法商楼415,65,
POLI0031122012,03,国际关系导论案例研究,政治与国际关系学院,春季学期,2,专业必修课,4,1,14,赵昕静,社科楼112,55,
POLI0031122016,02,国际关系导论实验,政治与国际关系学院,春季学期,2,学科基础课,2.5,3,12,胡宁晨,传播楼328,100,
POLI0031142008,01,基层治理案例研究,政治与国际关系学院,春季学期,4,专业必修课,3,1,14,高博伟,公管楼430,100,SOCI0031132001
POLI0031142008,02,基层治理案例研究,政治与国际关系学院,春季学期,4,专业必修课,3,1,14,赵楠悦,传播楼208,90,SOCI0031132001
POLI0031142008,03,基层治理案例研究,政治与国际关系学院,春季学期,4,专业必修课,3,1,14,谢欣雯,公管楼202,120,SOCI0031132001
POLI0031142008,04,基层治理案例研究,政治与国际关系学院,春季学期,4,专业必修课,3,1,14,高芳琳,公管楼421,120,SOCI0031132001
POLI0031142008,05,基层治理案例研究,政治与国际关系学院,春季学期,4,专业必修课,3,1,14,李琳睿,公管楼226,100,SOCI0031132001
POLI0031142017,01,公共危机管理课程设计,政治与国际关系学院,春季学期,4,专业必修课,4,3,12,谢欣雯,社科楼230,30,HIST0031122003;CHIN0031112006
POLI0031142017,02,公共危机管理课程设计,政治与国际关系学院,春季学期,4,专业必修课,4,3,12,张洋华,传播楼113,50,HIST0031122003;CHIN0031112006
POLI0031142021,01,政治学原理实验,政治与国际关系学院,春季学期,4,专业必修课,2.5,1,12,梁璐洁,传播楼217,90,
POLI0031142021,02,政治学原理实验,政治与国际关系学院,春季学期,4,专业必修课,2.5,1,12,孙洁昕,传播楼522,110,
POLI0031162027,01,政治学原理案例研究,政治与国际关系学院,春季学期,6,专业必修课,3.5,1,18,黄琪敏,传播楼218,30,CHIN0031142017
POLI0031162027,02,政治学原理案例研究,政治与国际关系学院,春季学期,6,专业必修课,3.5,1,18,谢欣雯,法商楼406,30,CHIN0031142017
POLI0031162027,03,政治学原理案例研究,政治与国际关系学院,春季学期,6,专业必修课,3.5,1,18,周明磊,社科楼406,20,CHIN0031142017
POLI0031162027,04,政治学原理案例研究,政治与国际关系学院,春季学期,6,专业必修课,3.5,1,18,罗欣雯,传播楼123,20,CHIN0031142017
POLI0031162027,05,政治学原理案例研究,政治与国际关系学院,春季学期,6,专业必修课,3.5,1,18,谢磊璐,社科楼511,50,CHIN0031142017
POLI0031162028,04,政治社会学实验,政治与国际关系学院,春季学期,6,专业必修课,2,9,8,周明磊,传播楼117,30,CHIN0031122019
POLI0031182014,04,公共危机管理实验,政治与国际关系学院,春季学期,8,专业选修课,2,9,8,梁杰欣,传播楼528,20,SOCI0031142006
TEAC0031122003,01,课堂教学技能专题,教师教育学院,春季学期,2,学科基础课,5,1,16,罗悦明,田家炳楼119,100,
TEAC0031122003,04,课堂教学技能专题,教师教育学院,春季学期,2,学科基础课,5,1,16,郑宁静,教二125,100,
TEAC0031122003,05,课堂教学技能专题,教师教育学院,春季学期,2,学科基础课,5,1,16,罗洁博,教二217,110,
TEAC0031122003,06,课堂教学技能专题,教师教育学院,春季学期,2,学科基础课,5,1,16,胡明华,实验幼教楼117,110,
TEAC0031122004,01,教育政策法规案例研究,教师教育学院,春季学期,2,专业必修课,4,1,18,王敏晨,田家炳楼504,110,
TEAC0031122004,02,教育政策法规案例研究,教师教育学院,春季学期,2,专业必修课,4,1,18,宋伟芳,田家炳楼404,110,
TEAC0031122004,03,教育政策法规案例研究,教师教育学院,春季学期,2,专业必修课,4,1,18,罗洁博,教一428,90,
TEAC0031122007,01,教学评价技术专题,教师教育学院,春季学期,2,学科基础课,3,5,10,何楠琪,教二529,90,
TEAC0031122007,03,教学评价技术专题,教师教育学院,春季学期,2,学科基础课,3,5,10,王敏晨,田家炳楼129,100,
TEAC0031122013,03,跨学科教学设计,教师教育学院,春季学期,2,学科基础课,2,1,12,胡明华,教二423,140,
TEAC0031122016,01,课程资源开发,教师教育学院,春季学期,2,学科基础课,3,1,12,孙琪睿,实验幼教楼409,130,
TEAC0031142002,01,班级管理课程设计,教师教育学院,春季学期,4,专业必修课,3,3,12,陈芳宇,教一505,60,
TEAC0031142002,02,班级管理课程设计,教师教育学院,春季学期,4,专业必修课,3,3,12,陈芳宇,田家炳楼422,40,
TEAC0031142011,01,教学评价技术案例研究,教师教育学院,春季学期,4,专业必修课,3.5,1,18,胡博悦,教二428,30,TEAC0031122004
TEAC0031142011,03,教学评价技术案例研究,教师教育学院,春季学期,4,专业必修课,3.5,1,18,林洁博,实验幼教楼311,20,TEAC0031122004
TEAC0031142014,01,教学评价技术课程设计,教师教育学院,春季学期,4,专业必修课,2,5,10,黄宇然,田家炳楼316,65,
TEAC0031142014,03,教学评价技术课程设计,教师教育学院,春季学期,4,专业必修课,2,5,10,郑博悦,田家炳楼408,55,
TEAC0031182021,01,教育政策法规课程设计,教师教育学院,春季学期,8,专业必修课,4,5,10,何宁静,田家炳楼112,70,
TEAC0031182021,02,教育政策法规课程设计,教师教育学院,春季学期,8,专业必修课,4,5,10,吴悦明,田家炳楼125,80,
TEAC0031182022,02,教育实习指导课程设计,教师教育学院,春季学期,8,专业选修课,2.5,1,16,林峰杰,教一122,65,PSYC0031132007
EDUC0031122015,01,教师专业发展,教育学部,春季学期,2,专业必修课,3,5,10,杨磊璐,教二101,60,
EDUC0031122015,02,教师专业发展,教育学部,春季学期,2,专业必修课,3,5,10,何璐洁,田家炳楼306,50,
EDUC0031122022,01,课堂观察方法实践,教育学部,春季学期,2,学科基础课,3,3,12,刘华然,田家炳楼425,35,
EDUC0031122022,02,课堂观察方法实践,教育学部,春季学期,2,学科基础课,3,3,12,陈楠悦,教二103,65,
EDUC0031122022,03,课堂观察方法实践,教育学部,春季学期,2,学科基础课,3,3,12,徐芳琳,教一406,35,
EDUC0031122022,05,课堂观察方法实践,教育学部,春季学期,2,学科基础课,3,3,12,何然佳,田家炳楼118,65,
EDUC0031142012,04,学习科学导论实验,教育学部,春季学期,4,专业必修课,3,5,10,黄晨芳,实验幼教楼102,40,EDUC0031112002
EDUC0031142019,01,教育测量与评价案例研究,教育学部,春季学期,4,专业必修课,4,1,18,胡敏琪,田家炳楼220,50,EDUC0031132018
EDUC0031142019,02,教育测量与评价案例研究,教育学部,春季学期,4,专业必修课,4,1,18,李悦杰,田家炳楼209,60,EDUC0031132018
EDUC0031162009,01,课程与教学论案例研究,教育学部,春季学期,6,专业选修课,2,1,12,杨宇楠,田家炳楼317,35,EDUC0031112007
EDUC0031182003,02,学习科学导论案例研究,教育学部,春季学期,8,专业必修课,3,1,16,朱伟洋,教二203,20,
EDUC0031182003,04,学习科学导论案例研究,教育学部,春季学期,8,专业必修课,3,1,16,刘洁昕,田家炳楼225,30,
COMS0031121014,01,数学分析II,数学科学学院,春季学期,2,学科基础课,5,1,14,杨琪昕,综合楼201,120,COMS0031121013
COMS0031121014,02,数学分析II,数学科学学院,春季学期,2,学科基础课,5,1,14,杨伟睿,信息楼201,90,COMS0031121013
COMS0031121014,03,数学分析II,数学科学学院,春季学期,2,学科基础课,5,1,14,高杰琳,实验楼419,110,COMS0031121013
COMS0031121014,04,数学分析II,数学科学学院,春季学期,2,学科基础课,5,1,14,林静然,信息楼517,110,COMS0031121013
COMS0031131032,01,线性代数,数学科学学院,春季学期,2,学科基础课,3,1,16,张宁华,信息楼230,150,
COMS0031131032,03,线性代数,数学科学学院,春季学期,2,学科基础课,3,1,16,梁雯欣,理科楼216,160,
COMS0031131032,04,线性代数,数学科学学院,春季学期,2,学科基础课,3,1,16,宋佳敏,实验楼425,160,
COMS0031131032,06,线性代数,数学科学学院,春季学期,2,学科基础课,3,1,16,张芳峰,理科楼506,160,
MATH0031122008,03,组合数学案例研究,数学科学学院,春季学期,2,学科基础课,2,5,10,徐睿静,信息楼430,110,
MATH0031122021,01,偏微分方程专题,数学科学学院,春季学期,2,学科基础课,3,1,12,徐雯欣,信息楼510,65,
MATH0031122021,02,偏微分方程专题,数学科学学院,春季学期,2,学科基础课,3,1,12,宋静然,综合楼202,45,
MATH0031122021,03,偏微分方程专题,数学科学学院,春季学期,2,学科基础课,3,1,12,朱悦楠,综合楼328,65,
MATH0031122022,01,实变函数课程设计,数学科学学院,春季学期,2,学科基础课,2,1,16,王杰琳,综合楼217,50,
MATH0031142011,01,优化方法课程设计,数学科学学院,春季学期,4,专业必修课,2,1,12,孙琪昕,实验楼102,45,MATH0031132006;MATH0031132005
MATH0031142011,04,优化方法课程设计,数学科学学院,春季学期,4,专业必修课,2,1,12,刘悦楠,综合楼526,55,MATH0031132006;MATH0031132005
MATH0031142023,01,复变函数,数学科学学院,春季学期,4,专业必修课,3.5,5,10,杨琪昕,实验楼213,30,MATH0031122022;MATH0031132006
MATH0031142023,03,复变函数,数学科学学院,春季学期,4,专业必修课,3.5,5,10,梁雯欣,理科楼126,30,MATH0031122022;MATH0031132006
MATH0031162017,02,矩阵分析案例研究,数学科学学院,春季学期,6,专业选修课,3,1,12,吴华杰,信息楼222,40,MATH0031152007
MATH0031182001,02,优化方法实验,数学科学学院,春季学期,8,专业必修课,2,3,12,徐睿静,理科楼102,60,
MATH0031182001,04,优化方法实验,数学科学学院,春季学期,8,专业必修课,2,3,12,罗琳博,综合楼228,50,
MATH0031182015,01,矩阵分析,数学科学学院,春季学期,8,专业选修课,2,5,10,高洋琪,实验楼412,110,MATH0031122008;MATH0031112012
DATA0031122002,01,知识图谱课程设计,数据科学与工程学院,春季学期,2,学科基础课,5,1,16,宋华芳,综合楼302,140,
DATA0031122002,02,知识图谱课程设计,数据科学与工程学院,春季学期,2,学科基础课,5,1,16,王然磊,综合楼127,120,
DATA0031122002,04,知识图谱课程设计,数据科学与工程学院,春季学期,2,学科基础课,5,1,16,胡楠欣,综合楼303,120,
DATA0031122009,03,数据仓库与数据挖掘专题,数据科学与工程学院,春季学期,2,专业必修课,4,1,16,郑雯静,综合楼206,55,
DATA0031142011,01,推荐系统课程设计,数据科学与工程学院,春季学期,4,专业必修课,3,1,14,胡洋洁,理科楼125,100,
DATA0031142011,02,推荐系统课程设计,数据科学与工程学院,春季学期,4,专业必修课,3,1,14,陈宁悦,理科楼305,110,
DATA0031142011,03,推荐系统课程设计,数据科学与工程学院,春季学期,4,专业必修课,3,1,14,吴宇洋,综合楼123,120,
DATA0031142013,01,数据治理专题,数据科学与工程学院,春季学期,4,专业必修课,3,5,10,何杰佳,理科楼419,130,DATA0031132012
DATA0031142013,02,数据治理专题,数据科学与工程学院,春季学期,4,专业必修课,3,5,10,刘伟昕,综合楼117,130,DATA0031132012
DATA0031142013,03,数据治理专题,数据科学与工程学院,春季学期,4,专业必修课,3,5,10,孙洁杰,信息楼510,120,DATA0031132012
DATA0031142013,04,数据治理专题,数据科学与工程学院,春季学期,4,专业必修课,3,5,10,罗悦璐,综合楼230,120,DATA0031132012
DATA0031142013,05,数据治理专题,数据科学与工程学院,春季学期,4,专业必修课,3,5,10,胡睿华,实验楼416,110,DATA0031132012
DATA0031162014,01,数据库应用开发实践,数据科学与工程学院,春季学期,6,专业必修课,2,3,12,黄华芳,理科楼503,140,DATA0031122001
DATA0031162014,03,数据库应用开发实践,数据科学与工程学院,春季学期,6,专业必修课,2,3,12,胡楠欣,信息楼208,130,DATA0031122001
DATA0031182010,03,数据仓库与数据挖掘,数据科学与工程学院,春季学期,8,专业必修课,3.5,5,10,徐杰佳,信息楼325,120,DATA0031122007
DATA0031182010,05,数据仓库与数据挖掘,数据科学与工程学院,春季学期,8,专业必修课,3.5,5,10,罗晨博,综合楼417,140,DATA0031122007
LAWS0031122005,02,劳动与社会保障法课程设计,法学院,春季学期,2,专业必修课,3,1,16,郭宇敏,传播楼122,40,
LAWS0031122012,01,劳动与社会保障法案例研究,法学院,春季学期,2,学科基础课,3,3,12,朱欣璐,法商楼403,90,
LAWS0031122012,02,劳动与社会保障法案例研究,法学院,春季学期,2,学科基础课,3,3,12,罗欣璐,公管楼130,100,
LAWS0031122012,03,劳动与社会保障法案例研究,法学院,春季学期,2,学科基础课,3,3,12,朱欣璐,传播楼124,100,
LAWS0031122012,04,劳动与社会保障法案例研究,法学院,春季学期,2,学科基础课,3,3,12,孙华睿,法商楼129,120,
LAWS0031122023,01,法律文书写作实验,法学院,春季学期,2,专业必修课,2.5,9,8,朱佳楠,传播楼425,30,
LAWS0031142019,01,劳动与社会保障法,法学院,春季学期,4,专业必修课,3,1,16,周明峰,法商楼406,80,HIST0031122003;HIST0031112004
LAWS0031142019,02,劳动与社会保障法,法学院,春季学期,4,专业必修课,3,1,16,孙峰昕,法商楼424,80,HIST0031122003;HIST0031112004
LAWS0031142029,01,行政法与行政诉讼法课程设计,法学院,春季学期,4,专业必修课,4,1,12,赵杰琪,法商楼126,30,
LAWS0031142029,02,行政法与行政诉讼法课程设计,法学院,春季学期,4,专业必修课,4,1,12,吴欣璐,社科楼106,40,
LAWS0031142029,03,行政法与行政诉讼法课程设计,法学院,春季学期,4,专业必修课,4,1,12,宋琪宁,传播楼125,30,
LAWS0031182001,01,教育法学实践,法学院,春季学期,8,专业选修课,2,9,8,周宁宇,公管楼511,40,SOCI0031112002
LAWS0031182020,01,法律文书写作专题,法学院,春季学期,8,专业必修课,4,1,16,刘宇敏,传播楼405,50,PHIL0031172020
LAWS0031182021,03,民法学实践,法学院,春季学期,8,专业必修课,3,1,16,谢磊明,法商楼508,45,HIST0031172023;SOCI0031122005
LAWS0031182021,04,民法学实践,法学院,春季学期,8,专业必修课,3,1,16,宋静洋,法商楼111,45,HIST0031172023;SOCI0031122005
COMS0031161000,03,大学物理B（二）,物理与电子科学学院,春季学期,2,学科基础课,4,1,16,刘静楠,实验楼401,90,COMS0031161001
PHYS0031122003,01,半导体物理,物理与电子科学学院,春季学期,2,专业必修课,4,1,14,王博琳,理科楼310,30,
PHYS0031122008,02,光学基础实验,物理与电子科学学院,春季学期,2,专业必修课,3,1,14,孙琳昕,信息楼324,30,
PHYS0031122008,03,光学基础实验,物理与电子科学学院,春季学期,2,专业必修课,3,1,14,高明伟,实验楼508,40,
PHYS0031122008,05,光学基础实验,物理与电子科学学院,春季学期,2,专业必修课,3,1,14,谢磊博,理科楼419,50,
PHYS0031122009,01,材料物理基础案例研究,物理与电子科学学院,春季学期,2,专业必修课,3.5,3,12,孙琳昕,实验楼329,80,
PHYS0031122009,02,材料物理基础案例研究,物理与电子科学学院,春季学期,2,专业必修课,3.5,3,12,马睿晨,信息楼326,80,
PHYS0031122009,03,材料物理基础案例研究,物理与电子科学学院,春季学期,2,专业必修课,3.5,3,12,罗欣杰,实验楼427,80,
PHYS0031122009,04,材料物理基础案例研究,物理与电子科学学院,春季学期,2,专业必修课,3.5,3,12,马睿晨,理科楼501,70,
PHYS0031122009,05,材料物理基础案例研究,物理与电子科学学院,春季学期,2,专业必修课,3.5,3,12,吴静楠,实验楼411,80,
PHYS0031122023,01,半导体物理专题,物理与电子科学学院,春季学期,2,学科基础课,2,1,14,吴磊博,实验楼228,20,
PHYS0031122023,03,半导体物理专题,物理与电子科学学院,春季学期,2,学科基础课,2,1,14,张杰静,综合楼325,40,
PHYS0031142006,01,近代物理实验,物理与电子科学学院,春季学期,4,专业必修课,2.5,1,12,李晨睿,理科楼415,40,
PHYS0031142014,01,热学基础实践,物理与电子科学学院,春季学期,4,专业选修课,2,5,10,何洋悦,信息楼227,40,PHYS0031112007
PHYS0031142018,01,力学基础案例研究,物理与电子科学学院,春季学期,4,专业必修课,3.5,1,14,徐敏洁,信息楼106,130,PHYS0031132016
PHYS0031142018,02,力学基础案例研究,物理与电子科学学院,春季学期,4,专业必修课,3.5,1,14,朱伟敏,理科楼424,130,PHYS0031132016
PHYS0031142018,03,力学基础案例研究,物理与电子科学学院,春季学期,4,专业必修课,3.5,1,14,谢琪明,实验楼525,120,PHYS0031132016
PHYS0031142018,04,力学基础案例研究,物理与电子科学学院,春季学期,4,专业必修课,3.5,1,14,梁然琪,实验楼114,120,PHYS0031132016
PHYS0031162020,01,半导体物理案例研究,物理与电子科学学院,春季学期,6,专业选修课,3,1,12,刘伟敏,理科楼102,45,
PHYS0031182002,02,量子信息导论,物理与电子科学学院,春季学期,8,专业选修课,2,9,8,郭峰洋,综合楼122,40,PHYS0031132001
PHYS0031182011,02,电磁学基础实验,物理与电子科学学院,春季学期,8,专业选修课,2.5,5,10,徐然琪,综合楼129,40,
PHYS0031182013,01,电磁学基础实践,物理与电子科学学院,春季学期,8,专业选修课,2,1,12,罗磊博,信息楼219,90,
PHYS0031182017,01,电子测量,物理与电子科学学院,春季学期,8,专业选修课,3,3,12,林佳雯,信息楼421,110,PHYS0031122008
PHYS0031182017,02,电子测量,物理与电子科学学院,春季学期,8,专业选修课,3,3,12,何昕华,信息楼315,110,PHYS0031122008
PHYS0031182017,03,电子测量,物理与电子科学学院,春季学期,8,专业选修课,3,3,12,宋琳昕,理科楼324,140,PHYS0031122008
SPED0031122002,02,行为矫正技术,特殊教育系,春季学期,2,学科基础课,2,1,12,徐然华,教一118,80,
SPED0031122003,01,智力障碍儿童教育课程设计,特殊教育系,春季学期,2,专业必修课,3.5,1,12,徐璐宇,教二313,140,
SPED0031122003,02,智力障碍儿童教育课程设计,特殊教育系,春季学期,2,专业必修课,3.5,1,12,黄峰璐,实验幼教楼508,120,
SPED0031122009,01,融合教育课程设计,特殊教育系,春季学期,2,专业必修课,3,1,14,杨悦宁,教一105,30,
SPED0031122009,02,融合教育课程设计,特殊教育系,春季学期,2,专业必修课,3,1,14,李峰璐,实验幼教楼107,40,
SPED0031122009,03,融合教育课程设计,特殊教育系,春季学期,2,专业必修课,3,1,14,何雯琳,教二225,40,
SPED0031122016,01,特殊教育课程设计专题,特殊教育系,春季学期,2,专业必修课,4,1,14,孙洁明,教一427,110,
SPED0031122016,02,特殊教育课程设计专题,特殊教育系,春季学期,2,专业必修课,4,1,14,高芳静,田家炳楼302,130,
SPED0031122016,03,特殊教育课程设计专题,特殊教育系,春季学期,2,专业必修课,4,1,14,孙伟博,教一205,120,
SPED0031122023,05,行为矫正技术案例研究,特殊教育系,春季学期,2,学科基础课,2,3,12,王芳静,教二511,20,
SPED0031142011,01,视力障碍儿童教育专题,特殊教育系,春季学期,4,专业必修课,4,1,12,陈然华,教一312,90,
SPED0031142011,02,视力障碍儿童教育专题,特殊教育系,春季学期,4,专业必修课,4,1,12,孙峰璐,实验幼教楼113,100,
SPED0031142011,03,视力障碍儿童教育专题,特殊教育系,春季学期,4,专业必修课,4,1,12,郭静杰,田家炳楼404,110,
SPED0031162005,01,特殊儿童评估专题,特殊教育系,春季学期,6,专业选修课,2,9,8,朱佳昕,田家炳楼107,70,PSYC0031142003
SPED0031182006,02,行为矫正技术实践,特殊教育系,春季学期,8,专业必修课,3,1,14,何雯琳,田家炳楼519,55,EDUC0031142001
SPED0031182020,02,学习障碍干预,特殊教育系,春季学期,8,专业选修课,2.5,3,12,朱宇芳,田家炳楼326,100,EDUC0031142012
SPED0031182020,03,学习障碍干预,特殊教育系,春季学期,8,专业选修课,2.5,3,12,林悦宁,实验幼教楼121,80,EDUC0031142012
SPED0031182024,04,个别化教育计划案例研究,特殊教育系,春季学期,8,专业必修课,4,5,10,何雯琳,田家炳楼324,60,PSYC0031162018;PSYC0031142021
SPED0031182025,02,融合教育案例研究,特殊教育系,春季学期,8,专业选修课,2,1,12,黄伟博,教一219,50,PSYC0031132015;PSYC0031152010
SPED0031182025,03,融合教育案例研究,特殊教育系,春季学期,8,专业选修课,2,1,12,梁昕晨,田家炳楼519,30,PSYC0031132015;PSYC0031152010
BIOL0031122003,02,遗传学,生命科学学院,春季学期,2,学科基础课,4,1,14,徐洋峰,理科楼211,45,
BIOL0031122003,03,遗传学,生命科学学院,春季学期,2,学科基础课,4,1,14,孙静博,理科楼419,45,
BIOL0031122003,05,遗传学,生命科学学院,春季学期,2,学科基础课,4,1,14,王杰悦,实验楼330,55,
BIOL0031122003,06,遗传学,生命科学学院,春季学期,2,学科基础课,4,1,14,郭静博,综合楼209,55,
BIOL0031122009,01,普通生物学实验,生命科学学院,春季学期,2,学科基础课,2.5,9,8,李伟楠,理科楼523,55,
BIOL0031122009,03,普通生物学实验,生命科学学院,春季学期,2,学科基础课,2.5,9,8,宋静博,综合楼315,55,
BIOL0031122009,04,普通生物学实验,生命科学学院,春季学期,2,学科基础课,2.5,9,8,杨华敏,综合楼117,45,
BIOL0031122012,01,植物学实验,生命科学学院,春季学期,2,学科基础课,3,1,12,郭静博,综合楼116,80,
BIOL0031122012,02,植物学实验,生命科学学院,春季学期,2,学科基础课,3,1,12,胡明佳,信息楼511,80,
BIOL0031122012,03,植物学实验,生命科学学院,春季学期,2,学科基础课,3,1,12,李伟楠,信息楼207,90,
BIOL0031122025,01,植物学实践,生命科学学院,春季学期,2,专业必修课,2,1,16,黄琪璐,信息楼501,40,
BIOL0031122029,02,生物课程与教学论专题,生命科学学院,春季学期,2,专业必修课,4,3,12,何睿伟,综合楼210,20,
BIOL0031122029,03,生物课程与教学论专题,生命科学学院,春季学期,2,专业必修课,4,3,12,杨洁洋,综合楼530,50,
BIOL0031142007,01,生物化学案例研究,生命科学学院,春季学期,4,专业必修课,3,5,10,胡宁琳,理科楼305,40,BIOL0031122003
BIOL0031142007,02,生物化学案例研究,生命科学学院,春季学期,4,专业必修课,3,5,10,吴晨然,信息楼407,30,BIOL0031122003
BIOL0031142007,03,生物化学案例研究,生命科学学院,春季学期,4,专业必修课,3,5,10,杨琳宁,理科楼202,50,BIOL0031122003
BIOL0031142024,04,生命科学实验课程设计,生命科学学院,春季学期,4,专业必修课,3,1,16,何楠晨,理科楼523,140,BIOL0031122009
BIOL0031162002,03,动物学,生命科学学院,春季学期,6,专业必修课,4,5,10,周博琪,实验楼320,45,BIOL0031152001
BIOL0031162014,01,生物课程与教学论课程设计,生命科学学院,春季学期,6,专业必修课,4,1,16,陈然欣,理科楼221,140,BIOL0031122003;BIOL0031112004
BIOL0031162019,02,生命科学实验进阶,生命科学学院,春季学期,6,专业选修课,2.5,1,12,宋伟楠,实验楼414,70,BIOL0031152018
BIOL0031162020,02,生态学实践,生命科学学院,春季学期,6,专业必修课,2.5,9,8,罗琳宁,实验楼217,30,BIOL0031152001
BIOL0031182005,03,细胞生物学,生命科学学院,春季学期,8,专业必修课,2,1,16,朱欣睿,实验楼212,100,BIOL0031152001
BIOL0031182011,01,遗传学实验,生命科学学院,春季学期,8,专业必修课,2,3,12,徐楠晨,综合楼219,110,
ENVI0031122001,01,生态文明教育课程设计,生态与环境科学学院,春季学期,2,学科基础课,4.5,5,10,胡璐欣,综合楼415,90,
ENVI0031122001,02,生态文明教育课程设计,生态与环境科学学院,春季学期,2,学科基础课,4.5,5,10,张然琪,信息楼424,90,
ENVI0031122001,03,生态文明教育课程设计,生态与环境科学学院,春季学期,2,学科基础课,4.5,5,10,朱洁然,综合楼323,70,
ENVI0031122001,04,生态文明教育课程设计,生态与环境科学学院,春季学期,2,学科基础课,4.5,5,10,刘琳昕,综合楼408,70,
ENVI0031122001,05,生态文明教育课程设计,生态与环境科学学院,春季学期,2,学科基础课,4.5,5,10,孙欣杰,信息楼127,100,
ENVI0031122008,01,生态工程案例研究,生态与环境科学学院,春季学期,2,学科基础课,4,3,12,王宁磊,实验楼425,60,
ENVI0031122008,02,生态工程案例研究,生态与环境科学学院,春季学期,2,学科基础课,4,3,12,梁芳佳,实验楼510,40,
ENVI0031122008,03,生态工程案例研究,生态与环境科学学院,春季学期,2,学科基础课,4,3,12,胡杰静,实验楼425,40,
ENVI0031122008,04,生态工程案例研究,生态与环境科学学院,春季学期,2,学科基础课,4,3,12,谢伟敏,理科楼402,50,
ENVI0031122029,01,生态工程专题,生态与环境科学学院,春季学期,2,学科基础课,5,1,14,郭琳昕,实验楼423,35,
ENVI0031122029,03,生态工程专题,生态与环境科学学院,春季学期,2,学科基础课,5,1,14,李欣杰,综合楼207,45,
ENVI0031122029,04,生态工程专题,生态与环境科学学院,春季学期,2,学科基础课,5,1,14,王雯峰,理科楼324,55,
ENVI0031122029,05,生态工程专题,生态与环境科学学院,春季学期,2,学科基础课,5,1,14,张璐欣,综合楼113,45,
ENVI0031142003,01,环境科学导论专题,生态与环境科学学院,春季学期,4,专业选修课,2,1,16,何敏洁,理科楼307,50,ENVI0031122001
ENVI0031142011,04,环境规划与管理实验,生态与环境科学学院,春季学期,4,专业必修课,2.5,9,8,徐博琳,实验楼505,65,
ENVI0031142012,02,可持续发展概论课程设计,生态与环境科学学院,春季学期,4,专业必修课,3,1,14,陈睿晨,理科楼229,45,ENVI0031112010
ENVI0031142012,03,可持续发展概论课程设计,生态与环境科学学院,春季学期,4,专业必修课,3,1,14,胡杰静,实验楼416,45,ENVI0031112010
ENVI0031142012,04,可持续发展概论课程设计,生态与环境科学学院,春季学期,4,专业必修课,3,1,14,张璐欣,理科楼320,65,ENVI0031112010
ENVI0031142015,02,污染控制工程实验,生态与环境科学学院,春季学期,4,专业选修课,3,5,10,谢峰洋,信息楼127,100,ENVI0031112014;ENVI0031112010
ENVI0031142023,02,可持续发展概论实验,生态与环境科学学院,春季学期,4,专业必修课,2.5,9,8,何博琳,实验楼309,45,ENVI0031112021;ENVI0031122018
ENVI0031162028,01,污染控制工程,生态与环境科学学院,春季学期,6,专业选修课,3,1,16,马昕华,理科楼319,60,ENVI0031112010
ENVI0031182004,04,生态文明教育实践,生态与环境科学学院,春季学期,8,专业必修课,2,1,12,刘峰洋,信息楼313,20,ENVI0031122001
ELEC0031122001,02,传感器技术案例研究,电子信息工程学院,春季学期,2,专业必修课,3,1,18,刘琪睿,实验楼102,60,
ELEC0031122001,03,传感器技术案例研究,电子信息工程学院,春季学期,2,专业必修课,3,1,18,何敏晨,实验楼406,60,
ELEC0031122001,04,传感器技术案例研究,电子信息工程学院,春季学期,2,专业必修课,3,1,18,黄琳璐,综合楼205,70,
ELEC0031122003,02,机器人控制案例研究,电子信息工程学院,春季学期,2,学科基础课,3,1,18,黄峰杰,信息楼229,90,
ELEC0031122003,03,机器人控制案例研究,电子信息工程学院,春季学期,2,学科基础课,3,1,18,陈雯洁,信息楼130,100,
ELEC0031122013,02,数字信号处理案例研究,电子信息工程学院,春季学期,2,学科基础课,2,1,12,朱静昕,理科楼306,110,
ELEC0031122014,01,传感器技术实践,电子信息工程学院,春季学期,2,专业必修课,2,3,12,陈宁静,实验楼201,55,
ELEC0031122014,03,传感器技术实践,电子信息工程学院,春季学期,2,专业必修课,2,3,12,黄峰杰,理科楼505,55,
ELEC0031122018,02,通信原理案例研究,电子信息工程学院,春季学期,2,学科基础课,4,1,18,赵杰伟,理科楼414,80,
ELEC0031122018,03,通信原理案例研究,电子信息工程学院,春季学期,2,学科基础课,4,1,18,周洋佳,综合楼420,80,
ELEC0031122018,04,通信原理案例研究,电子信息工程学院,春季学期,2,学科基础课,4,1,18,郭洁博,实验楼525,90,
ELEC0031162008,02,数字信号处理课程设计,电子信息工程学院,春季学期,6,专业选修课,2,1,14,赵杰伟,理科楼122,20,ELEC0031122001;ELEC0031122003
ELEC0031162008,03,数字信号处理课程设计,电子信息工程学院,春季学期,6,专业选修课,2,1,14,孙琳璐,实验楼206,30,ELEC0031122001;ELEC0031122003
ELEC0031182006,01,智能硬件设计实验,电子信息工程学院,春季学期,8,专业必修课,2,1,12,梁璐磊,理科楼529,65,COMS0031121004
ELEC0031182011,01,通信原理课程设计,电子信息工程学院,春季学期,8,专业必修课,4,1,14,林悦明,理科楼324,45,COMS0031121009
ELEC0031182011,02,通信原理课程设计,电子信息工程学院,春季学期,8,专业必修课,4,1,14,周洋佳,信息楼314,55,COMS0031121009
ELEC0031182011,03,通信原理课程设计,电子信息工程学院,春季学期,8,专业必修课,4,1,14,马楠琪,实验楼428,45,COMS0031121009
ELEC0031182011,04,通信原理课程设计,电子信息工程学院,春季学期,8,专业必修课,4,1,14,孙悦明,实验楼503,65,COMS0031121009
ELEC0031182011,05,通信原理课程设计,电子信息工程学院,春季学期,8,专业必修课,4,1,14,徐然峰,理科楼222,45,COMS0031121009
ELEC0031182016,01,嵌入式开发,电子信息工程学院,春季学期,8,专业选修课,2,3,12,胡昕琳,理科楼321,50,COMS0031131013
SOCI0031122025,01,质性研究方法专题,社会发展学院,春季学期,2,专业必修课,3.5,3,12,王洋琳,传播楼415,55,
SOCI0031142004,01,社区治理实验,社会发展学院,春季学期,4,专业选修课,2.5,1,14,林峰雯,传播楼528,55,POLI0031132002;POLI0031132005
SOCI0031142006,02,社会工作概论实验,社会发展学院,春季学期,4,专业必修课,2,1,14,梁洋琳,公管楼111,60,CHIN0031112006;POLI0031132005
SOCI0031142016,02,社会统计学实践,社会发展学院,春季学期,4,专业选修课,2,3,12,周然宇,社科楼417,50,PHIL0031112010
SOCI0031162012,01,农村社会学实验,社会发展学院,春季学期,6,专业选修课,2,1,14,王昕伟,传播楼417,50,HIST0031122003
SOCI0031162013,02,质性研究方法,社会发展学院,春季学期,6,专业选修课,2,3,12,谢悦敏,法商楼112,100,POLI0031122012
SOCI0031162022,01,社会学概论课程设计,社会发展学院,春季学期,6,专业选修课,3,3,12,谢琳楠,社科楼302,55,POLI0031122012
SOCI0031162023,01,社会学概论实验,社会发展学院,春季学期,6,专业选修课,3,1,14,罗琳楠,社科楼229,20,CHIN0031132016;SOCI0031152010
SOCI0031162023,03,社会学概论实验,社会发展学院,春季学期,6,专业选修课,3,1,14,李华博,社科楼128,50,CHIN0031132016;SOCI0031152010
SOCI0031182019,01,社会心理学实验,社会发展学院,春季学期,8,专业选修课,3,1,16,何睿洁,公管楼301,40,POLI0031112015
SOCI0031182027,03,社会统计学课程设计,社会发展学院,春季学期,8,专业选修课,2.5,9,8,林洁璐,传播楼225,100,HIST0031142021
SOCI0031182030,03,社会工作概论,社会发展学院,春季学期,8,专业必修课,3,1,12,马芳悦,传播楼124,80,SOCI0031152008;HIST0031162027
SOCI0031182030,05,社会工作概论,社会发展学院,春季学期,8,专业必修课,3,1,12,罗华博,公管楼314,80,SOCI0031152008;HIST0031162027
ECON0031122004,03,运营管理实验,经济与管理学院,春季学期,2,学科基础课,2,3,12,赵芳悦,社科楼105,60,
ECON0031122007,02,金融市场学课程设计,经济与管理学院,春季学期,2,学科基础课,4,1,12,郭峰雯,法商楼121,80,
ECON0031122007,03,金融市场学课程设计,经济与管理学院,春季学期,2,学科基础课,4,1,12,周楠佳,社科楼109,70,
ECON0031122007,04,金融市场学课程设计,经济与管理学院,春季学期,2,学科基础课,4,1,12,陈雯琪,法商楼127,60,
ECON0031122007,05,金融市场学课程设计,经济与管理学院,春季学期,2,学科基础课,4,1,12,朱华博,法商楼312,60,
ECON0031122008,01,宏观经济学案例研究,经济与管理学院,春季学期,2,学科基础课,3,1,16,赵芳悦,法商楼427,110,
ECON0031122008,03,宏观经济学案例研究,经济与管理学院,春季学期,2,学科基础课,3,1,16,罗磊然,法商楼513,120,
ECON0031122008,04,宏观经济学案例研究,经济与管理学院,春季学期,2,学科基础课,3,1,16,李晨明,法商楼527,100,
ECON0031122008,05,宏观经济学案例研究,经济与管理学院,春季学期,2,学科基础课,3,1,16,何然宇,社科楼419,100,
ECON0031162006,02,管理学原理实践,经济与管理学院,春季学期,6,专业选修课,3,1,12,刘洁璐,法商楼103,70,ECON0031132001
ECON0031182005,02,管理学原理专题,经济与管理学院,春季学期,8,专业选修课,2,1,16,杨宇昕,法商楼510,70,ECON0031122004
STAT0031122020,07,应用回归分析实践,统计学院,春季学期,2,专业必修课,2,3,12,胡芳悦,理科楼220,65,
STAT0031142007,01,时间序列分析案例研究,统计学院,春季学期,4,专业必修课,3.5,1,14,王雯琪,实验楼418,120,
STAT0031142007,02,时间序列分析案例研究,统计学院,春季学期,4,专业必修课,3.5,1,14,周杰磊,实验楼524,130,
STAT0031142013,01,应用回归分析实验,统计学院,春季学期,4,专业必修课,2,1,14,郑然宇,理科楼216,100,
STAT0031142013,02,应用回归分析实验,统计学院,春季学期,4,专业必修课,2,1,14,周杰磊,理科楼310,110,
STAT0031142013,03,应用回归分析实验,统计学院,春季学期,4,专业必修课,2,1,14,刘晨明,综合楼515,100,
STAT0031162024,01,实验设计专题,统计学院,春季学期,6,专业必修课,3,1,18,朱琳楠,实验楼302,45,
STAT0031162024,03,实验设计专题,统计学院,春季学期,6,专业必修课,3,1,18,郑然宇,实验楼402,55,
STAT0031162024,04,实验设计专题,统计学院,春季学期,6,专业必修课,3,1,18,胡璐晨,信息楼109,65,
STAT0031162024,05,实验设计专题,统计学院,春季学期,6,专业必修课,3,1,18,周杰磊,理科楼110,65,
STAT0031182004,01,非参数统计专题,统计学院,春季学期,8,专业选修课,2,1,16,胡璐晨,信息楼428,70,STAT0031112001
STAT0031182006,01,应用回归分析,统计学院,春季学期,8,专业必修课,3,1,12,王洋琳,理科楼123,20,STAT0031132003;STAT0031121004
STAT0031182006,02,应用回归分析,统计学院,春季学期,8,专业必修课,3,1,12,徐睿洁,信息楼404,40,STAT0031132003;STAT0031121004
STAT0031182006,03,应用回归分析,统计学院,春季学期,8,专业必修课,3,1,12,王洋琳,信息楼520,50,STAT0031132003;STAT0031121004
ARTS0031122005,03,中国美术史专题,美术学院,春季学期,2,学科基础课,4,1,16,周明伟,设计楼330,100,
ARTS0031122007,04,油画基础案例研究,美术学院,春季学期,2,专业必修课,3.5,1,16,王璐欣,设计楼216,120,
ARTS0031122016,01,素描课程设计,美术学院,春季学期,2,学科基础课,4.5,1,16,郑明伟,美术楼106,60,
ARTS0031122016,02,素描课程设计,美术学院,春季学期,2,学科基础课,4.5,1,16,马博琳,美术楼411,30,
ARTS0031122016,03,素描课程设计,美术学院,春季学期,2,学科基础课,4.5,1,16,朱磊博,设计楼203,30,
ARTS0031122016,04,素描课程设计,美术学院,春季学期,2,学科基础课,4.5,1,16,李洁然,音乐楼206,60,
ARTS0031122021,01,美术课程与教学论专题,美术学院,春季学期,2,学科基础课,5,1,14,马博琳,音乐楼322,60,
ARTS0031122021,02,美术课程与教学论专题,美术学院,春季学期,2,学科基础课,5,1,14,宋琪明,美术楼426,40,
ARTS0031122021,03,美术课程与教学论专题,美术学院,春季学期,2,学科基础课,5,1,14,谢佳雯,体育馆-篮球馆,40,
ARTS0031122030,01,雕塑基础课程设计,美术学院,春季学期,2,学科基础课,3,1,16,胡楠宇,美术楼226,140,
ARTS0031122030,04,雕塑基础课程设计,美术学院,春季学期,2,学科基础课,3,1,16,何雯峰,音乐楼427,120,
ARTS0031142022,01,外国美术史,美术学院,春季学期,4,专业必修课,3.5,3,12,黄伟敏,美术楼227,50,ARTS0031112009
ARTS0031142022,02,外国美术史,美术学院,春季学期,4,专业必修课,3.5,3,12,杨洁然,音乐楼205,40,ARTS0031112009
ARTS0031142022,03,外国美术史,美术学院,春季学期,4,专业必修课,3.5,3,12,杨悦芳,美术楼223,40,ARTS0031112009
ARTS0031142022,04,外国美术史,美术学院,春季学期,4,专业必修课,3.5,3,12,刘琪明,美术楼123,40,ARTS0031112009
ARTS0031162008,02,书法基础案例研究,美术学院,春季学期,6,专业必修课,3.5,3,12,朱佳雯,设计楼328,120,ARTS0031122007
ARTS0031162008,03,书法基础案例研究,美术学院,春季学期,6,专业必修课,3.5,3,12,黄伟敏,设计楼429,130,ARTS0031122007
ARTS0031162015,01,美术课程与教学论课程设计,美术学院,春季学期,6,专业必修课,3,1,18,陈明伟,设计楼102,45,
ARTS0031162015,03,美术课程与教学论课程设计,美术学院,春季学期,6,专业必修课,3,1,18,吴悦芳,设计楼519,45,
ARTS0031162015,04,美术课程与教学论课程设计,美术学院,春季学期,6,专业必修课,3,1,18,杨晨睿,美术楼117,55,
ARTS0031162020,01,版画基础实验,美术学院,春季学期,6,专业选修课,2.5,1,12,陈芳佳,美术楼317,100,ARTS0031112013;ARTS0031122016
ARTS0031162020,03,版画基础实验,美术学院,春季学期,6,专业选修课,2.5,1,12,吴磊博,美术楼403,100,ARTS0031112013;ARTS0031122016
COMS0031121009,01,数据结构,计算机科学与技术学院,春季学期,2,学科基础课,4.5,1,16,马睿欣,实验楼404,150,COMS0031121004
COMS0031121009,03,数据结构,计算机科学与技术学院,春季学期,2,学科基础课,4.5,1,16,孙欣敏,理科楼129,170,COMS0031121004
COMS0031121009,04,数据结构,计算机科学与技术学院,春季学期,2,学科基础课,4.5,1,16,朱峰杰,信息楼203,150,COMS0031121004
COMS0031121009,05,数据结构,计算机科学与技术学院,春季学期,2,学科基础课,4.5,1,16,陈雯洁,实验楼426,150,COMS0031121004
COMS0031121015,02,数字逻辑电路,计算机科学与技术学院,春季学期,2,学科基础课,4,3,12,宋悦明,实验楼219,80,COMS0031121004
COMS0031121015,03,数字逻辑电路,计算机科学与技术学院,春季学期,2,学科基础课,4,3,12,陈睿欣,实验楼510,80,COMS0031121004
COMS0031122017,02,高级程序设计实验,计算机科学与技术学院,春季学期,2,学科基础课,2.5,5,10,张昕琳,理科楼226,120,
COMS0031122017,03,高级程序设计实验,计算机科学与技术学院,春季学期,2,学科基础课,2.5,5,10,郭峰杰,理科楼421,100,
COMS0031122033,01,云计算基础,计算机科学与技术学院,春季学期,2,学科基础课,4,1,16,陈雯洁,理科楼316,35,
COMS0031122033,02,云计算基础,计算机科学与技术学院,春季学期,2,学科基础课,4,1,16,王宁静,实验楼128,55,
COMS0031131013,03,离散数学,计算机科学与技术学院,春季学期,2,学科基础课,3,1,16,李晨楠,实验楼104,100,COMS0031121013
COMS0031131050,01,计算机系统结构,计算机科学与技术学院,春季学期,4,专业必修课,5,3,12,黄洁博,理科楼107,90,COMS0031131049
COMS0031131050,02,计算机系统结构,计算机科学与技术学院,春季学期,4,专业必修课,5,3,12,杨宇然,综合楼416,90,COMS0031131049
COMS0031131053,01,算法设计与分析,计算机科学与技术学院,春季学期,4,专业必修课,3,1,18,杨佳洋,理科楼426,160,COMS0031121009;COMS0031131013
COMS0031131990,01,操作系统,计算机科学与技术学院,春季学期,4,专业必修课,4,3,12,马宁静,综合楼407,170,COMS0031121009;COMS0031131049
COMS0031142006,01,人机交互课程设计,计算机科学与技术学院,春季学期,4,专业必修课,3,1,12,林悦明,信息楼230,40,COMS0031121009
COMS0031142006,03,人机交互课程设计,计算机科学与技术学院,春季学期,4,专业必修课,3,1,12,赵芳宇,理科楼114,40,COMS0031121009
COMS0031142023,02,移动应用开发,计算机科学与技术学院,春季学期,4,专业必修课,4,5,10,郭琳璐,信息楼511,120,COMS0031132022;COMS0031121004
COMS0031142023,03,移动应用开发,计算机科学与技术学院,春季学期,4,专业必修课,4,5,10,杨欣敏,综合楼319,130,COMS0031132022;COMS0031121004
COMS0031162003,01,人机交互案例研究,计算机科学与技术学院,春季学期,6,专业必修课,3,1,16,徐博悦,理科楼123,100,
COMS0031162003,02,人机交互案例研究,计算机科学与技术学院,春季学期,6,专业必修课,3,1,16,赵敏晨,信息楼213,90,
COMS0031162003,03,人机交互案例研究,计算机科学与技术学院,春季学期,6,专业必修课,3,1,16,高睿欣,实验楼408,70,
COMS0031162014,01,信息检索实验,计算机科学与技术学院,春季学期,6,专业选修课,3,1,16,赵敏晨,综合楼114,60,COMS0031131032
COMS0031182027,01,并行程序设计实验,计算机科学与技术学院,春季学期,8,专业必修课,2,1,16,林欣敏,信息楼414,50,
DESN0031122010,03,交互设计实践,设计学院,春季学期,2,专业必修课,3,1,16,孙峰博,美术楼201,40,
DESN0031142006,01,产品设计基础专题,设计学院,春季学期,4,专业必修课,3,1,16,吴欣宁,音乐楼325,40,
DESN0031142006,02,产品设计基础专题,设计学院,春季学期,4,专业必修课,3,1,16,罗悦洋,美术楼127,40,
DESN0031142006,03,产品设计基础专题,设计学院,春季学期,4,专业必修课,3,1,16,吴磊昕,设计楼203,40,
DESN0031142006,04,产品设计基础专题,设计学院,春季学期,4,专业必修课,3,1,16,李洁楠,美术楼522,60,
DESN0031142022,02,图形创意案例研究,设计学院,春季学期,4,专业必修课,3.5,5,10,刘伟雯,美术楼225,30,DESN0031122010
DESN0031142022,03,图形创意案例研究,设计学院,春季学期,4,专业必修课,3.5,5,10,谢佳然,音乐楼107,20,DESN0031122010
DESN0031142026,02,设计概论课程设计,设计学院,春季学期,4,专业必修课,4,1,18,周雯佳,设计楼130,120,DESN0031112008
DESN0031162002,02,品牌设计实践,设计学院,春季学期,6,专业选修课,3,3,12,宋华璐,音乐楼416,60,DESN0031152001
DESN0031162014,01,品牌设计专题,设计学院,春季学期,6,专业必修课,3,1,16,郑楠琳,音乐楼204,90,DESN0031142006
DESN0031162014,03,品牌设计专题,设计学院,春季学期,6,专业必修课,3,1,16,孙琳明,美术楼501,80,DESN0031142006
DESN0031162014,04,品牌设计专题,设计学院,春季学期,6,专业必修课,3,1,16,李华璐,美术楼222,100,DESN0031142006
DESN0031162014,05,品牌设计专题,设计学院,春季学期,6,专业必修课,3,1,16,孙华璐,美术楼104,70,DESN0031142006
DESN0031162019,02,字体设计实践,设计学院,春季学期,6,专业选修课,2,5,10,陈芳华,设计楼309,120,DESN0031112016
DESN0031162029,01,图形创意,设计学院,春季学期,6,专业必修课,4,1,16,林琳明,美术楼516,60,DESN0031142006
DESN0031162029,03,图形创意,设计学院,春季学期,6,专业必修课,4,1,16,马明欣,体育馆-篮球馆,60,DESN0031142006
DESN0031162029,04,图形创意,设计学院,春季学期,6,专业必修课,4,1,16,张雯佳,音乐楼212,50,DESN0031142006
DESN0031182005,01,产品设计基础实验,设计学院,春季学期,8,专业必修课,2,1,14,高敏宇,美术楼508,50,
DESN0031182007,01,产品设计基础案例研究,设计学院,春季学期,8,专业必修课,4,1,12,林悦洋,美术楼513,70,DESN0031152001
DESN0031182007,02,产品设计基础案例研究,设计学院,春季学期,8,专业必修课,4,1,12,胡楠琳,设计楼515,80,DESN0031152001
DESN0031182012,03,信息设计专题,设计学院,春季学期,8,专业选修课,2,3,12,黄琪杰,美术楼522,60,DESN0031112008
DESN0031182018,01,版式设计课程设计,设计学院,春季学期,8,专业必修课,3,1,16,梁杰晨,设计楼209,80,DESN0031152001
DESN0031182018,02,版式设计课程设计,设计学院,春季学期,8,专业必修课,3,1,16,李晨敏,音乐楼420,100,DESN0031152001
DESN0031182018,03,版式设计课程设计,设计学院,春季学期,8,专业必修课,3,1,16,林晨敏,美术楼428,80,DESN0031152001
DESN0031182025,01,用户研究案例研究,设计学院,春季学期,8,专业选修课,3,3,12,周睿琪,音乐楼508,50,DESN0031152004
DESN0031182025,02,用户研究案例研究,设计学院,春季学期,8,专业选修课,3,3,12,刘静芳,设计楼228,30,DESN0031152004
DESN0031182028,01,产品设计基础实践,设计学院,春季学期,8,专业选修课,2.5,3,12,朱磊昕,美术楼102,40,DESN0031142026
COMS0031131052,01,软件工程,软件工程学院,春季学期,4,专业必修课,3,1,12,黄佳雯,信息楼124,160,COMS0031121009
COMS0031131052,02,软件工程,软件工程学院,春季学期,4,专业必修课,3,1,12,黄宇璐,理科楼209,170,COMS0031121009
COMS0031131052,03,软件工程,软件工程学院,春季学期,4,专业必修课,3,1,12,张芳佳,理科楼323,160,COMS0031121009
SOFT0031122006,02,软件项目管理实践,软件工程学院,春季学期,2,学科基础课,2.5,9,8,胡博琳,信息楼315,55,
SOFT0031122006,03,软件项目管理实践,软件工程学院,春季学期,2,学科基础课,2.5,9,8,胡博琳,综合楼105,45,
SOFT0031122015,02,软件测试技术案例研究,软件工程学院,春季学期,2,学科基础课,2,3,12,郑敏洁,信息楼430,30,
SOFT0031142016,01,需求分析与建模,软件工程学院,春季学期,4,专业必修课,3,1,14,杨华宁,信息楼213,100,SOFT0031122015;COMS0031121004
SOFT0031142016,03,需求分析与建模,软件工程学院,春季学期,4,专业必修课,3,1,14,王雯峰,综合楼403,110,SOFT0031122015;COMS0031121004
SOFT0031142016,04,需求分析与建模,软件工程学院,春季学期,4,专业必修课,3,1,14,张宁磊,信息楼114,110,SOFT0031122015;COMS0031121004
SOFT0031142016,05,需求分析与建模,软件工程学院,春季学期,4,专业必修课,3,1,14,徐睿晨,理科楼405,90,SOFT0031122015;COMS0031121004
SOFT0031142021,03,前端工程实践课程设计,软件工程学院,春季学期,4,专业必修课,2,1,14,黄欣杰,信息楼312,120,SOFT0031132017
SOFT0031182002,01,需求分析与建模课程设计,软件工程学院,春季学期,8,专业选修课,2,3,12,何宁磊,理科楼205,110,
SOFT0031182014,01,后端系统开发专题,软件工程学院,春季学期,8,专业选修课,3,3,12,罗洁然,实验楼318,35,COMS0031131013
SOFT0031182014,02,后端系统开发专题,软件工程学院,春季学期,8,专业选修课,3,3,12,梁楠宇,信息楼422,45,COMS0031131013
MUSI0031122012,01,声乐基础课程设计,音乐学院,春季学期,2,学科基础课,4.5,1,14,王璐悦,音乐楼103,110,
MUSI0031122012,02,声乐基础课程设计,音乐学院,春季学期,2,学科基础课,4.5,1,14,刘静雯,美术楼411,100,
MUSI0031122012,03,声乐基础课程设计,音乐学院,春季学期,2,学科基础课,4.5,1,14,徐璐悦,设计楼511,90,
MUSI0031122012,04,声乐基础课程设计,音乐学院,春季学期,2,学科基础课,4.5,1,14,赵杰宇,设计楼114,120,
MUSI0031122012,05,声乐基础课程设计,音乐学院,春季学期,2,学科基础课,4.5,1,14,梁杰宇,体育馆-篮球馆,120,
MUSI0031122013,04,声乐基础,音乐学院,春季学期,2,学科基础课,2,9,8,高璐悦,设计楼424,50,
MUSI0031122020,02,声乐基础实践,音乐学院,春季学期,2,学科基础课,3,3,12,张洋晨,设计楼205,90,
MUSI0031122020,04,声乐基础实践,音乐学院,春季学期,2,学科基础课,3,3,12,郭宇杰,美术楼222,80,
MUSI0031122020,06,声乐基础实践,音乐学院,春季学期,2,学科基础课,3,3,12,林琳洋,设计楼217,80,
MUSI0031122021,01,作曲基础课程设计,音乐学院,春季学期,2,学科基础课,4,1,16,郭伟璐,音乐楼526,80,
MUSI0031122021,02,作曲基础课程设计,音乐学院,春季学期,2,学科基础课,4,1,16,谢悦然,设计楼329,100,
MUSI0031122021,04,作曲基础课程设计,音乐学院,春季学期,2,学科基础课,4,1,16,何雯伟,美术楼127,80,
MUSI0031122030,01,中国音乐史课程设计,音乐学院,春季学期,2,学科基础课,2,5,10,徐昕峰,设计楼509,80,
MUSI0031142023,02,钢琴基础,音乐学院,春季学期,4,专业必修课,3.5,1,12,高敏华,美术楼215,100,MUSI0031122021;MUSI0031112015
MUSI0031142032,01,作曲基础实践,音乐学院,春季学期,4,专业必修课,2,1,12,梁璐悦,设计楼326,90,
MUSI0031142032,03,作曲基础实践,音乐学院,春季学期,4,专业必修课,2,1,12,谢悦然,设计楼122,80,
MUSI0031162007,03,合唱与指挥实验,音乐学院,春季学期,6,专业选修课,2,9,8,黄峰楠,音乐楼416,80,MUSI0031112004
MUSI0031182022,01,中国音乐史实验,音乐学院,春季学期,8,专业选修课,3,1,12,王然静,设计楼105,40,MUSI0031152018;MUSI0031122020
MUSI0031182022,02,中国音乐史实验,音乐学院,春季学期,8,专业选修课,3,1,12,胡楠磊,音乐楼520,30,MUSI0031152018;MUSI0031122020
MUSI0031182022,04,中国音乐史实验,音乐学院,春季学期,8,专业选修课,3,1,12,孙华明,音乐楼405,30,MUSI0031152018;MUSI0031122020
MUSI0031182022,05,中国音乐史实验,音乐学院,春季学期,8,专业选修课,3,1,12,陈敏华,音乐楼507,40,MUSI0031152018;MUSI0031122020
MUSI0031182026,03,钢琴基础实验,音乐学院,春季学期,8,专业选修课,2.5,1,16,宋琪博,美术楼317,60,
MARX0031122006,01,政治经济学,马克思主义学院,春季学期,2,学科基础课,3,1,16,吴琳雯,法商楼105,65,
MARX0031122006,02,政治经济学,马克思主义学院,春季学期,2,学科基础课,3,1,16,赵明宇,法商楼402,35,
MARX0031122006,03,政治经济学,马克思主义学院,春季学期,2,学科基础课,3,1,16,高杰佳,社科楼114,45,
MARX0031122008,01,社会思潮研究,马克思主义学院,春季学期,2,学科基础课,4,1,14,周璐琳,传播楼423,60,
MARX0031122008,02,社会思潮研究,马克思主义学院,春季学期,2,学科基础课,4,1,14,赵博峰,法商楼226,40,
MARX0031122008,03,社会思潮研究,马克思主义学院,春季学期,2,学科基础课,4,1,14,徐楠欣,传播楼503,40,
MARX0031122010,01,马克思主义发展史实验,马克思主义学院,春季学期,2,专业必修课,2,3,12,郭佳明,法商楼112,30,
MARX0031142014,02,中国共产党历史案例研究,马克思主义学院,春季学期,4,专业必修课,3,5,10,朱悦璐,传播楼123,30,HIST0031122002
MARX0031142014,03,中国共产党历史案例研究,马克思主义学院,春季学期,4,专业必修课,3,5,10,刘悦璐,法商楼317,30,HIST0031122002
MARX0031162002,01,思想政治课程与教学论实验,马克思主义学院,春季学期,6,专业选修课,3,3,12,梁睿华,公管楼130,100,SOCI0031132001
MARX0031162007,02,毛泽东思想和中国特色社会主义理论体系概论实验,马克思主义学院,春季学期,6,专业必修课,3,1,14,郭佳明,公管楼229,100,HIST0031122002
MARX0031162007,03,毛泽东思想和中国特色社会主义理论体系概论实验,马克思主义学院,春季学期,6,专业必修课,3,1,14,高洋洁,传播楼413,110,HIST0031122002
MARX0031162007,04,毛泽东思想和中国特色社会主义理论体系概论实验,马克思主义学院,春季学期,6,专业必修课,3,1,14,徐宁悦,法商楼318,110,HIST0031122002
MARX0031162007,05,毛泽东思想和中国特色社会主义理论体系概论实验,马克思主义学院,春季学期,6,专业必修课,3,1,14,张明宇,传播楼120,100,HIST0031122002
CHIN0031122005,01,语文课程与教学论案例研究,中国语言文学系,春季学期,2,学科基础课,2,5,10,宋宇然,中文楼523,30,
CHIN0031122005,04,语文课程与教学论案例研究,中国语言文学系,春季学期,2,学科基础课,2,5,10,赵睿欣,外语楼405,30,
CHIN0031122019,01,中国现当代文学实践,中国语言文学系,春季学期,2,学科基础课,2,1,16,郭悦明,文史楼404,80,
CHIN0031122019,03,中国现当代文学实践,中国语言文学系,春季学期,2,学科基础课,2,1,16,何宁静,中文楼325,70,
CHIN0031122019,04,中国现当代文学实践,中国语言文学系,春季学期,2,学科基础课,2,1,16,刘欣敏,外语楼209,70,
CHIN0031122028,01,古代汉语课程设计,中国语言文学系,春季学期,2,专业必修课,2,1,14,周敏晨,外语楼425,100,
CHIN0031122028,02,古代汉语课程设计,中国语言文学系,春季学期,2,专业必修课,2,1,14,梁楠琪,文史楼320,90,
CHIN0031122028,03,古代汉语课程设计,中国语言文学系,春季学期,2,专业必修课,2,1,14,郭悦明,中文楼503,90,
CHIN0031122036,01,外国文学案例研究,中国语言文学系,春季学期,2,专业必修课,3,3,12,徐睿欣,外语楼110,30,
CHIN0031122036,02,外国文学案例研究,中国语言文学系,春季学期,2,专业必修课,3,3,12,刘悦明,人文楼428,50,
CHIN0031122036,03,外国文学案例研究,中国语言文学系,春季学期,2,专业必修课,3,3,12,张博悦,人文楼323,50,
CHIN0031142012,01,中国古代文学实验,中国语言文学系,春季学期,4,专业必修课,2,1,12,马昕琳,文史楼115,40,POLI0031132002
CHIN0031142012,02,中国古代文学实验,中国语言文学系,春季学期,4,专业必修课,2,1,12,郭欣敏,中文楼324,40,POLI0031132002
CHIN0031142012,03,中国古代文学实验,中国语言文学系,春季学期,4,专业必修课,2,1,12,孙磊宁,中文楼108,60,POLI0031132002
CHIN0031142017,01,中国文学批评史,中国语言文学系,春季学期,4,专业必修课,3,5,10,何博悦,人文楼211,55,CHIN0031122015;HIST0031122003
CHIN0031142017,02,中国文学批评史,中国语言文学系,春季学期,4,专业必修课,3,5,10,马璐磊,文史楼520,45,CHIN0031122015;HIST0031122003
CHIN0031142024,01,儿童文学课程设计,中国语言文学系,春季学期,4,专业必修课,2,1,14,杨峰杰,中文楼427,50,HIST0031132016
CHIN0031142024,02,儿童文学课程设计,中国语言文学系,春季学期,4,专业必修课,2,1,14,郑然峰,文史楼406,60,HIST0031132016
CHIN0031142024,03,儿童文学课程设计,中国语言文学系,春季学期,4,专业必修课,2,1,14,刘晨楠,外语楼314,70,HIST0031132016
CHIN0031142024,04,儿童文学课程设计,中国语言文学系,春季学期,4,专业必修课,2,1,14,徐洋佳,文史楼320,70,HIST0031132016
CHIN0031142025,01,中国现当代文学专题,中国语言文学系,春季学期,4,专业选修课,3,5,10,高楠琪,人文楼327,45,
CHIN0031142035,01,语言学概论实验,中国语言文学系,春季学期,4,专业选修课,1.5,1,12,刘晨楠,中文楼429,110,
CHIN0031142035,02,语言学概论实验,中国语言文学系,春季学期,4,专业选修课,1.5,1,12,高杰伟,文史楼101,100,
CHIN0031142037,01,现代汉语案例研究,中国语言文学系,春季学期,4,专业选修课,1,1,12,杨峰杰,中文楼519,100,CHIN0031122036
CHIN0031142037,02,现代汉语案例研究,中国语言文学系,春季学期,4,专业选修课,1,1,12,王楠琪,人文楼116,120,CHIN0031122036
CHIN0031142037,03,现代汉语案例研究,中国语言文学系,春季学期,4,专业选修课,1,1,12,陈洋佳,文史楼522,100,CHIN0031122036
CHIN0031162008,01,汉字学实验,中国语言文学系,春季学期,6,专业选修课,1.5,3,8,高昕琳,中文楼104,120,POLI0031152007
CHIN0031162008,02,汉字学实验,中国语言文学系,春季学期,6,专业选修课,1.5,3,8,林琪睿,人文楼329,110,POLI0031152007
CHIN0031162008,03,汉字学实验,中国语言文学系,春季学期,6,专业选修课,1.5,3,8,王洋佳,外语楼401,110,POLI0031152007
CHIN0031162020,01,文学概论,中国语言文学系,春季学期,6,专业选修课,2,1,14,郑芳宇,外语楼515,20,CHIN0031132016
CHIN0031182003,01,古代汉语案例研究,中国语言文学系,春季学期,8,专业选修课,1.5,3,8,何明华,人文楼320,90,POLI0031152007
CHIN0031182003,02,古代汉语案例研究,中国语言文学系,春季学期,8,专业选修课,1.5,3,8,李宇然,外语楼509,110,POLI0031152007
CHIN0031182004,01,中国现当代文学实验,中国语言文学系,春季学期,8,专业必修课,3,1,18,张芳宇,外语楼327,55,CHIN0031152002
CHIN0031182004,03,中国现当代文学实验,中国语言文学系,春季学期,8,专业必修课,3,1,18,罗华雯,中文楼313,35,CHIN0031152002
CHIN0031182032,01,语文课程与教学论实验,中国语言文学系,春季学期,8,专业选修课,2,5,10,林静昕,文史楼526,110,PHIL0031142003
AINT0031122006,01,智能规划实验,人工智能学院,春季学期,2,学科基础课,2,1,12,吴佳睿,理科楼126,50,
AINT0031122006,02,智能规划实验,人工智能学院,春季学期,2,学科基础课,2,1,12,胡洋晨,理科楼514,60,
AINT0031122006,03,智能规划实验,人工智能学院,春季学期,2,学科基础课,2,1,12,梁敏华,理科楼529,70,
AINT0031142005,01,生成式人工智能课程设计,人工智能学院,春季学期,4,专业必修课,2,3,12,罗悦然,实验楼122,120,COMS0031121004;COMS0031131013
AINT0031142008,01,强化学习实践,人工智能学院,春季学期,4,专业必修课,2,3,12,宋峰楠,信息楼519,100,COMS0031131013;COMS0031121009
AINT0031142008,02,强化学习实践,人工智能学院,春季学期,4,专业必修课,2,3,12,谢宇杰,综合楼502,80,COMS0031131013;COMS0031121009
AINT0031142011,01,强化学习专题,人工智能学院,春季学期,4,专业选修课,3,1,12,李洁敏,理科楼506,90,AINT0031132010
AINT0031142011,02,强化学习专题,人工智能学院,春季学期,4,专业选修课,3,1,12,刘琪博,综合楼310,80,AINT0031132010
AINT0031162002,01,机器学习,人工智能学院,春季学期,6,专业必修课,3.5,1,12,李悦然,信息楼111,110,COMS0031121004
AINT0031162002,02,机器学习,人工智能学院,春季学期,6,专业必修课,3.5,1,12,梁璐悦,理科楼105,100,COMS0031121004
AINT0031162014,01,AI安全与伦理课程设计,人工智能学院,春季学期,6,专业选修课,2.5,1,14,周宁佳,理科楼127,20,
AINT0031182012,01,AI安全与伦理专题,人工智能学院,春季学期,8,专业必修课,3.5,1,14,郑楠磊,信息楼329,90,
AINT0031182012,04,AI安全与伦理专题,人工智能学院,春季学期,8,专业必修课,3.5,1,14,陈明琪,信息楼210,80,
AINT0031182018,01,AI安全与伦理案例研究,人工智能学院,春季学期,8,专业选修课,2,1,14,郭伟璐,实验楼104,40,
AINT0031182022,01,模式识别案例研究,人工智能学院,春季学期,8,专业选修课,1.5,1,12,孙华明,综合楼506,70,AINT0031162019
COMS0031131042,03,人工智能,人工智能学院,春季学期,4,专业必修课,3,3,12,何杰宇,理科楼108,100,COMS0031121009;STAT0031121004
COMM0031122001,02,广告学实验,传播学院,春季学期,2,学科基础课,2,5,10,梁明晨,传播楼310,110,
COMM0031122001,03,广告学实验,传播学院,春季学期,2,学科基础课,2,5,10,陈雯悦,社科楼412,120,
COMM0031122001,04,广告学实验,传播学院,春季学期,2,学科基础课,2,5,10,朱华昕,法商楼209,120,
COMM0031122013,01,传播学概论实践,传播学院,春季学期,2,学科基础课,1.5,1,12,胡昕欣,传播楼322,90,
COMM0031122013,02,传播学概论实践,传播学院,春季学期,2,学科基础课,1.5,1,12,李佳璐,法商楼219,120,
COMM0031122013,03,传播学概论实践,传播学院,春季学期,2,学科基础课,1.5,1,12,刘华昕,传播楼407,90,
COMM0031122013,04,传播学概论实践,传播学院,春季学期,2,学科基础课,1.5,1,12,孙欣博,公管楼430,90,
COMM0031122024,01,广告学实践,传播学院,春季学期,2,学科基础课,2,1,14,王雯悦,法商楼522,45,
COMM0031122024,02,广告学实践,传播学院,春季学期,2,学科基础课,2,1,14,孙悦雯,公管楼519,45,
COMM0031122024,04,广告学实践,传播学院,春季学期,2,学科基础课,2,1,14,李欣博,公管楼411,45,
COMM0031122030,01,纪录片创作案例研究,传播学院,春季学期,2,学科基础课,2,1,12,郑洋静,公管楼212,100,
COMM0031122030,02,纪录片创作案例研究,传播学院,春季学期,2,学科基础课,2,1,12,何然琳,法商楼123,120,
COMM0031122030,03,纪录片创作案例研究,传播学院,春季学期,2,学科基础课,2,1,12,李磊楠,法商楼306,110,
COMM0031122030,04,纪录片创作案例研究,传播学院,春季学期,2,学科基础课,2,1,12,林佳璐,法商楼228,120,
COMM0031122030,05,纪录片创作案例研究,传播学院,春季学期,2,学科基础课,2,1,12,陈楠华,法商楼106,100,
COMM0031122030,06,纪录片创作案例研究,传播学院,春季学期,2,学科基础课,2,1,12,孙悦雯,传播楼411,90,
COMM0031142004,01,新媒体传播实验,传播学院,春季学期,4,专业选修课,1.5,5,8,梁明晨,公管楼226,50,COMM0031122001;SOCI0031112002
COMM0031142004,02,新媒体传播实验,传播学院,春季学期,4,专业选修课,1.5,5,8,谢华昕,传播楼214,60,COMM0031122001;SOCI0031112002
COMM0031142007,01,公共关系学实验,传播学院,春季学期,4,专业必修课,2.5,5,10,宋晨杰,公管楼330,45,
COMM0031142007,02,公共关系学实验,传播学院,春季学期,4,专业必修课,2.5,5,10,王宁峰,法商楼515,35,
COMM0031162006,01,网络舆情分析专题,传播学院,春季学期,6,专业选修课,2.5,9,8,林宇明,传播楼202,40,SOCI0031132001
COMM0031162006,02,网络舆情分析专题,传播学院,春季学期,6,专业选修课,2.5,9,8,郑杰洁,公管楼304,40,SOCI0031132001
COMM0031162008,01,影视作品分析课程设计,传播学院,春季学期,6,专业选修课,1,5,8,张然琳,传播楼104,45,POLI0031142001;COMM0031112002
COMM0031162008,02,影视作品分析课程设计,传播学院,春季学期,6,专业选修课,1,5,8,杨琪洋,传播楼410,45,POLI0031142001;COMM0031112002
COMM0031162012,01,数据新闻实践,传播学院,春季学期,6,专业选修课,2,9,8,黄琳芳,法商楼107,80,
COMM0031162012,02,数据新闻实践,传播学院,春季学期,6,专业选修课,2,9,8,杨宇明,法商楼207,80,
COMM0031182005,01,广播电视概论实践,传播学院,春季学期,8,专业必修课,2.5,1,12,高宁峰,公管楼215,90,POLI0031142001
COMM0031182005,02,广播电视概论实践,传播学院,春季学期,8,专业必修课,2.5,1,12,张璐琪,传播楼429,70,POLI0031142001
COMM0031182005,03,广播电视概论实践,传播学院,春季学期,8,专业必修课,2.5,1,12,王睿宇,传播楼319,80,POLI0031142001
COMM0031182011,01,广播电视概论专题,传播学院,春季学期,8,专业选修课,2.5,9,8,吴伟宁,公管楼201,40,
COMM0031182015,01,媒介经营管理案例研究,传播学院,春季学期,8,专业选修课,2,1,16,何芳伟,社科楼106,130,SOCI0031152010
SPRT0031122003,01,体操案例研究,体育与健康学院,春季学期,2,学科基础课,2,1,16,杨磊博,音乐楼511,70,
SPRT0031122003,03,体操案例研究,体育与健康学院,春季学期,2,学科基础课,2,1,16,张敏洁,音乐楼217,70,
SPRT0031122011,01,运动生理学实践,体育与健康学院,春季学期,2,学科基础课,2,1,14,黄洁然,美术楼515,40,
SPRT0031122011,02,运动生理学实践,体育与健康学院,春季学期,2,学科基础课,2,1,14,徐博琳,设计楼424,50,
SPRT0031122011,03,运动生理学实践,体育与健康学院,春季学期,2,学科基础课,2,1,14,徐明伟,美术楼418,30,
SPRT0031122018,01,排球实践,体育与健康学院,春季学期,2,学科基础课,1.5,1,10,梁芳佳,音乐楼103,45,
SPRT0031122018,02,排球实践,体育与健康学院,春季学期,2,学科基础课,1.5,1,10,赵芳佳,设计楼118,55,
SPRT0031122018,03,排球实践,体育与健康学院,春季学期,2,学科基础课,1.5,1,10,王明伟,设计楼224,55,
SPRT0031122018,04,排球实践,体育与健康学院,春季学期,2,学科基础课,1.5,1,10,马昕华,美术楼121,35,
SPRT0031122018,05,排球实践,体育与健康学院,春季学期,2,学科基础课,1.5,1,10,朱峰洋,设计楼422,65,
SPRT0031122019,03,运动解剖学实践,体育与健康学院,春季学期,2,学科基础课,2.5,1,14,赵然琪,美术楼428,20,
SPRT0031122019,04,运动解剖学实践,体育与健康学院,春季学期,2,学科基础课,2.5,1,14,林静楠,美术楼429,50,
SPRT0031142002,01,田径实践,体育与健康学院,春季学期,4,专业必修课,1.5,1,8,胡杰静,设计楼503,70,
SPRT0031142002,02,田径实践,体育与健康学院,春季学期,4,专业必修课,1.5,1,8,罗琪明,音乐楼322,80,
SPRT0031142004,01,学校体育学,体育与健康学院,春季学期,4,专业必修课,2,9,8,高雯峰,美术楼508,30,SPRT0031122003
SPRT0031142004,02,学校体育学,体育与健康学院,春季学期,4,专业必修课,2,9,8,孙磊博,音乐楼212,30,SPRT0031122003
SPRT0031142004,03,学校体育学,体育与健康学院,春季学期,4,专业必修课,2,9,8,吴峰洋,音乐楼419,20,SPRT0031122003
SPRT0031142004,04,学校体育学,体育与健康学院,春季学期,4,专业必修课,2,9,8,宋欣杰,设计楼215,30,SPRT0031122003
SPRT0031142004,05,学校体育学,体育与健康学院,春季学期,4,专业必修课,2,9,8,何芳佳,设计楼128,30,SPRT0031122003
SPRT0031162007,02,武术专题,体育与健康学院,春季学期,6,专业选修课,2,5,10,宋欣杰,美术楼109,110,SPRT0031142004
SPRT0031162013,01,体育心理学实践,体育与健康学院,春季学期,6,专业必修课,1.5,1,10,孙悦芳,设计楼208,80,SPRT0031132008;SPRT0031122003
SPRT0031162013,02,体育心理学实践,体育与健康学院,春季学期,6,专业必修课,1.5,1,10,吴伟敏,美术楼129,80,SPRT0031132008;SPRT0031122003
SPRT0031162013,03,体育心理学实践,体育与健康学院,春季学期,6,专业必修课,1.5,1,10,胡杰静,美术楼206,80,SPRT0031132008;SPRT0031122003
SPRT0031162013,04,体育心理学实践,体育与健康学院,春季学期,6,专业必修课,1.5,1,10,宋佳雯,美术楼517,100,SPRT0031132008;SPRT0031122003
SPRT0031162013,05,体育心理学实践,体育与健康学院,春季学期,6,专业必修课,1.5,1,10,罗琪明,音乐楼302,80,SPRT0031132008;SPRT0031122003
SPRT0031162023,01,学校体育学专题,体育与健康学院,春季学期,6,专业选修课,2,1,16,吴琪明,设计楼229,30,SPRT0031122019;SPRT0031142002
SPRT0031162023,02,学校体育学专题,体育与健康学院,春季学期,6,专业选修课,2,1,16,罗宇璐,音乐楼529,30,SPRT0031122019;SPRT0031142002
SPRT0031182001,02,体操实验,体育与健康学院,春季学期,8,专业选修课,2,9,8,马楠宇,美术楼422,100,
SPRT0031182001,03,体操实验,体育与健康学院,春季学期,8,专业选修课,2,9,8,何芳佳,设计楼326,110,
SPRT0031182016,01,体育课程与教学论案例研究,体育与健康学院,春季学期,8,专业必修课,3,1,18,王雯峰,音乐楼501,120,SPRT0031142004
LIBR0031122001,01,信息组织实验,信息管理系,春季学期,2,学科基础课,2,1,16,徐明磊,社科楼421,130,
LIBR0031122001,02,信息组织实验,信息管理系,春季学期,2,学科基础课,2,1,16,胡昕静,传播楼326,120,
LIBR0031122001,03,信息组织实验,信息管理系,春季学期,2,学科基础课,2,1,16,高睿峰,社科楼511,110,
LIBR0031122001,04,信息组织实验,信息管理系,春季学期,2,学科基础课,2,1,16,陈睿峰,传播楼404,110,
LIBR0031142006,01,信息用户研究,信息管理系,春季学期,4,专业必修课,2,3,12,高宁晨,传播楼407,100,LIBR0031132002;LIBR0031122001
LIBR0031142006,02,信息用户研究,信息管理系,春季学期,4,专业必修课,2,3,12,宋悦杰,传播楼211,90,LIBR0031132002;LIBR0031122001
LIBR0031142006,03,信息用户研究,信息管理系,春季学期,4,专业必修课,2,3,12,赵明磊,社科楼503,90,LIBR0031132002;LIBR0031122001
LIBR0031142006,04,信息用户研究,信息管理系,春季学期,4,专业必修课,2,3,12,郭晨芳,法商楼513,120,LIBR0031132002;LIBR0031122001
LIBR0031162005,01,信息检索语言案例研究,信息管理系,春季学期,6,专业选修课,1,1,10,罗宇楠,法商楼306,40,
LIBR0031162011,01,知识服务实验,信息管理系,春季学期,6,专业选修课,2.5,1,16,马楠悦,法商楼204,60,LIBR0031152008
LIBR0031162011,02,知识服务实验,信息管理系,春季学期,6,专业选修课,2.5,1,16,张然佳,公管楼525,60,LIBR0031152008
LIBR0031162014,01,学术出版与传播实验,信息管理系,春季学期,6,专业必修课,2.5,5,10,周洋华,公管楼228,120,LIBR0031152008
LIBR0031162014,02,学术出版与传播实验,信息管理系,春季学期,6,专业必修课,2.5,5,10,高雯宇,公管楼420,120,LIBR0031152008
LIBR0031162014,04,学术出版与传播实验,信息管理系,春季学期,6,专业必修课,2.5,5,10,王明磊,法商楼418,110,LIBR0031152008
LIBR0031162019,01,信息政策与法规课程设计,信息管理系,春季学期,6,专业选修课,2,3,12,朱洁昕,传播楼405,130,
LIBR0031162019,02,信息政策与法规课程设计,信息管理系,春季学期,6,专业选修课,2,3,12,林静明,传播楼330,140,
PUBA0031122004,01,公共部门人力资源管理,公共管理学院,春季学期,2,专业必修课,3,5,10,何璐峰,法商楼323,120,
PUBA0031122015,01,社会保障概论实践,公共管理学院,春季学期,2,学科基础课,2,1,12,朱琪杰,社科楼527,30,
PUBA0031122015,02,社会保障概论实践,公共管理学院,春季学期,2,学科基础课,2,1,12,王宁洁,传播楼202,30,
PUBA0031122015,03,社会保障概论实践,公共管理学院,春季学期,2,学科基础课,2,1,12,黄洁楠,传播楼211,40,
PUBA0031122015,04,社会保障概论实践,公共管理学院,春季学期,2,学科基础课,2,1,12,孙欣宁,传播楼121,50,
PUBA0031122019,03,公共经济学专题,公共管理学院,春季学期,2,学科基础课,3,1,16,谢宇睿,法商楼307,120,
PUBA0031122019,04,公共经济学专题,公共管理学院,春季学期,2,学科基础课,3,1,16,徐明欣,法商楼504,140,
PUBA0031162007,01,公共管理学实验,公共管理学院,春季学期,6,专业选修课,2,3,12,杨欣宁,传播楼422,50,PUBA0031122001
PUBA0031162011,01,公共管理学专题,公共管理学院,春季学期,6,专业必修课,2,3,12,孙琳明,法商楼127,90,PUBA0031112009
PUBA0031162011,02,公共管理学专题,公共管理学院,春季学期,6,专业必修课,2,3,12,王明欣,社科楼419,110,PUBA0031112009
PUBA0031162011,03,公共管理学专题,公共管理学院,春季学期,6,专业必修课,2,3,12,谢宇睿,公管楼318,110,PUBA0031112009
PUBA0031162013,01,城市管理实验,公共管理学院,春季学期,6,专业必修课,2,5,10,胡洋伟,公管楼306,100,PUBA0031112003
PUBA0031162013,02,城市管理实验,公共管理学院,春季学期,6,专业必修课,2,5,10,高睿琪,社科楼412,90,PUBA0031112003
PUBA0031162013,03,城市管理实验,公共管理学院,春季学期,6,专业必修课,2,5,10,马楠琳,社科楼110,70,PUBA0031112003
PUBA0031162013,04,城市管理实验,公共管理学院,春季学期,6,专业必修课,2,5,10,黄华璐,法商楼207,90,PUBA0031112003
CHEM0031142021,01,有机化学案例研究,化学与分子工程学院,春季学期,4,专业选修课,1.5,1,12,胡璐欣,理科楼327,60,CHEM0031132018
CHEM0031142021,02,有机化学案例研究,化学与分子工程学院,春季学期,4,专业选修课,1.5,1,12,赵明伟,理科楼124,70,CHEM0031132018
CHEM0031142022,01,材料化学实践,化学与分子工程学院,春季学期,4,专业必修课,2,1,12,郑杰静,综合楼208,50,CHEM0031132006;CHEM0031122003
CHEM0031142022,02,材料化学实践,化学与分子工程学院,春季学期,4,专业必修课,2,1,12,谢伟敏,理科楼114,50,CHEM0031132006;CHEM0031122003
CHEM0031142022,03,材料化学实践,化学与分子工程学院,春季学期,4,专业必修课,2,1,12,罗静楠,信息楼315,20,CHEM0031132006;CHEM0031122003
CHEM0031142029,01,食品化学实验,化学与分子工程学院,春季学期,4,专业选修课,2.5,1,16,孙佳雯,实验楼404,70,CHEM0031132002
CHEM0031142029,02,食品化学实验,化学与分子工程学院,春季学期,4,专业选修课,2.5,1,16,吴峰洋,综合楼504,50,CHEM0031132002
CHEM0031162007,01,结构化学实践,化学与分子工程学院,春季学期,6,专业必修课,2.5,1,16,徐博琳,理科楼412,80,
CHEM0031162017,01,化学实验基础案例研究,化学与分子工程学院,春季学期,6,专业选修课,1.5,1,12,郭悦芳,综合楼115,100,CHEM0031142011
CHEM0031182009,01,无机化学专题,化学与分子工程学院,春季学期,8,专业选修课,1.5,1,10,周昕华,综合楼126,65,CHEM0031122003;CHEM0031132002
CHEM0031182009,02,无机化学专题,化学与分子工程学院,春季学期,8,专业选修课,1.5,1,10,王明伟,综合楼323,45,CHEM0031122003;CHEM0031132002
CHEM0031182009,03,无机化学专题,化学与分子工程学院,春季学期,8,专业选修课,1.5,1,10,罗静楠,综合楼516,45,CHEM0031122003;CHEM0031132002
CHEM0031182020,01,分析化学实践,化学与分子工程学院,春季学期,8,专业选修课,2.5,9,8,李宇璐,综合楼311,80,CHEM0031132006
CHEM0031182020,02,分析化学实践,化学与分子工程学院,春季学期,8,专业选修课,2.5,9,8,郑杰静,信息楼309,80,CHEM0031132006
CHEM0031182023,02,材料化学,化学与分子工程学院,春季学期,8,专业必修课,3.5,1,14,徐博琳,综合楼203,50,
HIST0031122002,01,历史文献学,历史学系,春季学期,2,学科基础课,2,1,14,高芳晨,文史楼114,30,
HIST0031122002,02,历史文献学,历史学系,春季学期,2,学科基础课,2,1,14,周明宇,人文楼203,60,
HIST0031122002,03,历史文献学,历史学系,春季学期,2,学科基础课,2,1,14,胡楠欣,中文楼403,60,
HIST0031122002,05,历史文献学,历史学系,春季学期,2,学科基础课,2,1,14,张洋洁,文史楼428,40,
HIST0031122017,02,历史文献学实验,历史学系,春季学期,2,学科基础课,2,1,14,高璐琳,外语楼211,80,
HIST0031122017,03,历史文献学实验,历史学系,春季学期,2,学科基础课,2,1,14,朱静宁,人文楼125,60,
HIST0031122017,06,历史文献学实验,历史学系,春季学期,2,学科基础课,2,1,14,赵杰佳,中文楼429,60,
HIST0031122019,03,世界古代史,历史学系,春季学期,2,学科基础课,3,1,14,周博峰,文史楼425,50,
HIST0031122031,04,世界近现代史课程设计,历史学系,春季学期,2,专业必修课,3,1,12,吴晨博,中文楼421,30,
HIST0031142005,01,历史课程与教学论案例研究,历史学系,春季学期,4,专业选修课,1,3,8,谢磊敏,人文楼420,50,SOCI0031112002
HIST0031142005,02,历史课程与教学论案例研究,历史学系,春季学期,4,专业选修课,1,3,8,徐杰佳,人文楼303,60,SOCI0031112002
HIST0031142008,01,考古学通论实践,历史学系,春季学期,4,专业选修课,2,9,8,罗琳雯,外语楼116,100,
HIST0031142020,01,中国近现代史案例研究,历史学系,春季学期,4,专业选修课,1,3,8,徐敏伟,外语楼312,90,CHIN0031122005
HIST0031142020,02,中国近现代史案例研究,历史学系,春季学期,4,专业选修课,1,3,8,马明宇,人文楼407,80,CHIN0031122005
HIST0031142020,03,中国近现代史案例研究,历史学系,春季学期,4,专业选修课,1,3,8,高然磊,外语楼505,100,CHIN0031122005
HIST0031142021,01,口述史方法专题,历史学系,春季学期,4,专业必修课,3,5,10,刘静宁,外语楼417,40,HIST0031132016
HIST0031142021,03,口述史方法专题,历史学系,春季学期,4,专业必修课,3,5,10,罗琳雯,人文楼122,30,HIST0031132016
HIST0031162010,02,区域社会史专题,历史学系,春季学期,6,专业必修课,3.5,1,16,李洁杰,外语楼109,50,POLI0031152003;POLI0031132004
HIST0031162027,01,区域社会史课程设计,历史学系,春季学期,6,专业选修课,1,1,12,陈博峰,中文楼424,45,POLI0031122016
HIST0031162027,02,区域社会史课程设计,历史学系,春季学期,6,专业选修课,1,1,12,林华芳,外语楼203,45,POLI0031122016
CLAS0031122015,01,西方古典艺术实践,古典文明研究中心,春季学期,2,学科基础课,1.5,9,8,林欣宁,人文楼403,30,
CLAS0031122015,02,西方古典艺术实践,古典文明研究中心,春季学期,2,学科基础课,1.5,9,8,陈宁洁,文史楼126,30,
CLAS0031122015,03,西方古典艺术实践,古典文明研究中心,春季学期,2,学科基础课,1.5,9,8,杨磊昕,文史楼105,30,
CLAS0031122015,04,西方古典艺术实践,古典文明研究中心,春季学期,2,学科基础课,1.5,9,8,林欣宁,中文楼425,30,
CLAS0031122015,05,西方古典艺术实践,古典文明研究中心,春季学期,2,学科基础课,1.5,9,8,周楠琳,人文楼416,40,
CLAS0031122016,01,古代地中海史,古典文明研究中心,春季学期,2,学科基础课,3,1,12,吴宇睿,文史楼513,40,
CLAS0031122016,02,古代地中海史,古典文明研究中心,春季学期,2,学科基础课,3,1,12,刘琪杰,人文楼506,60,
CLAS0031122016,03,古代地中海史,古典文明研究中心,春季学期,2,学科基础课,3,1,12,谢静芳,文史楼519,60,
CLAS0031122016,05,古代地中海史,古典文明研究中心,春季学期,2,学科基础课,3,1,12,朱琪杰,人文楼318,50,
CLAS0031142002,01,文明比较研究专题,古典文明研究中心,春季学期,4,专业选修课,1.5,1,8,杨欣宁,中文楼513,80,
CLAS0031142004,01,拉丁语基础,古典文明研究中心,春季学期,4,专业必修课,2,9,8,胡楠琳,外语楼217,120,
CLAS0031142004,03,拉丁语基础,古典文明研究中心,春季学期,4,专业必修课,2,9,8,高博静,中文楼123,120,
CLAS0031142007,01,古代地中海史专题,古典文明研究中心,春季学期,4,专业必修课,2,3,12,刘伟雯,中文楼524,70,CLAS0031132006
CLAS0031142007,02,古代地中海史专题,古典文明研究中心,春季学期,4,专业必修课,2,3,12,何敏宇,文史楼403,80,CLAS0031132006
CLAS0031142007,03,古代地中海史专题,古典文明研究中心,春季学期,4,专业必修课,2,3,12,王明欣,中文楼319,100,CLAS0031132006
CLAS0031142010,02,希腊语基础课程设计,古典文明研究中心,春季学期,4,专业必修课,3,1,12,王然悦,文史楼120,100,CLAS0031132006
CLAS0031142010,03,希腊语基础课程设计,古典文明研究中心,春季学期,4,专业必修课,3,1,12,郑楠琳,中文楼402,90,CLAS0031132006
CLAS0031162018,01,神话与史诗课程设计,古典文明研究中心,春季学期,6,专业选修课,2,3,12,高博静,外语楼205,45,CLAS0031122015
CLAS0031162022,01,文明比较研究实验,古典文明研究中心,春季学期,6,专业必修课,3,1,12,王芳华,外语楼515,20,CLAS0031132006
CLAS0031162027,02,文明比较研究,古典文明研究中心,春季学期,6,专业选修课,2,3,12,陈睿琪,中文楼319,20,CLAS0031122015;CLAS0031132017
CLAS0031182005,01,古代地中海史实验,古典文明研究中心,春季学期,8,专业选修课,2.5,1,14,赵然悦,中文楼102,30,CLAS0031142004
CLAS0031182013,01,古罗马文明实践,古典文明研究中心,春季学期,8,专业必修课,1.5,1,8,胡楠琳,中文楼303,140,CLAS0031142010;CLAS0031152008
CLAS0031182013,02,古罗马文明实践,古典文明研究中心,春季学期,8,专业必修课,1.5,1,8,胡楠琳,外语楼212,140,CLAS0031142010;CLAS0031152008
CLAS0031182013,03,古罗马文明实践,古典文明研究中心,春季学期,8,专业必修课,1.5,1,8,张洋伟,文史楼413,140,CLAS0031142010;CLAS0031152008
CLAS0031182023,01,希腊语基础实践,古典文明研究中心,春季学期,8,专业选修课,2,1,16,李欣宁,人文楼529,45,CLAS0031122016
CLAS0031182024,01,古典文献导读,古典文明研究中心,春季学期,8,专业选修课,1.5,1,12,黄华璐,文史楼107,130,CLAS0031122015
CLAS0031182024,02,古典文献导读,古典文明研究中心,春季学期,8,专业选修课,1.5,1,12,马雯佳,外语楼222,120,CLAS0031122015
CLAS0031182025,01,古罗马文明专题,古典文明研究中心,春季学期,8,专业选修课,2.5,5,10,孙琳明,文史楼221,40,CLAS0031152009;CLAS0031172020
CLAS0031182025,02,古罗马文明专题,古典文明研究中心,春季学期,8,专业选修课,2.5,5,10,张昕磊,外语楼326,30,CLAS0031152009;CLAS0031172020
PHIL0031122022,05,知识论课程设计,哲学系,春季学期,2,学科基础课,3,1,18,刘欣敏,外语楼429,60,
PHIL0031122025,01,马克思主义哲学原理实验,哲学系,春季学期,2,学科基础课,1.5,9,8,李琪睿,中文楼103,40,
PHIL0031122025,02,马克思主义哲学原理实验,哲学系,春季学期,2,学科基础课,1.5,9,8,胡宁静,外语楼314,30,
PHIL0031122025,03,马克思主义哲学原理实验,哲学系,春季学期,2,学科基础课,1.5,9,8,黄磊宁,文史楼425,20,
PHIL0031122025,04,马克思主义哲学原理实验,哲学系,春季学期,2,学科基础课,1.5,9,8,马然峰,人文楼123,20,
PHIL0031142024,01,逻辑学实践,哲学系,春季学期,4,专业必修课,2,1,14,林伟芳,外语楼503,100,SOCI0031132011
PHIL0031142024,02,逻辑学实践,哲学系,春季学期,4,专业必修课,2,1,14,张雯洁,人文楼515,70,SOCI0031132011
PHIL0031142024,03,逻辑学实践,哲学系,春季学期,4,专业必修课,2,1,14,梁昕琳,文史楼230,100,SOCI0031132011
PHIL0031142028,03,现代西方哲学,哲学系,春季学期,4,专业必修课,2,1,12,朱欣敏,中文楼524,140,CHIN0031132023
PHIL0031162002,01,马克思主义哲学原理实践,哲学系,春季学期,6,专业必修课,2.5,1,14,胡睿欣,外语楼104,20,POLI0031132005
PHIL0031162002,02,马克思主义哲学原理实践,哲学系,春季学期,6,专业必修课,2.5,1,14,胡睿欣,中文楼101,30,POLI0031132005
PHIL0031162006,01,伦理学,哲学系,春季学期,6,专业选修课,3,1,14,郑宁静,文史楼109,50,PHIL0031142003
PHIL0031162006,02,伦理学,哲学系,春季学期,6,专业选修课,3,1,14,林华雯,中文楼413,80,PHIL0031142003
PHIL0031162009,01,逻辑学,哲学系,春季学期,6,专业选修课,2,9,8,何宁静,人文楼210,140,PHIL0031142003
PHIL0031162009,02,逻辑学,哲学系,春季学期,6,专业选修课,2,9,8,赵雯洁,中文楼128,120,PHIL0031142003
PHIL0031182014,02,知识论实验,哲学系,春季学期,8,专业必修课,3,1,18,谢晨楠,中文楼321,60,PHIL0031112013
PHIL0031182026,01,哲学导论实践,哲学系,春季学期,8,专业选修课,2,3,12,郑宁静,文史楼529,90,HIST0031162027
PHIL0031182026,02,哲学导论实践,哲学系,春季学期,8,专业选修课,2,3,12,梁雯洁,人文楼426,80,HIST0031162027
GEOG0031142001,01,地理信息系统实验,地理科学学院,春季学期,4,专业必修课,2,9,8,李静雯,综合楼315,90,
GEOG0031142001,02,地理信息系统实验,地理科学学院,春季学期,4,专业必修课,2,9,8,徐雯伟,信息楼128,80,
GEOG0031142007,02,遥感导论,地理科学学院,春季学期,4,专业必修课,3,1,18,何雯伟,理科楼309,50,
GEOG0031142007,03,遥感导论,地理科学学院,春季学期,4,专业必修课,3,1,18,徐洋晨,理科楼210,40,
GEOG0031162002,02,环境变化研究实验,地理科学学院,春季学期,6,专业选修课,2.5,9,8,吴晨宁,理科楼203,70,GEOG0031142001
GEOG0031162006,01,地图学案例研究,地理科学学院,春季学期,6,专业选修课,2.5,1,14,王杰宇,信息楼108,60,
GEOG0031182013,01,环境变化研究实践,地理科学学院,春季学期,8,专业选修课,3,5,10,胡博洁,信息楼505,120,GEOG0031112003
GEOG0031182013,02,环境变化研究实践,地理科学学院,春季学期,8,专业选修课,3,5,10,林伟璐,信息楼105,110,GEOG0031112003
URBN0031142001,01,社区规划课程设计,城市与区域科学学院,春季学期,4,专业选修课,1.5,1,12,宋峰楠,理科楼114,80,
URBN0031142001,02,社区规划课程设计,城市与区域科学学院,春季学期,4,专业选修课,1.5,1,12,陈明琪,信息楼507,90,
URBN0031142009,01,区域经济学专题,城市与区域科学学院,春季学期,4,专业必修课,2,1,14,谢磊芳,信息楼528,35,
URBN0031142009,02,区域经济学专题,城市与区域科学学院,春季学期,4,专业必修课,2,1,14,高明琪,综合楼116,55,
URBN0031142009,03,区域经济学专题,城市与区域科学学院,春季学期,4,专业必修课,2,1,14,王博洁,信息楼423,65,
URBN0031142009,04,区域经济学专题,城市与区域科学学院,春季学期,4,专业必修课,2,1,14,孙华明,信息楼421,55,
URBN0031142018,01,城市交通规划实验,城市与区域科学学院,春季学期,4,专业必修课,2.5,9,8,刘伟璐,理科楼106,40,URBN0031112012
URBN0031142018,02,城市交通规划实验,城市与区域科学学院,春季学期,4,专业必修课,2.5,9,8,罗悦然,信息楼301,50,URBN0031112012
URBN0031142018,03,城市交通规划实验,城市与区域科学学院,春季学期,4,专业必修课,2.5,9,8,郭静雯,信息楼429,60,URBN0031112012
URBN0031142027,01,城市治理实验,城市与区域科学学院,春季学期,4,专业选修课,2.5,9,8,吴磊芳,实验楼211,120,URBN0031112012;URBN0031112024
URBN0031142027,02,城市治理实验,城市与区域科学学院,春季学期,4,专业选修课,2.5,9,8,罗悦然,综合楼106,120,URBN0031112012;URBN0031112024
URBN0031162005,01,乡村振兴规划课程设计,城市与区域科学学院,春季学期,6,专业选修课,2,3,12,高明琪,综合楼408,140,
URBN0031162005,02,乡村振兴规划课程设计,城市与区域科学学院,春季学期,6,专业选修课,2,3,12,何杰宇,综合楼530,130,
URBN0031162019,01,社区规划实践,城市与区域科学学院,春季学期,6,专业必修课,2,1,14,马睿琳,实验楼413,40,URBN0031142008;URBN0031142009
URBN0031162026,03,城市交通规划案例研究,城市与区域科学学院,春季学期,6,专业选修课,3,1,16,胡楠磊,实验楼123,40,
URBN0031162026,04,城市交通规划案例研究,城市与区域科学学院,春季学期,6,专业选修课,3,1,16,朱磊芳,实验楼420,40,
URBN0031182002,01,城市空间分析案例研究,城市与区域科学学院,春季学期,8,专业选修课,2,1,16,梁杰宇,信息楼321,30,
URBN0031182002,02,城市空间分析案例研究,城市与区域科学学院,春季学期,8,专业选修课,2,1,16,梁璐悦,实验楼129,40,
URBN0031182004,01,城市数据分析实验,城市与区域科学学院,春季学期,8,专业必修课,1.5,3,8,徐芳欣,理科楼306,45,
URBN0031182004,02,城市数据分析实验,城市与区域科学学院,春季学期,8,专业必修课,1.5,3,8,吴欣昕,实验楼304,55,
URBN0031182004,03,城市数据分析实验,城市与区域科学学院,春季学期,8,专业必修课,1.5,3,8,梁杰宇,综合楼216,45,
URBN0031182011,01,城市数据分析实践,城市与区域科学学院,春季学期,8,专业选修课,2,1,14,宋伟璐,综合楼105,140,
URBN0031182014,01,城市数据分析专题,城市与区域科学学院,春季学期,8,专业选修课,2.5,1,14,宋伟璐,实验楼105,100,URBN0031142009;URBN0031112012
URBN0031182014,02,城市数据分析专题,城市与区域科学学院,春季学期,8,专业选修课,2.5,1,14,李琳洋,实验楼502,90,URBN0031142009;URBN0031112012
URBN0031182023,01,城市空间分析专题,城市与区域科学学院,春季学期,8,专业选修课,2,1,16,罗佳睿,理科楼408,30,
URBN0031182025,01,社区规划,城市与区域科学学院,春季学期,8,专业选修课,1,3,8,黄华明,实验楼201,130,URBN0031142018
URBN0031182025,02,社区规划,城市与区域科学学院,春季学期,8,专业选修课,1,3,8,杨悦然,综合楼203,120,URBN0031142018
URBN0031182030,01,城市社会调查实验,城市与区域科学学院,春季学期,8,专业必修课,2,1,16,何杰宇,实验楼516,40,URBN0031172020
URBN0031182030,02,城市社会调查实验,城市与区域科学学院,春季学期,8,专业必修课,2,1,16,李琳洋,综合楼120,40,URBN0031172020
URBN0031182030,03,城市社会调查实验,城市与区域科学学院,春季学期,8,专业必修课,2,1,16,赵杰宇,信息楼223,60,URBN0031172020
URBN0031182030,04,城市社会调查实验,城市与区域科学学院,春季学期,8,专业必修课,2,1,16,陈芳欣,实验楼105,40,URBN0031172020
URBN0031182030,05,城市社会调查实验,城市与区域科学学院,春季学期,8,专业必修课,2,1,16,梁璐悦,理科楼526,40,URBN0031172020
LANG0031122016,01,语言与人工智能,外语学院,春季学期,2,学科基础课,2,3,12,林华宁,人文楼510,80,
LANG0031122016,02,语言与人工智能,外语学院,春季学期,2,学科基础课,2,3,12,朱佳雯,外语楼113,90,
LANG0031122016,04,语言与人工智能,外语学院,春季学期,2,学科基础课,2,3,12,马芳佳,文史楼103,90,
LANG0031122019,01,翻译实践专题,外语学院,春季学期,2,学科基础课,2.5,1,14,梁洋悦,文史楼110,120,
LANG0031122019,02,翻译实践专题,外语学院,春季学期,2,学科基础课,2.5,1,14,宋峰洋,人文楼227,90,
LANG0031122019,03,翻译实践专题,外语学院,春季学期,2,学科基础课,2.5,1,14,郭琪明,外语楼518,100,
LANG0031122019,04,翻译实践专题,外语学院,春季学期,2,学科基础课,2.5,1,14,杨华宁,中文楼523,110,
LANG0031122019,05,翻译实践专题,外语学院,春季学期,2,学科基础课,2.5,1,14,胡明伟,文史楼318,100,
LANG0031142003,01,科技英语写作专题,外语学院,春季学期,4,专业选修课,2,1,16,宋静楠,文史楼520,50,LANG0031122001
LANG0031142003,02,科技英语写作专题,外语学院,春季学期,4,专业选修课,2,1,16,谢欣杰,外语楼529,30,LANG0031122001
LANG0031142008,01,学术英语实践,外语学院,春季学期,4,专业必修课,2,9,8,陈然琪,文史楼227,80,LANG0031132007
LANG0031142009,01,商务英语,外语学院,春季学期,4,专业选修课,1,9,8,吴悦芳,人文楼513,90,
LANG0031142017,01,商务英语课程设计,外语学院,春季学期,4,专业必修课,3.5,1,18,宋伟敏,文史楼330,100,LANG0031112010
LANG0031142017,02,商务英语课程设计,外语学院,春季学期,4,专业必修课,3.5,1,18,杨华宁,人文楼303,100,LANG0031112010
LANG0031162002,01,法语入门实践,外语学院,春季学期,6,专业必修课,3,1,12,何睿晨,中文楼429,45,LANG0031122001
LANG0031162002,02,法语入门实践,外语学院,春季学期,6,专业必修课,3,1,12,梁杰静,人文楼525,35,LANG0031122001
LANG0031162014,01,科技英语写作实验,外语学院,春季学期,6,专业选修课,3,1,12,郭静楠,中文楼126,120,LANG0031152006
LANG0031182005,01,科技英语写作实践,外语学院,春季学期,8,专业选修课,1.5,9,8,罗悦芳,外语楼219,30,LANG0031162002;LANG0031122001
LANG0031182005,02,科技英语写作实践,外语学院,春季学期,8,专业选修课,1.5,9,8,陈博琳,外语楼121,50,LANG0031162002;LANG0031122001
LANG0031182013,01,法语入门,外语学院,春季学期,8,专业选修课,2,1,14,郑睿晨,外语楼316,40,LANG0031162002;LANG0031142008
LANG0031182013,02,法语入门,外语学院,春季学期,8,专业选修课,2,1,14,高芳佳,文史楼430,40,LANG0031162002;LANG0031142008
LANG0031182013,03,法语入门,外语学院,春季学期,8,专业选修课,2,1,14,郭宇璐,中文楼506,40,LANG0031162002;LANG0031142008
PREE0031122005,01,幼儿心理学实验,学前教育系,春季学期,2,学科基础课,1.5,1,8,胡博悦,田家炳楼316,40,
PREE0031122005,02,幼儿心理学实验,学前教育系,春季学期,2,学科基础课,1.5,1,8,李峰杰,田家炳楼108,30,
PREE0031122005,03,幼儿心理学实验,学前教育系,春季学期,2,学科基础课,1.5,1,8,黄磊宁,教一513,40,
PREE0031122005,04,幼儿心理学实验,学前教育系,春季学期,2,学科基础课,1.5,1,8,罗琳璐,教二404,30,
PREE0031122023,01,幼儿园课程实践,学前教育系,春季学期,2,专业必修课,2.5,9,8,李峰杰,教二410,80,
PREE0031122023,02,幼儿园课程实践,学前教育系,春季学期,2,专业必修课,2.5,9,8,梁雯洁,教一302,90,
PREE0031122023,03,幼儿园课程实践,学前教育系,春季学期,2,专业必修课,2.5,9,8,胡芳宇,教一409,90,
PREE0031122030,02,学前教育学课程设计,学前教育系,春季学期,2,学科基础课,2,5,10,刘佳洋,教一424,80,
PREE0031122030,03,学前教育学课程设计,学前教育系,春季学期,2,学科基础课,2,5,10,吴洁博,实验幼教楼124,60,
PREE0031142001,01,幼儿卫生与保健,学前教育系,春季学期,4,专业选修课,3,1,16,吴洁博,田家炳楼105,30,
PREE0031142008,01,幼儿园环境创设实验,学前教育系,春季学期,4,专业必修课,2,1,12,周然峰,教二514,140,
PREE0031142008,03,幼儿园环境创设实验,学前教育系,春季学期,4,专业必修课,2,1,12,宋磊宁,教一228,130,
PREE0031162027,01,幼儿园班级管理实践,学前教育系,春季学期,6,专业选修课,2,1,12,孙伟芳,教一124,50,
PREE0031162029,01,学前教育学案例研究,学前教育系,春季学期,6,专业选修课,3,3,12,朱悦明,教二223,100,
PREE0031182007,01,幼儿园课程案例研究,学前教育系,春季学期,8,专业选修课,1,1,8,何睿欣,教二401,40,
PREE0031182032,01,学前儿童语言教育课程设计,学前教育系,春季学期,8,专业必修课,3.5,1,16,黄磊宁,田家炳楼508,45,EDUC0031112002
PREE0031182032,02,学前儿童语言教育课程设计,学前教育系,春季学期,8,专业必修课,3.5,1,16,周璐磊,实验幼教楼404,65,EDUC0031112002
PRIM0031122015,02,小学语文教学设计实践,小学教育系,春季学期,2,学科基础课,2,5,10,孙伟宁,实验幼教楼121,20,
PRIM0031122015,03,小学语文教学设计实践,小学教育系,春季学期,2,学科基础课,2,5,10,谢欣博,田家炳楼528,50,
PRIM0031122015,04,小学语文教学设计实践,小学教育系,春季学期,2,学科基础课,2,5,10,陈芳伟,教二313,30,
PRIM0031142022,01,儿童发展与教育课程设计,小学教育系,春季学期,4,专业选修课,1,9,8,梁杰洁,教一107,20,
PRIM0031142022,02,儿童发展与教育课程设计,小学教育系,春季学期,4,专业选修课,1,9,8,宋伟宁,田家炳楼223,30,
PRIM0031142022,03,儿童发展与教育课程设计,小学教育系,春季学期,4,专业选修课,1,9,8,马芳伟,田家炳楼521,30,
PRIM0031182002,01,小学课程标准解读实验,小学教育系,春季学期,8,专业必修课,1.5,1,10,林琳芳,教二201,130,
PRIM0031182002,02,小学课程标准解读实验,小学教育系,春季学期,8,专业必修课,1.5,1,10,吴欣博,田家炳楼115,110,
PRIM0031182002,03,小学课程标准解读实验,小学教育系,春季学期,8,专业必修课,1.5,1,10,胡宁峰,田家炳楼413,130,
PRIM0031182002,04,小学课程标准解读实验,小学教育系,春季学期,8,专业必修课,1.5,1,10,胡楠华,田家炳楼521,140,
PRIM0031182002,05,小学课程标准解读实验,小学教育系,春季学期,8,专业必修课,1.5,1,10,宋峰然,实验幼教楼229,110,
PRIM0031182019,04,儿童发展与教育实践,小学教育系,春季学期,8,专业必修课,3,1,18,刘琪洋,教二521,45,
PSYC0031122009,02,认知心理学实践,心理与认知科学学院,春季学期,2,专业必修课,2,9,8,黄静洋,田家炳楼522,45,
PSYC0031122009,03,认知心理学实践,心理与认知科学学院,春季学期,2,专业必修课,2,9,8,朱佳楠,教一418,35,
PSYC0031142003,01,教育心理学,心理与认知科学学院,春季学期,4,专业必修课,2,1,14,黄伟然,教一306,30,
PSYC0031142003,03,教育心理学,心理与认知科学学院,春季学期,4,专业必修课,2,1,14,胡楠静,实验幼教楼329,30,
PSYC0031142003,04,教育心理学,心理与认知科学学院,春季学期,4,专业必修课,2,1,14,宋洁芳,实验幼教楼326,40,
PSYC0031142003,05,教育心理学,心理与认知科学学院,春季学期,4,专业必修课,2,1,14,孙洁芳,实验幼教楼306,50,
PSYC0031142021,01,教育心理学实验,心理与认知科学学院,春季学期,4,专业必修课,1.5,3,8,赵昕洁,实验幼教楼519,80,PSYC0031132005
PSYC0031142021,02,教育心理学实验,心理与认知科学学院,春季学期,4,专业必修课,1.5,3,8,郭琪宁,教一225,60,PSYC0031132005
PSYC0031182022,02,心理测量实验,心理与认知科学学院,春季学期,8,专业选修课,3,1,14,徐璐佳,田家炳楼128,50,PSYC0031122009
PSYC0031182027,01,咨询心理学实验,心理与认知科学学院,春季学期,8,专业选修课,3,1,18,李琳杰,实验幼教楼119,50,PSYC0031122009
POLI0031122016,01,国际关系导论实验,政治与国际关系学院,春季学期,2,学科基础课,2.5,3,12,孙峰宁,法商楼329,110,
POLI0031122016,03,国际关系导论实验,政治与国际关系学院,春季学期,2,学科基础课,2.5,3,12,徐敏琪,传播楼209,110,
POLI0031142001,01,政治传播学专题,政治与国际关系学院,春季学期,4,专业选修课,3,5,10,黄静明,传播楼210,80,
POLI0031142001,02,政治传播学专题,政治与国际关系学院,春季学期,4,专业选修课,3,5,10,赵杰欣,传播楼230,100,
POLI0031142018,01,外交学概论实践,政治与国际关系学院,春季学期,4,专业必修课,2.5,3,12,杨悦杰,法商楼416,30,SOCI0031132011
POLI0031142018,02,外交学概论实践,政治与国际关系学院,春季学期,4,专业必修课,2.5,3,12,吴磊璐,公管楼201,20,SOCI0031132011
POLI0031142018,03,外交学概论实践,政治与国际关系学院,春季学期,4,专业必修课,2.5,3,12,李琳睿,传播楼106,30,SOCI0031132011
POLI0031142021,03,政治学原理实验,政治与国际关系学院,春季学期,4,专业必修课,2.5,1,12,何楠悦,公管楼112,110,
POLI0031162011,01,中国政府与政治案例研究,政治与国际关系学院,春季学期,6,专业选修课,2.5,3,12,黄琪敏,法商楼209,60,HIST0031112004
POLI0031162011,02,中国政府与政治案例研究,政治与国际关系学院,春季学期,6,专业选修课,2.5,3,12,郑雯宇,公管楼513,80,HIST0031112004
POLI0031162024,01,政治社会学实践,政治与国际关系学院,春季学期,6,专业选修课,2,9,8,李琳睿,法商楼305,110,
POLI0031162027,06,政治学原理案例研究,政治与国际关系学院,春季学期,6,专业必修课,3.5,1,18,孙伟洋,公管楼219,30,CHIN0031142017
POLI0031162028,01,政治社会学实验,政治与国际关系学院,春季学期,6,专业必修课,2,9,8,杨悦杰,法商楼215,50,CHIN0031122019
POLI0031162028,02,政治社会学实验,政治与国际关系学院,春季学期,6,专业必修课,2,9,8,周睿峰,公管楼409,30,CHIN0031122019
POLI0031162028,03,政治社会学实验,政治与国际关系学院,春季学期,6,专业必修课,2,9,8,刘宇楠,社科楼426,30,CHIN0031122019
POLI0031162028,05,政治社会学实验,政治与国际关系学院,春季学期,6,专业必修课,2,9,8,宋华然,法商楼505,50,CHIN0031122019
POLI0031182006,01,外交学概论专题,政治与国际关系学院,春季学期,8,专业选修课,1.5,5,8,孙洁昕,法商楼318,100,SOCI0031112002
POLI0031182006,02,外交学概论专题,政治与国际关系学院,春季学期,8,专业选修课,1.5,5,8,吴欣雯,法商楼509,110,SOCI0031112002
POLI0031182009,01,政治传播学课程设计,政治与国际关系学院,春季学期,8,专业选修课,1,5,8,李洁昕,传播楼409,110,HIST0031162010
POLI0031182009,02,政治传播学课程设计,政治与国际关系学院,春季学期,8,专业选修课,1,5,8,周宁晨,法商楼107,130,HIST0031162010
POLI0031182009,03,政治传播学课程设计,政治与国际关系学院,春季学期,8,专业选修课,1,5,8,徐杰欣,社科楼519,120,HIST0031162010
POLI0031182013,01,政治传播学实验,政治与国际关系学院,春季学期,8,专业选修课,2,1,14,宋琪敏,法商楼507,30,POLI0031122010
POLI0031182014,01,公共危机管理实验,政治与国际关系学院,春季学期,8,专业选修课,2,9,8,黄静明,传播楼110,20,SOCI0031142006
POLI0031182014,02,公共危机管理实验,政治与国际关系学院,春季学期,8,专业选修课,2,9,8,高芳琳,公管楼217,30,SOCI0031142006
POLI0031182014,03,公共危机管理实验,政治与国际关系学院,春季学期,8,专业选修课,2,9,8,徐杰欣,社科楼211,30,SOCI0031142006
POLI0031182023,01,政治学原理实践,政治与国际关系学院,春季学期,8,专业选修课,2,1,16,孙峰宁,传播楼127,50,HIST0031122019
TEAC0031122007,02,教学评价技术专题,教师教育学院,春季学期,2,学科基础课,3,5,10,张雯洁,教二330,80,
TEAC0031122008,01,教育研究方法实验,教师教育学院,春季学期,2,学科基础课,1.5,1,10,高敏晨,实验幼教楼512,80,
TEAC0031122008,02,教育研究方法实验,教师教育学院,春季学期,2,学科基础课,1.5,1,10,罗洁博,田家炳楼510,100,
TEAC0031122008,03,教育研究方法实验,教师教育学院,春季学期,2,学科基础课,1.5,1,10,刘磊宁,实验幼教楼406,80,
TEAC0031122008,04,教育研究方法实验,教师教育学院,春季学期,2,学科基础课,1.5,1,10,谢晨楠,实验幼教楼501,90,
TEAC0031122013,01,跨学科教学设计,教师教育学院,春季学期,2,学科基础课,2,1,12,吴晨楠,田家炳楼210,130,
TEAC0031122013,02,跨学科教学设计,教师教育学院,春季学期,2,学科基础课,2,1,12,徐杰伟,田家炳楼121,120,
TEAC0031122016,02,课程资源开发,教师教育学院,春季学期,2,学科基础课,3,1,12,陈璐磊,田家炳楼202,130,
TEAC0031122016,03,课程资源开发,教师教育学院,春季学期,2,学科基础课,3,1,12,吴悦明,田家炳楼327,120,
TEAC0031142011,02,教学评价技术案例研究,教师教育学院,春季学期,4,专业必修课,3.5,1,18,马博悦,教二228,30,TEAC0031122004
TEAC0031142014,02,教学评价技术课程设计,教师教育学院,春季学期,4,专业必修课,2,5,10,高然峰,田家炳楼103,45,
TEAC0031162009,01,教师语言艺术实践,教师教育学院,春季学期,6,专业选修课,1.5,5,8,杨洁博,田家炳楼520,20,EDUC0031112006
TEAC0031162019,01,微格教学专题,教师教育学院,春季学期,6,专业必修课,2,3,12,宋琪睿,实验幼教楼130,70,
TEAC0031162019,02,微格教学专题,教师教育学院,春季学期,6,专业必修课,2,3,12,黄静昕,教二126,80,
TEAC0031182001,01,教师专业发展案例研究,教师教育学院,春季学期,8,专业选修课,3,1,12,朱佳洋,教二224,50,PSYC0031172001
TEAC0031182006,01,跨学科教学设计专题,教师教育学院,春季学期,8,专业选修课,1.5,5,8,谢晨楠,实验幼教楼108,45,TEAC0031122004
TEAC0031182006,02,跨学科教学设计专题,教师教育学院,春季学期,8,专业选修课,1.5,5,8,朱欣敏,教一309,35,TEAC0031122004
TEAC0031182006,03,跨学科教学设计专题,教师教育学院,春季学期,8,专业选修课,1.5,5,8,谢悦明,教一201,65,TEAC0031122004
TEAC0031182020,01,课程资源开发专题,教师教育学院,春季学期,8,专业必修课,3,1,14,郭宇然,教一302,30,TEAC0031122007
TEAC0031182020,02,课程资源开发专题,教师教育学院,春季学期,8,专业必修课,3,1,14,马然峰,教一302,40,TEAC0031122007
TEAC0031182020,03,课程资源开发专题,教师教育学院,春季学期,8,专业必修课,3,1,14,郭磊宁,教一106,20,TEAC0031122007
TEAC0031182020,04,课程资源开发专题,教师教育学院,春季学期,8,专业必修课,3,1,14,郭宇然,实验幼教楼119,30,TEAC0031122007
TEAC0031182022,01,教育实习指导课程设计,教师教育学院,春季学期,8,专业选修课,2.5,1,16,马芳宇,教二319,65,PSYC0031132007
EDUC0031122021,01,教育数据分析,教育学部,春季学期,2,专业必修课,2,5,10,何敏琪,教二327,100,
EDUC0031122021,02,教育数据分析,教育学部,春季学期,2,专业必修课,2,5,10,王睿峰,教一204,100,
EDUC0031122022,04,课堂观察方法实践,教育学部,春季学期,2,学科基础课,3,3,12,郭华然,实验幼教楼304,55,
EDUC0031142001,01,智能教育应用案例研究,教育学部,春季学期,4,专业必修课,2,1,14,高睿峰,教二209,120,
EDUC0031142001,02,智能教育应用案例研究,教育学部,春季学期,4,专业必修课,2,1,14,吴静明,田家炳楼122,90,
EDUC0031142012,01,学习科学导论实验,教育学部,春季学期,4,专业必修课,3,5,10,胡敏琪,田家炳楼317,40,EDUC0031112002
EDUC0031142012,02,学习科学导论实验,教育学部,春季学期,4,专业必修课,3,5,10,杨磊璐,实验幼教楼205,40,EDUC0031112002
EDUC0031142012,03,学习科学导论实验,教育学部,春季学期,4,专业必修课,3,5,10,梁芳琳,实验幼教楼308,50,EDUC0031112002
EDUC0031142012,05,学习科学导论实验,教育学部,春季学期,4,专业必修课,3,5,10,谢伟洋,实验幼教楼423,30,EDUC0031112002
EDUC0031162004,01,教育数据分析案例研究,教育学部,春季学期,6,专业选修课,1.5,1,10,周昕静,教一227,110,EDUC0031112002
EDUC0031162004,02,教育数据分析案例研究,教育学部,春季学期,6,专业选修课,1.5,1,10,徐博伟,实验幼教楼514,90,EDUC0031112002
EDUC0031162009,02,课程与教学论案例研究,教育学部,春季学期,6,专业选修课,2,1,12,郑杰欣,教二323,55,EDUC0031112007
EDUC0031162011,01,教育数据分析课程设计,教育学部,春季学期,6,专业选修课,2.5,9,8,谢伟洋,教二418,90,EDUC0031112002
EDUC0031182003,01,学习科学导论案例研究,教育学部,春季学期,8,专业必修课,3,1,16,郑洋华,实验幼教楼305,30,
EDUC0031182003,03,学习科学导论案例研究,教育学部,春季学期,8,专业必修课,3,1,16,周洋华,田家炳楼330,40,
EDUC0031182010,01,数字化学习设计实践,教育学部,春季学期,8,专业必修课,2.5,9,8,梁明磊,实验幼教楼324,120,EDUC0031112006;EDUC0031112002
EDUC0031182010,02,数字化学习设计实践,教育学部,春季学期,8,专业必修课,2.5,9,8,罗磊璐,教一410,120,EDUC0031112006;EDUC0031112002
EDUC0031182017,01,课程与教学论专题,教育学部,春季学期,8,专业选修课,2,1,14,郑杰欣,教二206,70,EDUC0031112006
EDUC0031182017,02,课程与教学论专题,教育学部,春季学期,8,专业选修课,2,1,14,郑杰欣,教二306,70,EDUC0031112006
EDUC0031182017,03,课程与教学论专题,教育学部,春季学期,8,专业选修课,2,1,14,郑昕静,教一506,70,EDUC0031112006
EDUC0031182020,01,教育心理学课程设计,教育学部,春季学期,8,专业选修课,2,9,8,刘华然,实验幼教楼304,50,EDUC0031132018
COMS0031131032,02,线性代数,数学科学学院,春季学期,2,学科基础课,3,1,16,高璐伟,理科楼501,150,
COMS0031131032,05,线性代数,数学科学学院,春季学期,2,学科基础课,3,1,16,陈昕佳,综合楼204,180,
MATH0031122008,01,组合数学案例研究,数学科学学院,春季学期,2,学科基础课,2,5,10,梁楠洁,理科楼223,120,
MATH0031122008,02,组合数学案例研究,数学科学学院,春季学期,2,学科基础课,2,5,10,罗华杰,理科楼407,90,
MATH0031122008,04,组合数学案例研究,数学科学学院,春季学期,2,学科基础课,2,5,10,李宇宁,实验楼219,110,
MATH0031122022,02,实变函数课程设计,数学科学学院,春季学期,2,学科基础课,2,1,16,王杰琳,实验楼316,60,
MATH0031122022,03,实变函数课程设计,数学科学学院,春季学期,2,学科基础课,2,1,16,郭欣明,实验楼328,50,
MATH0031122022,04,实变函数课程设计,数学科学学院,春季学期,2,学科基础课,2,1,16,郑敏磊,综合楼224,80,
MATH0031122022,05,实变函数课程设计,数学科学学院,春季学期,2,学科基础课,2,1,16,吴琳博,实验楼317,70,
MATH0031122022,06,实变函数课程设计,数学科学学院,春季学期,2,学科基础课,2,1,16,赵宁华,综合楼407,60,
MATH0031142004,01,矩阵分析课程设计,数学科学学院,春季学期,4,专业选修课,2,1,14,周然晨,综合楼111,120,
MATH0031142011,02,优化方法课程设计,数学科学学院,春季学期,4,专业必修课,2,1,12,林琪昕,理科楼317,35,MATH0031132006;MATH0031132005
MATH0031142011,03,优化方法课程设计,数学科学学院,春季学期,4,专业必修课,2,1,12,郑然晨,实验楼323,45,MATH0031132006;MATH0031132005
MATH0031142011,05,优化方法课程设计,数学科学学院,春季学期,4,专业必修课,2,1,12,吴晨璐,综合楼505,45,MATH0031132006;MATH0031132005
MATH0031142023,02,复变函数,数学科学学院,春季学期,4,专业必修课,3.5,5,10,吴琳博,综合楼401,60,MATH0031122022;MATH0031132006
MATH0031142023,04,复变函数,数学科学学院,春季学期,4,专业必修课,3.5,5,10,谢悦楠,实验楼527,60,MATH0031122022;MATH0031132006
MATH0031162002,01,运筹学案例研究,数学科学学院,春季学期,6,专业选修课,2.5,1,14,何博宇,综合楼226,90,
MATH0031162013,01,优化方法实践,数学科学学院,春季学期,6,专业必修课,1.5,1,8,郑敏磊,综合楼421,70,
MATH0031162013,02,优化方法实践,数学科学学院,春季学期,6,专业必修课,1.5,1,8,张明悦,综合楼122,90,
MATH0031162013,03,优化方法实践,数学科学学院,春季学期,6,专业必修课,1.5,1,8,孙静然,信息楼219,100,
MATH0031162017,01,矩阵分析案例研究,数学科学学院,春季学期,6,专业选修课,3,1,12,郭佳敏,理科楼130,40,MATH0031152007
MATH0031162018,01,数值分析案例研究,数学科学学院,春季学期,6,专业选修课,2,1,16,陈璐伟,综合楼507,60,MATH0031112012
MATH0031182001,01,优化方法实验,数学科学学院,春季学期,8,专业必修课,2,3,12,林峰芳,实验楼503,40,
MATH0031182001,03,优化方法实验,数学科学学院,春季学期,8,专业必修课,2,3,12,张明悦,实验楼219,60,
MATH0031182009,01,复变函数课程设计,数学科学学院,春季学期,8,专业选修课,2,1,14,林伟睿,信息楼212,40,MATH0031132006
MATH0031182009,02,复变函数课程设计,数学科学学院,春季学期,8,专业选修课,2,1,14,李伟睿,信息楼205,30,MATH0031132006
MATH0031182009,03,复变函数课程设计,数学科学学院,春季学期,8,专业选修课,2,1,14,黄宇宁,实验楼116,50,MATH0031132006
DATA0031122001,01,大数据处理技术实践,数据科学与工程学院,春季学期,2,专业必修课,2,5,10,梁璐琳,信息楼417,20,
DATA0031122001,02,大数据处理技术实践,数据科学与工程学院,春季学期,2,专业必修课,2,5,10,吴磊敏,实验楼214,50,
DATA0031122001,03,大数据处理技术实践,数据科学与工程学院,春季学期,2,专业必修课,2,5,10,杨琳雯,实验楼412,30,
DATA0031122007,01,图数据库技术实践,数据科学与工程学院,春季学期,2,专业必修课,1.5,9,8,徐敏伟,实验楼512,120,
DATA0031122007,02,图数据库技术实践,数据科学与工程学院,春季学期,2,专业必修课,1.5,9,8,高明宇,信息楼401,130,
DATA0031142004,01,数据产品实践案例研究,数据科学与工程学院,春季学期,4,专业必修课,2.5,1,14,黄伟昕,实验楼403,70,
DATA0031142004,02,数据产品实践案例研究,数据科学与工程学院,春季学期,4,专业必修课,2.5,1,14,王敏伟,综合楼419,60,
DATA0031142004,03,数据产品实践案例研究,数据科学与工程学院,春季学期,4,专业必修课,2.5,1,14,马明宇,实验楼116,70,
DATA0031142015,01,知识图谱案例研究,数据科学与工程学院,春季学期,4,专业选修课,2,1,16,李华芳,综合楼503,40,STAT0031121004;COMS0031121009
DATA0031142015,02,知识图谱案例研究,数据科学与工程学院,春季学期,4,专业选修课,2,1,16,罗佳明,综合楼407,40,STAT0031121004;COMS0031121009
DATA0031162014,02,数据库应用开发实践,数据科学与工程学院,春季学期,6,专业必修课,2,3,12,赵璐琳,实验楼507,130,DATA0031122001
DATA0031162014,04,数据库应用开发实践,数据科学与工程学院,春季学期,6,专业必修课,2,3,12,梁敏伟,信息楼112,140,DATA0031122001
DATA0031162014,05,数据库应用开发实践,数据科学与工程学院,春季学期,6,专业必修课,2,3,12,郑楠欣,信息楼416,120,DATA0031122001
DATA0031182006,01,大数据处理技术案例研究,数据科学与工程学院,春季学期,8,专业选修课,3,1,14,朱静宁,信息楼122,110,
DATA0031182010,01,数据仓库与数据挖掘,数据科学与工程学院,春季学期,8,专业必修课,3.5,5,10,黄峰睿,综合楼517,140,DATA0031122007
DATA0031182010,02,数据仓库与数据挖掘,数据科学与工程学院,春季学期,8,专业必修课,3.5,5,10,张昕琪,实验楼209,130,DATA0031122007
DATA0031182010,04,数据仓库与数据挖掘,数据科学与工程学院,春季学期,8,专业必修课,3.5,5,10,张洋洁,信息楼427,120,DATA0031122007
DATA0031182018,01,数据产品实践进阶,数据科学与工程学院,春季学期,8,专业选修课,1.5,1,8,陈芳晨,信息楼406,90,DATA0031142004
DATA0031182018,02,数据产品实践进阶,数据科学与工程学院,春季学期,8,专业选修课,1.5,1,8,周睿华,实验楼419,90,DATA0031142004
DATA0031182020,01,数据仓库与数据挖掘课程设计,数据科学与工程学院,春季学期,8,专业选修课,1.5,3,8,谢磊敏,理科楼518,140,
DATA0031182020,02,数据仓库与数据挖掘课程设计,数据科学与工程学院,春季学期,8,专业选修课,1.5,3,8,马宁悦,综合楼322,120,
LAWS0031122005,01,劳动与社会保障法课程设计,法学院,春季学期,2,专业必修课,3,1,16,林琳杰,公管楼220,40,
LAWS0031122023,02,法律文书写作实验,法学院,春季学期,2,专业必修课,2.5,9,8,王敏琳,社科楼109,40,
LAWS0031122023,03,法律文书写作实验,法学院,春季学期,2,专业必修课,2.5,9,8,郑博晨,公管楼212,30,
LAWS0031142010,01,行政法与行政诉讼法实验,法学院,春季学期,4,专业必修课,2,1,14,李峰昕,公管楼502,45,
LAWS0031142010,02,行政法与行政诉讼法实验,法学院,春季学期,4,专业必修课,2,1,14,吴晨雯,传播楼314,65,
LAWS0031142010,03,行政法与行政诉讼法实验,法学院,春季学期,4,专业必修课,2,1,14,梁昕洁,公管楼502,35,
LAWS0031142017,01,民法学实验,法学院,春季学期,4,专业选修课,2.5,1,12,高芳磊,传播楼501,100,SOCI0031132001;LAWS0031122008
LAWS0031142017,02,民法学实验,法学院,春季学期,4,专业选修课,2.5,1,12,郑博晨,传播楼402,100,SOCI0031132001;LAWS0031122008
LAWS0031142024,01,国际法专题,法学院,春季学期,4,专业必修课,2,1,12,徐敏琳,传播楼503,40,HIST0031122002;HIST0031132015
LAWS0031142024,02,国际法专题,法学院,春季学期,4,专业必修课,2,1,12,张睿悦,法商楼111,30,HIST0031122002;HIST0031132015
LAWS0031142024,03,国际法专题,法学院,春季学期,4,专业必修课,2,1,12,张睿悦,法商楼504,50,HIST0031122002;HIST0031132015
LAWS0031142027,01,法理学实践,法学院,春季学期,4,专业必修课,2.5,1,16,徐昕洁,法商楼421,80,HIST0031112004;CHIN0031132016
LAWS0031142027,02,法理学实践,法学院,春季学期,4,专业必修课,2.5,1,16,高然伟,传播楼418,50,HIST0031112004;CHIN0031132016
LAWS0031142027,03,法理学实践,法学院,春季学期,4,专业必修课,2.5,1,16,黄宇敏,传播楼516,60,HIST0031112004;CHIN0031132016
LAWS0031142027,04,法理学实践,法学院,春季学期,4,专业必修课,2.5,1,16,赵楠静,法商楼328,60,HIST0031112004;CHIN0031132016
LAWS0031142027,05,法理学实践,法学院,春季学期,4,专业必修课,2.5,1,16,罗欣璐,法商楼113,50,HIST0031112004;CHIN0031132016
LAWS0031142027,06,法理学实践,法学院,春季学期,4,专业必修课,2.5,1,16,徐杰琪,公管楼521,60,HIST0031112004;CHIN0031132016
LAWS0031142028,01,知识产权法实验,法学院,春季学期,4,专业选修课,2,5,10,赵楠静,传播楼320,60,HIST0031122019;HIST0031122030
LAWS0031142028,02,知识产权法实验,法学院,春季学期,4,专业选修课,2,5,10,陈然伟,社科楼217,80,HIST0031122019;HIST0031122030
LAWS0031162022,01,国际法案例研究,法学院,春季学期,6,专业选修课,2,1,14,徐璐佳,社科楼526,90,
LAWS0031182001,02,教育法学实践,法学院,春季学期,8,专业选修课,2,9,8,朱磊明,法商楼326,20,SOCI0031112002
LAWS0031182001,03,教育法学实践,法学院,春季学期,8,专业选修课,2,9,8,宋伟然,公管楼123,30,SOCI0031112002
LAWS0031182021,01,民法学实践,法学院,春季学期,8,专业必修课,3,1,16,马明峰,法商楼218,65,HIST0031172023;SOCI0031122005
LAWS0031182021,02,民法学实践,法学院,春季学期,8,专业必修课,3,1,16,梁昕洁,传播楼316,45,HIST0031172023;SOCI0031122005
PHYS0031122008,01,光学基础实验,物理与电子科学学院,春季学期,2,专业必修课,3,1,14,罗磊博,信息楼316,60,
PHYS0031122008,04,光学基础实验,物理与电子科学学院,春季学期,2,专业必修课,3,1,14,梁然琪,理科楼506,60,
PHYS0031122023,02,半导体物理专题,物理与电子科学学院,春季学期,2,学科基础课,2,1,14,王然琪,综合楼413,20,
PHYS0031122023,04,半导体物理专题,物理与电子科学学院,春季学期,2,学科基础课,2,1,14,林欣杰,信息楼404,50,
PHYS0031122023,05,半导体物理专题,物理与电子科学学院,春季学期,2,学科基础课,2,1,14,胡楠宇,信息楼108,30,
PHYS0031122023,06,半导体物理专题,物理与电子科学学院,春季学期,2,学科基础课,2,1,14,谢琪明,综合楼418,30,
PHYS0031142006,02,近代物理实验,物理与电子科学学院,春季学期,4,专业必修课,2.5,1,12,黄洁然,理科楼308,40,
PHYS0031182002,01,量子信息导论,物理与电子科学学院,春季学期,8,专业选修课,2,9,8,孙晨睿,信息楼309,40,PHYS0031132001
PHYS0031182002,03,量子信息导论,物理与电子科学学院,春季学期,8,专业选修课,2,9,8,林悦芳,综合楼314,30,PHYS0031132001
PHYS0031182011,01,电磁学基础实验,物理与电子科学学院,春季学期,8,专业选修课,2.5,5,10,刘琪明,信息楼427,50,
PHYS0031182013,02,电磁学基础实践,物理与电子科学学院,春季学期,8,专业选修课,2,1,12,胡楠宇,实验楼318,100,
SPED0031122002,01,行为矫正技术,特殊教育系,春季学期,2,学科基础课,2,1,12,徐璐宇,实验幼教楼312,90,
SPED0031122002,03,行为矫正技术,特殊教育系,春季学期,2,学科基础课,2,1,12,王芳静,实验幼教楼501,70,
SPED0031122002,04,行为矫正技术,特殊教育系,春季学期,2,学科基础课,2,1,12,何雯琳,教二401,100,
SPED0031122023,01,行为矫正技术案例研究,特殊教育系,春季学期,2,学科基础课,2,3,12,郭伟博,教二120,40,
SPED0031122023,02,行为矫正技术案例研究,特殊教育系,春季学期,2,学科基础课,2,3,12,马宁琪,田家炳楼513,30,
SPED0031122023,03,行为矫正技术案例研究,特殊教育系,春季学期,2,学科基础课,2,3,12,宋峰璐,教二413,50,
SPED0031122023,04,行为矫正技术案例研究,特殊教育系,春季学期,2,学科基础课,2,3,12,郭伟博,实验幼教楼516,20,
SPED0031122023,06,行为矫正技术案例研究,特殊教育系,春季学期,2,学科基础课,2,3,12,林琳敏,实验幼教楼526,30,
SPED0031142001,01,特殊教育导论专题,特殊教育系,春季学期,4,专业选修课,1.5,1,8,徐然华,田家炳楼505,80,
SPED0031182006,01,行为矫正技术实践,特殊教育系,春季学期,8,专业必修课,3,1,14,杨悦宁,田家炳楼515,45,EDUC0031142001
SPED0031182006,03,行为矫正技术实践,特殊教育系,春季学期,8,专业必修课,3,1,14,朱宇芳,实验幼教楼524,45,EDUC0031142001
SPED0031182015,01,辅助技术应用案例研究,特殊教育系,春季学期,8,专业选修课,3,1,16,孙伟博,实验幼教楼415,40,
SPED0031182020,01,学习障碍干预,特殊教育系,春季学期,8,专业选修课,2.5,3,12,孙洁明,实验幼教楼314,80,EDUC0031142012
SPED0031182025,01,融合教育案例研究,特殊教育系,春季学期,8,专业选修课,2,1,12,张楠伟,教二325,50,PSYC0031132015;PSYC0031152010
BIOL0031122009,02,普通生物学实验,生命科学学院,春季学期,2,学科基础课,2.5,9,8,李华敏,综合楼203,45,
BIOL0031122012,04,植物学实验,生命科学学院,春季学期,2,学科基础课,3,1,12,郭磊杰,综合楼321,80,
BIOL0031122025,02,植物学实践,生命科学学院,春季学期,2,专业必修课,2,1,16,胡博琪,综合楼215,30,
BIOL0031142024,01,生命科学实验课程设计,生命科学学院,春季学期,4,专业必修课,3,1,16,胡宁琳,综合楼409,120,BIOL0031122009
BIOL0031142024,02,生命科学实验课程设计,生命科学学院,春季学期,4,专业必修课,3,1,16,杨峰明,实验楼115,140,BIOL0031122009
BIOL0031142024,03,生命科学实验课程设计,生命科学学院,春季学期,4,专业必修课,3,1,16,罗华敏,理科楼201,130,BIOL0031122009
BIOL0031162019,01,生命科学实验进阶,生命科学学院,春季学期,6,专业选修课,2.5,1,12,郑宁琳,实验楼101,100,BIOL0031152018
BIOL0031162019,03,生命科学实验进阶,生命科学学院,春季学期,6,专业选修课,2.5,1,12,梁楠晨,实验楼308,70,BIOL0031152018
BIOL0031162020,01,生态学实践,生命科学学院,春季学期,6,专业必修课,2.5,9,8,刘欣睿,信息楼515,30,BIOL0031152001
BIOL0031162020,03,生态学实践,生命科学学院,春季学期,6,专业必修课,2.5,9,8,黄磊杰,信息楼122,20,BIOL0031152001
BIOL0031182005,01,细胞生物学,生命科学学院,春季学期,8,专业必修课,2,1,16,宋琪璐,信息楼318,80,BIOL0031152001
BIOL0031182005,02,细胞生物学,生命科学学院,春季学期,8,专业必修课,2,1,16,郑宁琳,综合楼205,90,BIOL0031152001
BIOL0031182011,02,遗传学实验,生命科学学院,春季学期,8,专业必修课,2,3,12,胡宁琳,理科楼127,130,
BIOL0031182011,03,遗传学实验,生命科学学院,春季学期,8,专业必修课,2,3,12,马博琪,信息楼127,140,
BIOL0031182011,04,遗传学实验,生命科学学院,春季学期,8,专业必修课,2,3,12,郭静博,综合楼526,140,
BIOL0031182011,05,遗传学实验,生命科学学院,春季学期,8,专业必修课,2,3,12,陈然欣,综合楼508,120,
BIOL0031182023,01,分子生物学实验,生命科学学院,春季学期,8,专业选修课,2.5,9,8,林峰明,信息楼202,65,BIOL0031112021;BIOL0031152001
BIOL0031182023,02,分子生物学实验,生命科学学院,春季学期,8,专业选修课,2.5,9,8,胡睿伟,实验楼101,65,BIOL0031112021;BIOL0031152001
BIOL0031182028,01,生物统计学,生命科学学院,春季学期,8,专业选修课,2.5,1,14,赵睿伟,实验楼518,130,BIOL0031122025
ENVI0031122018,01,环境监测课程设计,生态与环境科学学院,春季学期,2,学科基础课,2,1,16,张芳佳,理科楼413,80,
ENVI0031122018,02,环境监测课程设计,生态与环境科学学院,春季学期,2,学科基础课,2,1,16,林宇璐,实验楼317,90,
ENVI0031122018,03,环境监测课程设计,生态与环境科学学院,春季学期,2,学科基础课,2,1,16,孙悦芳,理科楼422,90,
ENVI0031142003,02,环境科学导论专题,生态与环境科学学院,春季学期,4,专业选修课,2,1,16,周洋悦,综合楼109,40,ENVI0031122001
ENVI0031142007,01,环境影响评价实践,生态与环境科学学院,春季学期,4,专业选修课,3,1,12,刘华宁,实验楼430,35,ENVI0031132006
ENVI0031142011,01,环境规划与管理实验,生态与环境科学学院,春季学期,4,专业必修课,2.5,9,8,吴峰洋,综合楼420,55,
ENVI0031142011,02,环境规划与管理实验,生态与环境科学学院,春季学期,4,专业必修课,2.5,9,8,陈洋悦,实验楼404,45,
ENVI0031142011,03,环境规划与管理实验,生态与环境科学学院,春季学期,4,专业必修课,2.5,9,8,徐宁磊,实验楼420,45,
ENVI0031142012,01,可持续发展概论课程设计,生态与环境科学学院,春季学期,4,专业必修课,3,1,14,吴静楠,实验楼329,65,ENVI0031112010
ENVI0031142015,01,污染控制工程实验,生态与环境科学学院,春季学期,4,专业选修课,3,5,10,梁明伟,综合楼522,70,ENVI0031112014;ENVI0031112010
ENVI0031142020,01,污染控制工程课程设计,生态与环境科学学院,春季学期,4,专业选修课,1,5,8,李磊博,信息楼109,70,ENVI0031132006
ENVI0031142020,02,污染控制工程课程设计,生态与环境科学学院,春季学期,4,专业选修课,1,5,8,郑杰静,理科楼313,100,ENVI0031132006
ENVI0031142023,01,可持续发展概论实验,生态与环境科学学院,春季学期,4,专业必修课,2.5,9,8,吴伟敏,信息楼109,45,ENVI0031112021;ENVI0031122018
ENVI0031162019,01,水环境保护实验,生态与环境科学学院,春季学期,6,专业必修课,2.5,5,10,王雯峰,综合楼305,120,
ENVI0031162019,02,水环境保护实验,生态与环境科学学院,春季学期,6,专业必修课,2.5,5,10,谢伟敏,综合楼505,100,
ENVI0031162019,03,水环境保护实验,生态与环境科学学院,春季学期,6,专业必修课,2.5,5,10,孙欣杰,信息楼128,110,
ENVI0031182002,01,环境规划与管理专题,生态与环境科学学院,春季学期,8,专业选修课,2,1,12,杨静楠,理科楼202,120,
ENVI0031182004,01,生态文明教育实践,生态与环境科学学院,春季学期,8,专业必修课,2,1,12,刘峰洋,实验楼110,50,ENVI0031122001
ENVI0031182004,02,生态文明教育实践,生态与环境科学学院,春季学期,8,专业必修课,2,1,12,罗伟敏,实验楼315,50,ENVI0031122001
ENVI0031182004,03,生态文明教育实践,生态与环境科学学院,春季学期,8,专业必修课,2,1,12,宋欣杰,综合楼316,30,ENVI0031122001
ENVI0031182004,05,生态文明教育实践,生态与环境科学学院,春季学期,8,专业必修课,2,1,12,林佳雯,理科楼515,30,ENVI0031122001
ENVI0031182009,01,环境数据分析专题,生态与环境科学学院,春季学期,8,专业选修课,2,5,10,刘华宁,综合楼128,90,ENVI0031132006
ENVI0031182027,01,可持续发展概论,生态与环境科学学院,春季学期,8,专业选修课,1,9,8,刘峰洋,信息楼319,100,ENVI0031172022
ENVI0031182027,02,可持续发展概论,生态与环境科学学院,春季学期,8,专业选修课,1,9,8,郑璐欣,实验楼325,80,ENVI0031172022
ENVI0031182027,03,可持续发展概论,生态与环境科学学院,春季学期,8,专业选修课,1,9,8,何博琳,信息楼217,100,ENVI0031172022
ELEC0031122001,01,传感器技术案例研究,电子信息工程学院,春季学期,2,专业必修课,3,1,18,郑昕琳,信息楼206,70,
ELEC0031122003,01,机器人控制案例研究,电子信息工程学院,春季学期,2,学科基础课,3,1,18,高睿欣,理科楼528,100,
ELEC0031122013,01,数字信号处理案例研究,电子信息工程学院,春季学期,2,学科基础课,2,1,12,马雯洁,实验楼314,100,
ELEC0031122013,03,数字信号处理案例研究,电子信息工程学院,春季学期,2,学科基础课,2,1,12,赵璐磊,理科楼107,90,
ELEC0031122014,02,传感器技术实践,电子信息工程学院,春季学期,2,专业必修课,2,3,12,黄华雯,综合楼227,35,
ELEC0031162004,01,模拟电子技术专题,电子信息工程学院,春季学期,6,专业选修课,1,1,10,高明华,综合楼419,65,STAT0031121004
ELEC0031162004,02,模拟电子技术专题,电子信息工程学院,春季学期,6,专业选修课,1,1,10,刘峰杰,信息楼125,45,STAT0031121004
ELEC0031162008,01,数字信号处理课程设计,电子信息工程学院,春季学期,6,专业选修课,2,1,14,何敏晨,信息楼202,20,ELEC0031122001;ELEC0031122003
ELEC0031162010,01,智能硬件设计专题,电子信息工程学院,春季学期,6,专业选修课,2.5,1,16,刘琪睿,理科楼302,30,STAT0031121004
ELEC0031182006,02,智能硬件设计实验,电子信息工程学院,春季学期,8,专业必修课,2,1,12,陈明华,实验楼111,45,COMS0031121004
ELEC0031182006,03,智能硬件设计实验,电子信息工程学院,春季学期,8,专业必修课,2,1,12,李悦明,实验楼106,65,COMS0031121004
ELEC0031182006,04,智能硬件设计实验,电子信息工程学院,春季学期,8,专业必修课,2,1,12,王明华,理科楼226,45,COMS0031121004
ELEC0031182012,01,智能硬件设计实践,电子信息工程学院,春季学期,8,专业选修课,2,3,12,郑雯洁,综合楼320,110,
ELEC0031182012,02,智能硬件设计实践,电子信息工程学院,春季学期,8,专业选修课,2,3,12,罗静昕,信息楼112,130,
ELEC0031182016,02,嵌入式开发,电子信息工程学院,春季学期,8,专业选修课,2,3,12,宋华雯,实验楼111,70,COMS0031131013
ELEC0031182016,03,嵌入式开发,电子信息工程学院,春季学期,8,专业选修课,2,3,12,黄峰杰,理科楼114,60,COMS0031131013
SOCI0031122005,01,人口学实践,社会发展学院,春季学期,2,学科基础课,2,5,10,朱佳宁,公管楼113,120,
SOCI0031122005,02,人口学实践,社会发展学院,春季学期,2,学科基础课,2,5,10,周然宇,公管楼426,110,
SOCI0031122005,03,人口学实践,社会发展学院,春季学期,2,学科基础课,2,5,10,李峰雯,法商楼421,120,
SOCI0031122005,04,人口学实践,社会发展学院,春季学期,2,学科基础课,2,5,10,郭静睿,社科楼326,140,
SOCI0031122005,05,人口学实践,社会发展学院,春季学期,2,学科基础课,2,5,10,马芳悦,法商楼205,130,
SOCI0031122025,02,质性研究方法专题,社会发展学院,春季学期,2,专业必修课,3.5,3,12,宋琪芳,传播楼323,35,
SOCI0031122025,03,质性研究方法专题,社会发展学院,春季学期,2,专业必修课,3.5,3,12,徐洋琳,公管楼220,35,
SOCI0031142004,02,社区治理实验,社会发展学院,春季学期,4,专业选修课,2.5,1,14,赵睿洁,社科楼215,45,POLI0031132002;POLI0031132005
SOCI0031142004,03,社区治理实验,社会发展学院,春季学期,4,专业选修课,2.5,1,14,陈敏峰,社科楼402,35,POLI0031132002;POLI0031132005
SOCI0031142006,01,社会工作概论实验,社会发展学院,春季学期,4,专业必修课,2,1,14,李峰雯,社科楼419,60,CHIN0031112006;POLI0031132005
SOCI0031142016,01,社会统计学实践,社会发展学院,春季学期,4,专业选修课,2,3,12,郑明静,公管楼128,30,PHIL0031112010
SOCI0031142031,01,社会调查方法实验,社会发展学院,春季学期,4,专业必修课,1.5,9,8,孙伟杰,社科楼229,120,
SOCI0031142031,02,社会调查方法实验,社会发展学院,春季学期,4,专业必修课,1.5,9,8,谢悦敏,公管楼229,140,
SOCI0031142031,03,社会调查方法实验,社会发展学院,春季学期,4,专业必修课,1.5,9,8,孙峰雯,社科楼212,120,
SOCI0031162013,01,质性研究方法,社会发展学院,春季学期,6,专业选修课,2,3,12,陈杰磊,公管楼307,110,POLI0031122012
SOCI0031162023,02,社会学概论实验,社会发展学院,春季学期,6,专业选修课,3,1,14,刘悦敏,法商楼124,30,CHIN0031132016;SOCI0031152010
SOCI0031162028,01,社区治理案例研究,社会发展学院,春季学期,6,专业选修课,1.5,1,8,何宁欣,社科楼519,40,POLI0031112015
SOCI0031162028,02,社区治理案例研究,社会发展学院,春季学期,6,专业选修课,1.5,1,8,马芳悦,社科楼209,60,POLI0031112015
SOCI0031182007,01,农村社会学课程设计,社会发展学院,春季学期,8,专业选修课,2,5,10,罗华博,法商楼210,60,HIST0031112009;SOCI0031122005
SOCI0031182027,01,社会统计学课程设计,社会发展学院,春季学期,8,专业选修课,2.5,9,8,陈然宇,社科楼308,100,HIST0031142021
SOCI0031182027,02,社会统计学课程设计,社会发展学院,春季学期,8,专业选修课,2.5,9,8,谢欣洋,公管楼101,90,HIST0031142021
SOCI0031182030,01,社会工作概论,社会发展学院,春季学期,8,专业必修课,3,1,12,林洁璐,公管楼327,80,SOCI0031152008;HIST0031162027
SOCI0031182030,02,社会工作概论,社会发展学院,春季学期,8,专业必修课,3,1,12,马敏峰,社科楼221,90,SOCI0031152008;HIST0031162027
SOCI0031182030,04,社会工作概论,社会发展学院,春季学期,8,专业必修课,3,1,12,马璐晨,公管楼205,90,SOCI0031152008;HIST0031162027
ECON0031122004,01,运营管理实验,经济与管理学院,春季学期,2,学科基础课,2,3,12,宋悦敏,社科楼124,50,
ECON0031122004,02,运营管理实验,经济与管理学院,春季学期,2,学科基础课,2,3,12,黄晨明,社科楼102,40,
ECON0031122008,02,宏观经济学案例研究,经济与管理学院,春季学期,2,学科基础课,3,1,16,李晨明,公管楼221,120,
ECON0031142003,01,微观经济学案例研究,经济与管理学院,春季学期,4,专业选修课,1.5,9,8,高雯琪,社科楼520,35,ECON0031132001;ECON0031132002
ECON0031142003,02,微观经济学案例研究,经济与管理学院,春季学期,4,专业选修课,1.5,9,8,赵敏峰,公管楼510,45,ECON0031132001;ECON0031132002
ECON0031162006,01,管理学原理实践,经济与管理学院,春季学期,6,专业选修课,3,1,12,徐博华,传播楼326,50,ECON0031132001
ECON0031162009,01,创新创业管理实验,经济与管理学院,春季学期,6,专业选修课,1.5,1,8,谢峰雯,法商楼429,80,
ECON0031182005,01,管理学原理专题,经济与管理学院,春季学期,8,专业选修课,2,1,16,罗静睿,传播楼105,50,ECON0031122004
ECON0031182005,03,管理学原理专题,经济与管理学院,春季学期,8,专业选修课,2,1,16,徐博华,公管楼118,50,ECON0031122004
ECON0031182015,01,商业数据分析课程设计,经济与管理学院,春季学期,8,专业选修课,1.5,1,8,杨佳宁,法商楼224,40,ECON0031122007
ECON0031182015,02,商业数据分析课程设计,经济与管理学院,春季学期,8,专业选修课,1.5,1,8,马睿洁,传播楼320,60,ECON0031122007
STAT0031122020,01,应用回归分析实践,统计学院,春季学期,2,专业必修课,2,3,12,谢琳楠,实验楼320,45,
STAT0031122020,02,应用回归分析实践,统计学院,春季学期,2,专业必修课,2,3,12,罗华博,信息楼420,55,
STAT0031122020,03,应用回归分析实践,统计学院,春季学期,2,专业必修课,2,3,12,周敏峰,综合楼219,45,
STAT0031122020,04,应用回归分析实践,统计学院,春季学期,2,专业必修课,2,3,12,郭欣洋,实验楼517,45,
STAT0031122020,05,应用回归分析实践,统计学院,春季学期,2,专业必修课,2,3,12,孙静睿,信息楼519,45,
STAT0031122020,06,应用回归分析实践,统计学院,春季学期,2,专业必修课,2,3,12,高楠佳,实验楼519,45,
STAT0031162002,01,抽样调查案例研究,统计学院,春季学期,6,专业选修课,1.5,1,12,徐楠佳,综合楼227,80,STAT0031121004;STAT0031112001
STAT0031162002,02,抽样调查案例研究,统计学院,春季学期,6,专业选修课,1.5,1,12,朱琳楠,信息楼316,60,STAT0031121004;STAT0031112001
STAT0031162002,03,抽样调查案例研究,统计学院,春季学期,6,专业选修课,1.5,1,12,郭欣洋,理科楼220,60,STAT0031121004;STAT0031112001
STAT0031162005,01,因果推断实验,统计学院,春季学期,6,专业选修课,2,3,12,梁宁欣,综合楼229,60,STAT0031121004
STAT0031162005,02,因果推断实验,统计学院,春季学期,6,专业选修课,2,3,12,吴伟杰,信息楼322,80,STAT0031121004
STAT0031162022,01,非参数统计实践,统计学院,春季学期,6,专业必修课,2.5,1,16,何明静,综合楼108,110,STAT0031142013;STAT0031121004
STAT0031162022,02,非参数统计实践,统计学院,春季学期,6,专业必修课,2.5,1,16,谢琳楠,信息楼208,110,STAT0031142013;STAT0031121004
STAT0031162022,03,非参数统计实践,统计学院,春季学期,6,专业必修课,2.5,1,16,何明静,实验楼416,110,STAT0031142013;STAT0031121004
STAT0031162022,04,非参数统计实践,统计学院,春季学期,6,专业必修课,2.5,1,16,杨静睿,理科楼413,110,STAT0031142013;STAT0031121004
STAT0031162024,02,实验设计专题,统计学院,春季学期,6,专业必修课,3,1,18,徐楠佳,理科楼514,55,
STAT0031162024,06,实验设计专题,统计学院,春季学期,6,专业必修课,3,1,18,宋佳宁,理科楼213,35,
STAT0031182004,02,非参数统计专题,统计学院,春季学期,8,专业选修课,2,1,16,胡然宇,综合楼316,80,STAT0031112001
STAT0031182004,03,非参数统计专题,统计学院,春季学期,8,专业选修课,2,1,16,吴洁璐,实验楼318,70,STAT0031112001
STAT0031182006,04,应用回归分析,统计学院,春季学期,8,专业必修课,3,1,12,马昕伟,实验楼411,20,STAT0031132003;STAT0031121004
STAT0031182012,01,生物统计导论案例研究,统计学院,春季学期,8,专业选修课,1,3,8,陈杰磊,实验楼314,100,
STAT0031182012,02,生物统计导论案例研究,统计学院,春季学期,8,专业选修课,1,3,8,谢洁璐,实验楼217,80,
ARTS0031122007,01,油画基础案例研究,美术学院,春季学期,2,专业必修课,3.5,1,16,陈明伟,设计楼313,120,
ARTS0031122007,02,油画基础案例研究,美术学院,春季学期,2,专业必修课,3.5,1,16,徐敏洁,设计楼424,100,
ARTS0031122007,03,油画基础案例研究,美术学院,春季学期,2,专业必修课,3.5,1,16,王敏洁,音乐楼325,100,
ARTS0031122030,02,雕塑基础课程设计,美术学院,春季学期,2,学科基础课,3,1,16,马宁磊,设计楼110,120,
ARTS0031122030,03,雕塑基础课程设计,美术学院,春季学期,2,学科基础课,3,1,16,杨悦芳,音乐楼530,110,
ARTS0031142014,01,油画基础实践,美术学院,春季学期,4,专业必修课,1.5,1,12,孙华宁,设计楼307,120,ARTS0031122005;ARTS0031122007
ARTS0031142014,02,油画基础实践,美术学院,春季学期,4,专业必修课,1.5,1,12,周明伟,设计楼225,110,ARTS0031122005;ARTS0031122007
ARTS0031142014,03,油画基础实践,美术学院,春季学期,4,专业必修课,1.5,1,12,陈博琳,设计楼520,120,ARTS0031122005;ARTS0031122007
ARTS0031142019,01,雕塑基础专题,美术学院,春季学期,4,专业选修课,2,1,12,徐昕华,音乐楼213,70,ARTS0031112013
ARTS0031142019,02,雕塑基础专题,美术学院,春季学期,4,专业选修课,2,1,12,郑宁磊,设计楼315,60,ARTS0031112013
ARTS0031142019,03,雕塑基础专题,美术学院,春季学期,4,专业选修课,2,1,12,刘宇璐,美术楼414,60,ARTS0031112013
ARTS0031142022,05,外国美术史,美术学院,春季学期,4,专业必修课,3.5,3,12,林晨睿,设计楼302,40,ARTS0031112009
ARTS0031162003,01,水彩画课程设计,美术学院,春季学期,6,专业选修课,1.5,9,8,吴磊博,设计楼323,50,
ARTS0031162003,02,水彩画课程设计,美术学院,春季学期,6,专业选修课,1.5,9,8,郑睿晨,音乐楼509,70,
ARTS0031162008,01,书法基础案例研究,美术学院,春季学期,6,专业必修课,3.5,3,12,黄峰洋,设计楼114,120,ARTS0031122007
ARTS0031162012,01,外国美术史实践,美术学院,春季学期,6,专业选修课,2,5,10,张睿晨,音乐楼504,120,ARTS0031122007;ARTS0031112009
ARTS0031162012,02,外国美术史实践,美术学院,春季学期,6,专业选修课,2,5,10,郭琪明,音乐楼515,120,ARTS0031122007;ARTS0031112009
ARTS0031162015,02,美术课程与教学论课程设计,美术学院,春季学期,6,专业必修课,3,1,18,吴欣杰,音乐楼503,45,
ARTS0031162020,02,版画基础实验,美术学院,春季学期,6,专业选修课,2.5,1,12,吴佳雯,设计楼319,120,ARTS0031112013;ARTS0031122016
ARTS0031182017,01,雕塑基础实践,美术学院,春季学期,8,专业选修课,2,1,16,周明伟,设计楼114,100,ARTS0031172006
ARTS0031182017,02,雕塑基础实践,美术学院,春季学期,8,专业选修课,2,1,16,郑雯峰,音乐楼410,90,ARTS0031172006
ARTS0031182018,01,水彩画专题,美术学院,春季学期,8,专业选修课,1,3,8,高然琪,音乐楼412,45,
ARTS0031182018,02,水彩画专题,美术学院,春季学期,8,专业选修课,1,3,8,朱静楠,美术楼510,45,
ARTS0031182018,03,水彩画专题,美术学院,春季学期,8,专业选修课,1,3,8,黄琪明,美术楼212,45,
ARTS0031182023,01,版画基础,美术学院,春季学期,8,专业选修课,1.5,1,10,林华宁,设计楼202,120,ARTS0031142014
ARTS0031182023,02,版画基础,美术学院,春季学期,8,专业选修课,1.5,1,10,周明伟,音乐楼409,130,ARTS0031142014
ARTS0031182027,01,视觉文化研究实践,美术学院,春季学期,8,专业选修课,2,5,10,李峰洋,美术楼209,100,ARTS0031152011
ARTS0031182027,02,视觉文化研究实践,美术学院,春季学期,8,专业选修课,2,5,10,高敏洁,美术楼511,100,ARTS0031152011
ARTS0031182027,03,视觉文化研究实践,美术学院,春季学期,8,专业选修课,2,5,10,徐杰静,音乐楼125,90,ARTS0031152011
COMS0031122017,01,高级程序设计实验,计算机科学与技术学院,春季学期,2,学科基础课,2.5,5,10,马楠琪,实验楼409,90,
COMS0031122017,04,高级程序设计实验,计算机科学与技术学院,春季学期,2,学科基础课,2.5,5,10,孙悦明,理科楼427,110,
COMS0031122031,01,区块链技术实验,计算机科学与技术学院,春季学期,2,专业必修课,1.5,1,8,郭华雯,理科楼317,80,
COMS0031122031,02,区块链技术实验,计算机科学与技术学院,春季学期,2,专业必修课,1.5,1,8,高睿欣,综合楼418,60,
COMS0031131013,01,离散数学,计算机科学与技术学院,春季学期,2,学科基础课,3,1,16,孙晨楠,信息楼403,110,COMS0031121013
COMS0031131013,02,离散数学,计算机科学与技术学院,春季学期,2,学科基础课,3,1,16,朱琪睿,综合楼301,120,COMS0031121013
COMS0031131036,01,计算机网络,计算机科学与技术学院,春季学期,4,专业必修课,3.5,3,12,林佳洋,理科楼218,150,COMS0031121009
COMS0031131036,02,计算机网络,计算机科学与技术学院,春季学期,4,专业必修课,3.5,3,12,吴磊宁,实验楼422,150,COMS0031121009
COMS0031131053,02,算法设计与分析,计算机科学与技术学院,春季学期,4,专业必修课,3,1,18,孙晨楠,综合楼309,160,COMS0031121009;COMS0031131013
COMS0031131053,03,算法设计与分析,计算机科学与技术学院,春季学期,4,专业必修课,3,1,18,黄琳璐,综合楼215,170,COMS0031121009;COMS0031131013
COMS0031142006,02,人机交互课程设计,计算机科学与技术学院,春季学期,4,专业必修课,3,1,12,周睿欣,信息楼522,40,COMS0031121009
COMS0031142008,01,移动应用开发案例研究,计算机科学与技术学院,春季学期,4,专业选修课,2,5,10,周洋佳,实验楼208,80,COMS0031161000
COMS0031142008,02,移动应用开发案例研究,计算机科学与技术学院,春季学期,4,专业选修课,2,5,10,宋洁博,理科楼327,80,COMS0031161000
COMS0031142019,01,智能课程规划实践实验,计算机科学与技术学院,春季学期,4,专业必修课,2,1,12,吴宇然,综合楼418,70,
COMS0031142019,02,智能课程规划实践实验,计算机科学与技术学院,春季学期,4,专业必修课,2,1,12,陈宁静,综合楼126,80,
COMS0031142019,03,智能课程规划实践实验,计算机科学与技术学院,春季学期,4,专业必修课,2,1,12,李欣敏,实验楼306,90,
COMS0031162014,02,信息检索实验,计算机科学与技术学院,春季学期,6,专业选修课,3,1,16,李佳洋,实验楼321,40,COMS0031131032
COMS0031162014,03,信息检索实验,计算机科学与技术学院,春季学期,6,专业选修课,3,1,16,高睿欣,理科楼312,60,COMS0031131032
COMS0031162021,01,计算机图形学,计算机科学与技术学院,春季学期,6,专业必修课,2,3,12,高睿欣,理科楼519,20,
COMS0031162021,02,计算机图形学,计算机科学与技术学院,春季学期,6,专业必修课,2,3,12,赵然峰,信息楼118,20,
COMS0031162026,01,高级程序设计案例研究,计算机科学与技术学院,春季学期,6,专业选修课,1,1,8,杨宇然,综合楼327,90,COMS0031131053
COMS0031182005,01,人机交互专题,计算机科学与技术学院,春季学期,8,专业选修课,2,1,12,罗宇然,综合楼124,60,COMS0031121009
COMS0031182011,01,云计算基础课程设计,计算机科学与技术学院,春季学期,8,专业选修课,1.5,9,8,宋琳璐,理科楼417,50,COMS0031121015;COMS0031131051
COMS0031182011,02,云计算基础课程设计,计算机科学与技术学院,春季学期,8,专业选修课,1.5,9,8,梁敏晨,理科楼119,40,COMS0031121015;COMS0031131051
COMS0031182011,03,云计算基础课程设计,计算机科学与技术学院,春季学期,8,专业选修课,1.5,9,8,赵敏晨,理科楼423,30,COMS0031121015;COMS0031131051
COMS0031182027,02,并行程序设计实验,计算机科学与技术学院,春季学期,8,专业必修课,2,1,16,宋晨楠,理科楼417,30,
COMS0031182027,03,并行程序设计实验,计算机科学与技术学院,春季学期,8,专业必修课,2,1,16,梁博悦,信息楼508,50,
DESN0031122010,01,交互设计实践,设计学院,春季学期,2,专业必修课,3,1,16,林琳明,美术楼415,30,
DESN0031122010,02,交互设计实践,设计学院,春季学期,2,专业必修课,3,1,16,梁杰晨,音乐楼330,50,
DESN0031142020,01,信息设计实践,设计学院,春季学期,4,专业必修课,2.5,1,16,王璐峰,美术楼324,50,
DESN0031142020,02,信息设计实践,设计学院,春季学期,4,专业必修课,2.5,1,16,谢佳然,美术楼102,30,
DESN0031142022,01,图形创意案例研究,设计学院,春季学期,4,专业必修课,3.5,5,10,朱静芳,音乐楼109,30,DESN0031122010
DESN0031142024,01,交互设计课程设计,设计学院,春季学期,4,专业选修课,1,9,8,王芳华,音乐楼427,50,DESN0031122010
DESN0031142024,02,交互设计课程设计,设计学院,春季学期,4,专业选修课,1,9,8,朱静芳,音乐楼308,60,DESN0031122010
DESN0031142031,01,产品设计基础,设计学院,春季学期,4,专业选修课,1,1,10,郭峰博,音乐楼101,60,DESN0031112016;DESN0031132030
DESN0031162002,01,品牌设计实践,设计学院,春季学期,6,专业选修课,3,3,12,谢磊昕,音乐楼314,40,DESN0031152001
DESN0031162014,02,品牌设计专题,设计学院,春季学期,6,专业必修课,3,1,16,黄伟雯,设计楼522,80,DESN0031142006
DESN0031162019,01,字体设计实践,设计学院,春季学期,6,专业选修课,2,5,10,朱宇睿,美术楼303,90,DESN0031112016
DESN0031162021,01,图形创意专题,设计学院,春季学期,6,专业选修课,1,5,8,杨欣宁,音乐楼316,100,DESN0031152017
DESN0031162021,02,图形创意专题,设计学院,春季学期,6,专业选修课,1,5,8,胡楠琳,设计楼217,70,DESN0031152017
DESN0031162021,03,图形创意专题,设计学院,春季学期,6,专业选修课,1,5,8,高然悦,设计楼229,90,DESN0031152017
DESN0031182003,01,品牌设计课程设计,设计学院,春季学期,8,专业选修课,2,1,16,吴佳然,美术楼529,60,DESN0031152001
DESN0031182005,02,产品设计基础实验,设计学院,春季学期,8,专业必修课,2,1,14,张昕磊,音乐楼512,80,
DESN0031182005,03,产品设计基础实验,设计学院,春季学期,8,专业必修课,2,1,14,张雯佳,音乐楼318,60,
DESN0031182011,01,字体设计课程设计,设计学院,春季学期,8,专业选修课,1,1,12,黄琪杰,音乐楼315,20,
DESN0031182012,01,信息设计专题,设计学院,春季学期,8,专业选修课,2,3,12,宋伟雯,美术楼303,60,DESN0031112008
DESN0031182012,02,信息设计专题,设计学院,春季学期,8,专业选修课,2,3,12,张洋伟,设计楼416,40,DESN0031112008
DESN0031182028,02,产品设计基础实践,设计学院,春季学期,8,专业选修课,2.5,3,12,陈然悦,音乐楼227,30,DESN0031142026
DESN0031182032,01,用户研究课程设计,设计学院,春季学期,8,专业选修课,1,1,10,黄伟雯,音乐楼106,30,DESN0031172015
DESN0031182032,02,用户研究课程设计,设计学院,春季学期,8,专业选修课,1,1,10,马睿琪,音乐楼323,40,DESN0031172015
SOFT0031122006,01,软件项目管理实践,软件工程学院,春季学期,2,学科基础课,2.5,9,8,黄宇璐,理科楼103,55,
SOFT0031122006,04,软件项目管理实践,软件工程学院,春季学期,2,学科基础课,2.5,9,8,孙宇璐,实验楼321,35,
SOFT0031122011,01,软件测试技术实践,软件工程学院,春季学期,2,学科基础课,1.5,1,12,张明伟,信息楼126,100,
SOFT0031122011,02,软件测试技术实践,软件工程学院,春季学期,2,学科基础课,1.5,1,12,胡明伟,综合楼509,120,
SOFT0031122011,03,软件测试技术实践,软件工程学院,春季学期,2,学科基础课,1.5,1,12,谢华宁,实验楼126,100,
SOFT0031122011,04,软件测试技术实践,软件工程学院,春季学期,2,学科基础课,1.5,1,12,陈杰静,理科楼124,100,
SOFT0031122012,01,前端工程实践进阶,软件工程学院,春季学期,2,学科基础课,1.5,1,8,郭佳雯,实验楼112,100,
SOFT0031122012,02,前端工程实践进阶,软件工程学院,春季学期,2,学科基础课,1.5,1,8,王楠宇,理科楼528,90,
SOFT0031122012,03,前端工程实践进阶,软件工程学院,春季学期,2,学科基础课,1.5,1,8,胡明伟,实验楼503,90,
SOFT0031122012,04,前端工程实践进阶,软件工程学院,春季学期,2,学科基础课,1.5,1,8,林峰洋,理科楼315,90,
SOFT0031122012,05,前端工程实践进阶,软件工程学院,春季学期,2,学科基础课,1.5,1,8,徐睿晨,信息楼514,120,
SOFT0031122015,01,软件测试技术案例研究,软件工程学院,春季学期,2,学科基础课,2,3,12,何博琳,理科楼522,20,
SOFT0031122015,03,软件测试技术案例研究,软件工程学院,春季学期,2,学科基础课,2,3,12,谢琳昕,实验楼116,40,
SOFT0031142009,01,前端工程实践专题,软件工程学院,春季学期,4,专业必修课,2.5,1,16,赵明伟,理科楼207,30,STAT0031121004
SOFT0031142009,02,前端工程实践专题,软件工程学院,春季学期,4,专业必修课,2.5,1,16,何明伟,信息楼211,20,STAT0031121004
SOFT0031142009,03,前端工程实践专题,软件工程学院,春季学期,4,专业必修课,2.5,1,16,刘悦芳,实验楼111,20,STAT0031121004
SOFT0031142016,02,需求分析与建模,软件工程学院,春季学期,4,专业必修课,3,1,14,郑博琳,信息楼304,110,SOFT0031122015;COMS0031121004
SOFT0031142016,06,需求分析与建模,软件工程学院,春季学期,4,专业必修课,3,1,14,陈昕华,信息楼120,100,SOFT0031122015;COMS0031121004
SOFT0031142020,01,软件项目管理案例研究,软件工程学院,春季学期,4,专业必修课,1.5,1,8,郭佳雯,理科楼224,70,SOFT0031122015
SOFT0031142020,02,软件项目管理案例研究,软件工程学院,春季学期,4,专业必修课,1.5,1,8,郑敏洁,实验楼406,100,SOFT0031122015
SOFT0031142020,03,软件项目管理案例研究,软件工程学院,春季学期,4,专业必修课,1.5,1,8,吴峰洋,实验楼408,70,SOFT0031122015
SOFT0031142020,04,软件项目管理案例研究,软件工程学院,春季学期,4,专业必修课,1.5,1,8,张芳佳,实验楼507,90,SOFT0031122015
SOFT0031142020,05,软件项目管理案例研究,软件工程学院,春季学期,4,专业必修课,1.5,1,8,郭佳雯,实验楼221,80,SOFT0031122015
SOFT0031142021,01,前端工程实践课程设计,软件工程学院,春季学期,4,专业必修课,2,1,14,陈洋悦,信息楼104,130,SOFT0031132017
SOFT0031142021,02,前端工程实践课程设计,软件工程学院,春季学期,4,专业必修课,2,1,14,吴洁然,实验楼213,120,SOFT0031132017
SOFT0031142023,01,软件设计模式案例研究,软件工程学院,春季学期,4,专业选修课,2,5,10,吴洁然,实验楼424,45,STAT0031121004
SOFT0031142023,02,软件设计模式案例研究,软件工程学院,春季学期,4,专业选修课,2,5,10,何博琳,实验楼410,35,STAT0031121004
SOFT0031162010,01,微服务架构课程设计,软件工程学院,春季学期,6,专业选修课,3,3,12,罗伟敏,理科楼215,110,SOFT0031152005
SOFT0031162022,01,大型软件系统设计课程设计,软件工程学院,春季学期,6,专业选修课,2,1,12,张博琳,综合楼407,80,COMS0031131013
SOFT0031162026,01,软件设计模式课程设计,软件工程学院,春季学期,6,专业选修课,2.5,1,12,孙宇璐,综合楼210,120,SOFT0031142016
SOFT0031162026,02,软件设计模式课程设计,软件工程学院,春季学期,6,专业选修课,2.5,1,12,罗峰洋,理科楼126,140,SOFT0031142016
SOFT0031182002,02,需求分析与建模课程设计,软件工程学院,春季学期,8,专业选修课,2,3,12,宋佳雯,理科楼201,110,
SOFT0031182019,01,软件项目管理课程设计,软件工程学院,春季学期,8,专业选修课,1.5,1,8,梁宁磊,综合楼326,120,SOFT0031172008
SOFT0031182019,02,软件项目管理课程设计,软件工程学院,春季学期,8,专业选修课,1.5,1,8,赵睿晨,信息楼419,110,SOFT0031172008
SOFT0031182019,03,软件项目管理课程设计,软件工程学院,春季学期,8,专业选修课,1.5,1,8,胡明伟,综合楼519,130,SOFT0031172008
SOFT0031182025,01,DevOps实践专题,软件工程学院,春季学期,8,专业必修课,1.5,1,12,何博琳,实验楼121,90,SOFT0031132017;SOFT0031112018
SOFT0031182025,02,DevOps实践专题,软件工程学院,春季学期,8,专业必修课,1.5,1,12,宋宇璐,综合楼123,100,SOFT0031132017;SOFT0031112018
SOFT0031182025,03,DevOps实践专题,软件工程学院,春季学期,8,专业必修课,1.5,1,12,罗华宁,信息楼326,80,SOFT0031132017;SOFT0031112018
MUSI0031122013,01,声乐基础,音乐学院,春季学期,2,学科基础课,2,9,8,陈敏华,设计楼203,30,
MUSI0031122013,02,声乐基础,音乐学院,春季学期,2,学科基础课,2,9,8,林洁敏,音乐楼309,50,
MUSI0031122013,03,声乐基础,音乐学院,春季学期,2,学科基础课,2,9,8,赵洋晨,设计楼416,40,
MUSI0031122014,01,视唱练耳实验,音乐学院,春季学期,2,专业必修课,1.5,1,10,李洁敏,设计楼118,90,
MUSI0031122014,02,视唱练耳实验,音乐学院,春季学期,2,专业必修课,1.5,1,10,高芳欣,设计楼125,100,
MUSI0031122014,03,视唱练耳实验,音乐学院,春季学期,2,专业必修课,1.5,1,10,林晨宁,音乐楼407,90,
MUSI0031122014,04,视唱练耳实验,音乐学院,春季学期,2,专业必修课,1.5,1,10,宋伟璐,美术楼514,70,
MUSI0031122020,01,声乐基础实践,音乐学院,春季学期,2,学科基础课,3,3,12,赵杰宇,音乐楼202,70,
MUSI0031122020,03,声乐基础实践,音乐学院,春季学期,2,学科基础课,3,3,12,梁洋晨,设计楼211,90,
MUSI0031122020,05,声乐基础实践,音乐学院,春季学期,2,学科基础课,3,3,12,陈博洁,美术楼309,70,
MUSI0031122030,02,中国音乐史课程设计,音乐学院,春季学期,2,学科基础课,2,5,10,杨悦然,设计楼214,90,
MUSI0031122030,03,中国音乐史课程设计,音乐学院,春季学期,2,学科基础课,2,5,10,高芳欣,音乐楼220,80,
MUSI0031122030,04,中国音乐史课程设计,音乐学院,春季学期,2,学科基础课,2,5,10,罗琳洋,美术楼426,80,
MUSI0031122030,05,中国音乐史课程设计,音乐学院,春季学期,2,学科基础课,2,5,10,梁昕峰,设计楼428,100,
MUSI0031142011,01,音乐教育心理学实践,音乐学院,春季学期,4,专业必修课,2,1,14,高芳欣,设计楼121,60,MUSI0031112004
MUSI0031142011,02,音乐教育心理学实践,音乐学院,春季学期,4,专业必修课,2,1,14,罗欣昕,美术楼401,50,MUSI0031112004
MUSI0031142011,03,音乐教育心理学实践,音乐学院,春季学期,4,专业必修课,2,1,14,刘磊芳,美术楼212,30,MUSI0031112004
MUSI0031142011,04,音乐教育心理学实践,音乐学院,春季学期,4,专业必修课,2,1,14,刘佳睿,音乐楼110,40,MUSI0031112004
MUSI0031142011,05,音乐教育心理学实践,音乐学院,春季学期,4,专业必修课,2,1,14,林洁敏,设计楼406,60,MUSI0031112004
MUSI0031142023,01,钢琴基础,音乐学院,春季学期,4,专业必修课,3.5,1,12,郭静雯,音乐楼407,100,MUSI0031122021;MUSI0031112015
MUSI0031142032,02,作曲基础实践,音乐学院,春季学期,4,专业必修课,2,1,12,宋伟璐,美术楼119,80,
MUSI0031142032,04,作曲基础实践,音乐学院,春季学期,4,专业必修课,2,1,12,刘磊芳,美术楼511,70,
MUSI0031162007,01,合唱与指挥实验,音乐学院,春季学期,6,专业选修课,2,9,8,林华明,设计楼402,50,MUSI0031112004
MUSI0031162007,02,合唱与指挥实验,音乐学院,春季学期,6,专业选修课,2,9,8,谢欣昕,美术楼115,60,MUSI0031112004
MUSI0031162007,04,合唱与指挥实验,音乐学院,春季学期,6,专业选修课,2,9,8,马明琪,美术楼126,60,MUSI0031112004
MUSI0031162017,01,音乐教育心理学课程设计,音乐学院,春季学期,6,专业选修课,1.5,9,8,黄峰楠,设计楼229,50,MUSI0031122013
MUSI0031162017,02,音乐教育心理学课程设计,音乐学院,春季学期,6,专业选修课,1.5,9,8,李华明,音乐楼314,50,MUSI0031122013
MUSI0031162029,01,中国音乐史专题,音乐学院,春季学期,6,专业选修课,2,1,16,赵昕峰,设计楼402,45,
MUSI0031182001,01,西方音乐史专题,音乐学院,春季学期,8,专业选修课,2.5,5,10,高敏华,美术楼528,30,
MUSI0031182001,02,西方音乐史专题,音乐学院,春季学期,8,专业选修课,2.5,5,10,吴晨宁,音乐楼302,20,
MUSI0031182022,03,中国音乐史实验,音乐学院,春季学期,8,专业选修课,3,1,12,郑宁佳,美术楼414,60,MUSI0031152018;MUSI0031122020
MUSI0031182026,01,钢琴基础实验,音乐学院,春季学期,8,专业选修课,2.5,1,16,陈博洁,体育馆-训练馆,50,
MUSI0031182026,02,钢琴基础实验,音乐学院,春季学期,8,专业选修课,2.5,1,16,杨琳洋,美术楼526,60,
MARX0031122006,04,政治经济学,马克思主义学院,春季学期,2,学科基础课,3,1,16,杨峰睿,公管楼408,65,
MARX0031122010,02,马克思主义发展史实验,马克思主义学院,春季学期,2,专业必修课,2,3,12,赵宁悦,公管楼208,60,
MARX0031142012,01,思想道德与法治专题,马克思主义学院,春季学期,4,专业选修课,1.5,5,8,孙宇洋,法商楼529,110,MARX0031122010;SOCI0031112002
MARX0031142012,02,思想道德与法治专题,马克思主义学院,春季学期,4,专业选修课,1.5,5,8,张然磊,传播楼527,90,MARX0031122010;SOCI0031112002
MARX0031142012,03,思想道德与法治专题,马克思主义学院,春季学期,4,专业选修课,1.5,5,8,马敏伟,传播楼211,120,MARX0031122010;SOCI0031112002
MARX0031142014,01,中国共产党历史案例研究,马克思主义学院,春季学期,4,专业必修课,3,5,10,高楠欣,社科楼102,40,HIST0031122002
MARX0031142014,04,中国共产党历史案例研究,马克思主义学院,春季学期,4,专业必修课,3,5,10,朱悦璐,社科楼518,60,HIST0031122002
MARX0031162007,01,毛泽东思想和中国特色社会主义理论体系概论实验,马克思主义学院,春季学期,6,专业必修课,3,1,14,王洋洁,法商楼211,100,HIST0031122002
MARX0031162017,01,毛泽东思想和中国特色社会主义理论体系概论,马克思主义学院,春季学期,6,专业选修课,2,3,12,郑敏伟,法商楼508,130,POLI0031152007
MARX0031162017,02,毛泽东思想和中国特色社会主义理论体系概论,马克思主义学院,春季学期,6,专业选修课,2,3,12,吴洁杰,法商楼321,140,POLI0031152007
MARX0031162017,03,毛泽东思想和中国特色社会主义理论体系概论,马克思主义学院,春季学期,6,专业选修课,2,3,12,黄磊敏,法商楼428,110,POLI0031152007
MARX0031182020,01,新时代思想政治教育实验,马克思主义学院,春季学期,8,专业选修课,1.5,3,8,王楠欣,传播楼108,50,
MARX0031182022,01,形势与政策课程设计,马克思主义学院,春季学期,8,专业选修课,2.5,9,8,周璐琳,社科楼223,110,HIST0031142021
MARX0031182022,02,形势与政策课程设计,马克思主义学院,春季学期,8,专业选修课,2.5,9,8,张然磊,法商楼207,110,HIST0031142021
MARX0031182022,03,形势与政策课程设计,马克思主义学院,春季学期,8,专业选修课,2.5,9,8,郭晨博,法商楼420,110,HIST0031142021
CHIN0031132014,01,语文课程与教学论专题,中国语言文学系,秋季学期,3,专业必修课,4,3,12,马璐磊,人文楼113,100,POLI0031112015
CHIN0031132014,02,语文课程与教学论专题,中国语言文学系,秋季学期,3,专业必修课,4,3,12,张宁静,人文楼504,100,POLI0031112015
CHIN0031132014,04,语文课程与教学论专题,中国语言文学系,秋季学期,3,专业必修课,4,3,12,何明华,人文楼430,90,POLI0031112015
AINT0031112020,02,生成式人工智能案例研究,人工智能学院,秋季学期,1,学科基础课,4.5,1,16,高明琪,综合楼221,120,
AINT0031112020,03,生成式人工智能案例研究,人工智能学院,秋季学期,1,学科基础课,4.5,1,16,吴磊芳,理科楼230,120,
AINT0031152004,01,深度学习,人工智能学院,秋季学期,5,专业必修课,4,1,12,林晨宁,实验楼227,35,
AINT0031152004,02,深度学习,人工智能学院,秋季学期,5,专业必修课,4,1,12,周雯伟,实验楼118,45,
AINT0031152004,03,深度学习,人工智能学院,秋季学期,5,专业必修课,4,1,12,林悦然,综合楼508,45,
COMM0031152021,01,传播学概论课程设计,传播学院,秋季学期,5,专业必修课,4,1,18,宋晨杰,公管楼527,55,SOCI0031112018
LIBR0031112009,02,数据管理案例研究,信息管理系,秋季学期,1,学科基础课,5,3,12,孙悦杰,公管楼309,40,
PUBA0031112018,02,公共伦理课程设计,公共管理学院,秋季学期,1,学科基础课,4.5,1,18,林磊昕,法商楼127,90,
PUBA0031112018,03,公共伦理课程设计,公共管理学院,秋季学期,1,学科基础课,4.5,1,18,徐博静,法商楼220,110,
PUBA0031112018,04,公共伦理课程设计,公共管理学院,秋季学期,1,学科基础课,4.5,1,18,林欣宁,社科楼229,90,
PUBA0031112018,05,公共伦理课程设计,公共管理学院,秋季学期,1,学科基础课,4.5,1,18,李悦洋,传播楼504,120,
PUBA0031112018,06,公共伦理课程设计,公共管理学院,秋季学期,1,学科基础课,4.5,1,18,周楠琳,社科楼121,120,
PUBA0031132006,01,公共伦理,公共管理学院,秋季学期,3,专业必修课,4,5,10,陈雯佳,传播楼308,45,PUBA0031122001
PUBA0031132006,02,公共伦理,公共管理学院,秋季学期,3,专业必修课,4,5,10,朱琪杰,法商楼416,55,PUBA0031122001
PUBA0031132006,05,公共伦理,公共管理学院,秋季学期,3,专业必修课,4,5,10,高明欣,法商楼217,45,PUBA0031122001
CHEM0031112026,01,高分子化学,化学与分子工程学院,秋季学期,1,专业必修课,4,1,16,罗琪明,实验楼424,100,
CHEM0031132024,02,食品化学,化学与分子工程学院,秋季学期,3,专业必修课,4,1,16,宋欣杰,综合楼117,110,CHEM0031112014
HIST0031132032,02,史学概论案例研究,历史学系,秋季学期,3,专业必修课,4,1,12,何楠欣,文史楼114,110,
CLAS0031152009,02,古典文献导读课程设计,古典文明研究中心,秋季学期,5,专业必修课,4,3,12,马雯佳,外语楼521,80,
PHIL0031132017,02,哲学导论课程设计,哲学系,秋季学期,3,专业必修课,4,1,16,郭磊宁,文史楼126,130,SOCI0031112002
GEOG0031112003,02,地貌学专题,地理科学学院,秋季学期,1,学科基础课,5,1,14,罗琳洋,实验楼318,30,
GEOG0031112003,04,地貌学专题,地理科学学院,秋季学期,1,学科基础课,5,1,14,郭磊芳,实验楼418,30,
GEOG0031112012,02,人文地理学案例研究,地理科学学院,秋季学期,1,学科基础课,4,1,16,赵楠磊,理科楼119,50,
GEOG0031112017,05,环境变化研究课程设计,地理科学学院,秋季学期,1,学科基础课,4.5,5,10,何宁佳,实验楼225,20,
GEOG0031112023,02,地理信息系统课程设计,地理科学学院,秋季学期,1,学科基础课,4,1,16,林琪博,理科楼324,110,
GEOG0031112023,04,地理信息系统课程设计,地理科学学院,秋季学期,1,学科基础课,4,1,16,宋磊芳,综合楼310,110,
LANG0031112010,02,日语入门专题,外语学院,秋季学期,1,学科基础课,4.5,1,18,胡明伟,文史楼306,20,
PREE0031112003,01,幼儿园班级管理课程设计,学前教育系,秋季学期,1,学科基础课,4.5,3,12,徐雯洁,田家炳楼110,120,
PREE0031112019,02,幼儿园环境创设课程设计,学前教育系,秋季学期,1,学科基础课,4.5,1,14,赵雯洁,教一228,35,
PRIM0031112018,01,小学语文教学设计案例研究,小学教育系,秋季学期,1,专业必修课,4,1,14,赵楠华,实验幼教楼513,120,
POLI0031112015,01,基层治理专题,政治与国际关系学院,秋季学期,1,学科基础课,4,3,12,郭琪敏,公管楼302,45,
POLI0031132005,01,基层治理,政治与国际关系学院,秋季学期,3,专业必修课,4,5,10,徐杰欣,公管楼214,50,
POLI0031132005,02,基层治理,政治与国际关系学院,秋季学期,3,专业必修课,4,5,10,李华然,传播楼117,60,
POLI0031132005,03,基层治理,政治与国际关系学院,秋季学期,3,专业必修课,4,5,10,郑明磊,公管楼426,60,
POLI0031132005,04,基层治理,政治与国际关系学院,秋季学期,3,专业必修课,4,5,10,李华然,公管楼516,60,
EDUC0031112002,04,教育技术学专题,教育学部,秋季学期,1,学科基础课,5,1,18,吴琪敏,教一216,130,
EDUC0031112006,02,数字化学习设计案例研究,教育学部,秋季学期,1,学科基础课,4.5,1,16,徐芳琳,实验幼教楼124,50,
COMS0031121013,01,数学分析I,数学科学学院,秋季学期,1,学科基础课,5,1,16,谢悦楠,信息楼527,60,
MATH0031132006,01,数学建模,数学科学学院,秋季学期,3,专业必修课,4,1,14,朱晨璐,信息楼419,80,
MATH0031132006,02,数学建模,数学科学学院,秋季学期,3,专业必修课,4,1,14,徐雯欣,综合楼206,90,
COMS0031131019,01,数据库系统原理与实践,数据科学与工程学院,秋季学期,3,专业必修课,4,1,16,林洁杰,理科楼313,100,COMS0031121009
COMS0031131019,03,数据库系统原理与实践,数据科学与工程学院,秋季学期,3,专业必修课,4,1,16,杨欣楠,综合楼510,90,COMS0031121009
DATA0031112019,04,数据库应用开发,数据科学与工程学院,秋季学期,1,学科基础课,4,1,14,朱磊敏,实验楼525,110,
LAWS0031112007,01,宪法学课程设计,法学院,秋季学期,1,学科基础课,4,1,14,孙峰昕,公管楼117,140,
LAWS0031112007,02,宪法学课程设计,法学院,秋季学期,1,学科基础课,4,1,14,胡明峰,社科楼405,130,
LAWS0031112007,03,宪法学课程设计,法学院,秋季学期,1,学科基础课,4,1,14,何洋欣,传播楼421,120,
LAWS0031112018,03,知识产权法案例研究,法学院,秋季学期,1,学科基础课,4,3,12,张宁宇,法商楼423,80,
PHYS0031112007,02,半导体物理课程设计,物理与电子科学学院,秋季学期,1,专业必修课,4,1,12,周宁磊,理科楼329,30,
PHYS0031112007,05,半导体物理课程设计,物理与电子科学学院,秋季学期,1,专业必修课,4,1,12,张昕华,综合楼203,30,
BIOL0031112004,04,分子生物学案例研究,生命科学学院,秋季学期,1,学科基础课,4,1,16,郑宁琳,理科楼413,30,
ENVI0031112010,01,环境科学导论案例研究,生态与环境科学学院,秋季学期,1,学科基础课,5,1,12,杨宇璐,综合楼401,80,
ENVI0031112026,03,土壤环境学,生态与环境科学学院,秋季学期,1,学科基础课,4.5,3,12,梁明伟,理科楼302,20,
ENVI0031112026,05,土壤环境学,生态与环境科学学院,秋季学期,1,学科基础课,4.5,3,12,张璐欣,综合楼430,30,
COMS0031131037,02,嵌入式系统原理与实践,电子信息工程学院,秋季学期,5,专业必修课,4,5,10,罗佳洋,综合楼530,50,COMS0031121015;COMS0031131049
COMS0031131037,04,嵌入式系统原理与实践,电子信息工程学院,秋季学期,5,专业必修课,4,5,10,谢琪睿,实验楼420,60,COMS0031121015;COMS0031131049
ELEC0031132017,02,智能硬件设计课程设计,电子信息工程学院,秋季学期,3,专业必修课,4,1,12,马雯洁,综合楼502,80,COMS0031121004
SOCI0031112018,01,社会调查方法,社会发展学院,秋季学期,1,专业必修课,4,1,18,周敏峰,传播楼520,30,
STAT0031132015,01,非参数统计课程设计,统计学院,秋季学期,3,专业必修课,4,3,12,杨峰雯,理科楼206,60,STAT0031112010
ARTS0031152011,03,视觉文化研究专题,美术学院,秋季学期,5,专业必修课,4,1,16,马芳佳,设计楼206,110,ARTS0031122007
COMS0031112028,01,分布式系统专题,计算机科学与技术学院,秋季学期,1,学科基础课,4,1,14,罗宇然,信息楼311,80,
COMS0031131051,01,编译原理与实践,计算机科学与技术学院,秋季学期,5,专业必修课,4,1,14,宋琳璐,实验楼312,180,COMS0031121009;COMS0031131013
DESN0031152001,02,服务设计课程设计,设计学院,秋季学期,5,专业必修课,4,1,14,孙琳明,设计楼417,100,
DESN0031152001,05,服务设计课程设计,设计学院,秋季学期,5,专业必修课,4,1,14,郭琪杰,音乐楼401,100,
MUSI0031172006,02,视唱练耳课程设计,音乐学院,秋季学期,7,专业必修课,4,5,10,林洁敏,设计楼324,40,MUSI0031112004
MARX0031172019,02,政治经济学课程设计,马克思主义学院,秋季学期,7,专业必修课,4,5,10,张博峰,法商楼416,70,SOCI0031132011
CHIN0031112006,01,古代汉语专题,中国语言文学系,秋季学期,1,专业必修课,3,1,12,孙琪睿,文史楼203,110,
CHIN0031112006,02,古代汉语专题,中国语言文学系,秋季学期,1,专业必修课,3,1,12,谢洁博,人文楼521,110,
CHIN0031112006,03,古代汉语专题,中国语言文学系,秋季学期,1,专业必修课,3,1,12,李宇然,人文楼224,90,
CHIN0031112006,05,古代汉语专题,中国语言文学系,秋季学期,1,专业必修课,3,1,12,马璐磊,中文楼315,100,
CHIN0031112021,03,中国文学批评史实践,中国语言文学系,秋季学期,1,专业必修课,2,1,14,谢晨楠,人文楼204,100,
CHIN0031132009,02,现代汉语实验,中国语言文学系,秋季学期,3,专业必修课,3,1,14,胡敏晨,文史楼401,100,CHIN0031122005
CHIN0031132009,03,现代汉语实验,中国语言文学系,秋季学期,3,专业必修课,3,1,14,林伟芳,人文楼404,120,CHIN0031122005
CHIN0031132009,04,现代汉语实验,中国语言文学系,秋季学期,3,专业必修课,3,1,14,梁楠琪,人文楼406,100,CHIN0031122005
CHIN0031132010,01,外国文学,中国语言文学系,秋季学期,3,专业必修课,3,1,12,梁睿欣,中文楼528,65,PHIL0031112010
CHIN0031132010,03,外国文学,中国语言文学系,秋季学期,3,专业必修课,3,1,12,吴峰杰,人文楼211,45,PHIL0031112010
CHIN0031132014,03,语文课程与教学论专题,中国语言文学系,秋季学期,3,专业必修课,4,3,12,宋磊宁,文史楼319,100,POLI0031112015
CHIN0031132014,05,语文课程与教学论专题,中国语言文学系,秋季学期,3,专业必修课,4,3,12,陈昕琳,中文楼420,110,POLI0031112015
CHIN0031132026,02,训诂学,中国语言文学系,秋季学期,3,专业必修课,3.5,1,16,张博悦,文史楼201,45,PHIL0031112013
CHIN0031152001,01,现代汉语课程设计,中国语言文学系,秋季学期,5,专业必修课,4,1,12,周璐磊,人文楼104,100,HIST0031112004
CHIN0031152001,02,现代汉语课程设计,中国语言文学系,秋季学期,5,专业必修课,4,1,12,谢华雯,人文楼325,80,HIST0031112004
CHIN0031152001,03,现代汉语课程设计,中国语言文学系,秋季学期,5,专业必修课,4,1,12,胡然峰,中文楼418,90,HIST0031112004
CHIN0031152001,04,现代汉语课程设计,中国语言文学系,秋季学期,5,专业必修课,4,1,12,刘悦明,中文楼330,80,HIST0031112004
CHIN0031152001,05,现代汉语课程设计,中国语言文学系,秋季学期,5,专业必修课,4,1,12,梁宁静,人文楼312,80,HIST0031112004
CHIN0031152002,02,现代汉语实践,中国语言文学系,秋季学期,5,专业选修课,2,9,8,孙磊宁,人文楼429,50,HIST0031142005
CHIN0031152002,03,现代汉语实践,中国语言文学系,秋季学期,5,专业选修课,2,9,8,王洋佳,外语楼111,60,HIST0031142005
CHIN0031152027,01,语言学概论实践,中国语言文学系,秋季学期,5,专业必修课,2,3,12,谢琳璐,外语楼520,100,POLI0031142001;POLI0031142008
CHIN0031152027,02,语言学概论实践,中国语言文学系,秋季学期,5,专业必修课,2,3,12,陈昕琳,文史楼410,80,POLI0031142001;POLI0031142008
CHIN0031152033,01,汉字学实践,中国语言文学系,秋季学期,5,专业选修课,3,5,10,林静昕,人文楼107,80,
CHIN0031172007,01,写作学,中国语言文学系,秋季学期,7,专业选修课,3,1,16,陈璐磊,人文楼407,60,SOCI0031132001;POLI0031132004
CHIN0031172022,01,训诂学实践,中国语言文学系,秋季学期,7,专业选修课,2,1,14,郑璐磊,文史楼116,70,
AINT0031112009,01,生成式人工智能实践,人工智能学院,秋季学期,1,学科基础课,2.5,1,14,李琳洋,实验楼402,60,
AINT0031112016,01,神经网络基础,人工智能学院,秋季学期,1,专业必修课,3.5,3,12,张洋晨,信息楼225,80,
AINT0031112016,03,神经网络基础,人工智能学院,秋季学期,1,专业必修课,3.5,3,12,郭伟璐,实验楼211,70,
AINT0031112016,04,神经网络基础,人工智能学院,秋季学期,1,专业必修课,3.5,3,12,郭伟璐,理科楼519,80,
AINT0031112020,01,生成式人工智能案例研究,人工智能学院,秋季学期,1,学科基础课,4.5,1,16,何洋晨,理科楼104,140,
AINT0031132003,01,多模态学习实验,人工智能学院,秋季学期,3,专业选修课,2.5,1,14,刘宇杰,信息楼101,70,
AINT0031132010,01,智能机器人,人工智能学院,秋季学期,3,专业必修课,3,1,18,赵昕峰,实验楼328,55,
AINT0031132010,03,智能机器人,人工智能学院,秋季学期,3,专业必修课,3,1,18,高明琪,信息楼130,45,
AINT0031132010,04,智能机器人,人工智能学院,秋季学期,3,专业必修课,3,1,18,马博洁,理科楼422,55,
AINT0031132015,01,机器学习实践,人工智能学院,秋季学期,3,专业必修课,2,1,16,宋华明,综合楼126,110,AINT0031112009
AINT0031132015,02,机器学习实践,人工智能学院,秋季学期,3,专业必修课,2,1,16,何洋晨,信息楼509,90,AINT0031112009
AINT0031152007,03,强化学习实验,人工智能学院,秋季学期,5,专业必修课,2,5,10,朱静雯,信息楼225,50,AINT0031122006
AINT0031152021,01,模式识别专题,人工智能学院,秋季学期,5,专业必修课,2,3,12,宋峰楠,实验楼101,40,
COMM0031112002,03,网络舆情分析实践,传播学院,秋季学期,1,学科基础课,2,9,8,宋琳芳,公管楼328,70,
COMM0031112018,01,传播学概论案例研究,传播学院,秋季学期,1,学科基础课,3,5,10,刘华昕,公管楼121,90,
COMM0031112018,02,传播学概论案例研究,传播学院,秋季学期,1,学科基础课,3,5,10,吴伟宁,社科楼417,110,
COMM0031112018,03,传播学概论案例研究,传播学院,秋季学期,1,学科基础课,3,5,10,罗静敏,社科楼418,100,
COMM0031112023,01,广告学课程设计,传播学院,秋季学期,1,学科基础课,3,1,16,胡杰洁,公管楼128,20,
COMM0031112023,03,广告学课程设计,传播学院,秋季学期,1,学科基础课,3,1,16,黄晨杰,社科楼411,40,
COMM0031132010,01,新闻学概论实验,传播学院,秋季学期,3,专业必修课,2,1,16,高宁峰,法商楼113,90,PHIL0031112004;HIST0031112004
COMM0031132020,01,影视作品分析,传播学院,秋季学期,3,专业必修课,3,1,16,王明晨,传播楼509,120,PHIL0031112013
COMM0031132020,02,影视作品分析,传播学院,秋季学期,3,专业必修课,3,1,16,梁明晨,社科楼220,120,PHIL0031112013
COMM0031132020,03,影视作品分析,传播学院,秋季学期,3,专业必修课,3,1,16,赵博磊,社科楼418,140,PHIL0031112013
COMM0031132029,01,纪录片创作,传播学院,秋季学期,3,专业必修课,3,1,16,马昕欣,公管楼413,140,PHIL0031112004
COMM0031132029,02,纪录片创作,传播学院,秋季学期,3,专业必修课,3,1,16,张然琳,公管楼204,120,PHIL0031112004
COMM0031152019,01,广告学专题,传播学院,秋季学期,5,专业必修课,3.5,1,14,何然琳,法商楼428,40,PHIL0031112013
COMM0031152019,02,广告学专题,传播学院,秋季学期,5,专业必修课,3.5,1,14,朱洁睿,公管楼222,30,PHIL0031112013
COMM0031152021,02,传播学概论课程设计,传播学院,秋季学期,5,专业必修课,4,1,18,赵然琳,法商楼125,45,SOCI0031112018
COMM0031152021,03,传播学概论课程设计,传播学院,秋季学期,5,专业必修课,4,1,18,黄琳芳,社科楼420,45,SOCI0031112018
COMM0031152022,01,网络舆情分析课程设计,传播学院,秋季学期,5,专业必修课,3.5,1,18,何博磊,法商楼409,50,
COMM0031152022,04,网络舆情分析课程设计,传播学院,秋季学期,5,专业必修课,3.5,1,18,周洋静,公管楼118,40,
COMM0031152022,05,网络舆情分析课程设计,传播学院,秋季学期,5,专业必修课,3.5,1,18,刘洁睿,传播楼522,20,
COMM0031152027,02,公共关系学实践,传播学院,秋季学期,5,专业必修课,2,1,12,马昕欣,社科楼512,140,COMM0031122024
SPRT0031112006,01,篮球专题,体育与健康学院,秋季学期,1,专业必修课,3,1,18,林佳雯,音乐楼105,100,
SPRT0031112022,01,武术,体育与健康学院,秋季学期,1,专业必修课,3,1,18,高楠宇,音乐楼106,120,
SPRT0031112022,02,武术,体育与健康学院,秋季学期,1,专业必修课,3,1,18,梁明伟,音乐楼124,110,
SPRT0031112022,04,武术,体育与健康学院,秋季学期,1,专业必修课,3,1,18,黄洁然,美术楼111,110,
SPRT0031132008,01,运动训练学,体育与健康学院,秋季学期,3,专业必修课,2,1,12,胡敏洁,美术楼415,120,SPRT0031122003;SPRT0031112006
SPRT0031132008,02,运动训练学,体育与健康学院,秋季学期,3,专业必修课,2,1,12,胡昕华,设计楼116,110,SPRT0031122003;SPRT0031112006
SPRT0031132021,01,武术案例研究,体育与健康学院,秋季学期,3,专业选修课,2,1,12,梁宁磊,音乐楼502,100,
SPRT0031152020,01,体育心理学,体育与健康学院,秋季学期,5,专业选修课,2.5,5,10,马楠宇,音乐楼308,30,
SPRT0031152024,02,足球课程设计,体育与健康学院,秋季学期,5,专业必修课,3,3,12,孙佳雯,设计楼103,60,
SPRT0031152024,03,足球课程设计,体育与健康学院,秋季学期,5,专业必修课,3,3,12,高宁磊,音乐楼220,70,
SPRT0031172010,01,运动解剖学,体育与健康学院,秋季学期,7,专业选修课,2,1,14,郭华宁,设计楼223,50,
SPRT0031172010,02,运动解剖学,体育与健康学院,秋季学期,7,专业选修课,2,1,14,吴峰洋,设计楼512,60,
SPRT0031172010,03,运动解剖学,体育与健康学院,秋季学期,7,专业选修课,2,1,14,马楠宇,设计楼324,70,
SPRT0031172015,01,篮球,体育与健康学院,秋季学期,7,专业必修课,3,1,14,郭洁然,音乐楼307,120,SPRT0031122011
SPRT0031172015,03,篮球,体育与健康学院,秋季学期,7,专业必修课,3,1,14,朱华宁,美术楼113,130,SPRT0031122011
LIBR0031112009,01,数据管理案例研究,信息管理系,秋季学期,1,学科基础课,5,3,12,宋悦杰,传播楼103,40,
LIBR0031112009,03,数据管理案例研究,信息管理系,秋季学期,1,学科基础课,5,3,12,朱华然,社科楼422,40,
LIBR0031112009,04,数据管理案例研究,信息管理系,秋季学期,1,学科基础课,5,3,12,梁芳琳,传播楼225,40,
LIBR0031132002,01,档案学概论课程设计,信息管理系,秋季学期,3,专业必修课,3.5,1,18,何芳琳,传播楼522,130,
LIBR0031132002,02,档案学概论课程设计,信息管理系,秋季学期,3,专业必修课,3.5,1,18,杨琪敏,社科楼306,120,
LIBR0031152008,01,信息检索语言课程设计,信息管理系,秋季学期,5,专业必修课,3,3,12,王明磊,公管楼120,50,LIBR0031132002;LIBR0031122001
LIBR0031152008,02,信息检索语言课程设计,信息管理系,秋季学期,5,专业必修课,3,3,12,吴琪敏,社科楼123,30,LIBR0031132002;LIBR0031122001
LIBR0031152015,01,信息资源管理专题,信息管理系,秋季学期,5,专业必修课,3.5,5,10,梁宁晨,传播楼506,80,LIBR0031122001
LIBR0031152015,02,信息资源管理专题,信息管理系,秋季学期,5,专业必修课,3.5,5,10,吴静明,法商楼118,60,LIBR0031122001
LIBR0031152015,03,信息资源管理专题,信息管理系,秋季学期,5,专业必修课,3.5,5,10,林静明,法商楼328,60,LIBR0031122001
LIBR0031152015,04,信息资源管理专题,信息管理系,秋季学期,5,专业必修课,3.5,5,10,赵芳琳,传播楼525,70,LIBR0031122001
LIBR0031172007,01,信息政策与法规,信息管理系,秋季学期,7,专业必修课,2,5,10,王雯宇,传播楼526,80,
LIBR0031172012,01,知识服务专题,信息管理系,秋季学期,7,专业必修课,4,1,16,张然佳,公管楼111,65,
LIBR0031172012,02,知识服务专题,信息管理系,秋季学期,7,专业必修课,4,1,16,周杰欣,传播楼107,65,
LIBR0031172012,03,知识服务专题,信息管理系,秋季学期,7,专业必修课,4,1,16,李宇楠,传播楼104,35,
LIBR0031172018,01,信息用户研究实践,信息管理系,秋季学期,7,专业必修课,3,1,14,谢华然,法商楼418,40,LIBR0031142006
LIBR0031172018,02,信息用户研究实践,信息管理系,秋季学期,7,专业必修课,3,1,14,高雯宇,公管楼309,40,LIBR0031142006
LIBR0031172018,03,信息用户研究实践,信息管理系,秋季学期,7,专业必修课,3,1,14,张杰欣,社科楼223,30,LIBR0031142006
PUBA0031112003,02,行政管理学案例研究,公共管理学院,秋季学期,1,学科基础课,3,1,14,刘琪杰,法商楼522,120,
PUBA0031112003,04,行政管理学案例研究,公共管理学院,秋季学期,1,学科基础课,3,1,14,罗佳然,公管楼526,140,
PUBA0031112003,06,行政管理学案例研究,公共管理学院,秋季学期,1,学科基础课,3,1,14,赵然悦,法商楼506,120,
PUBA0031112012,01,社会保障概论课程设计,公共管理学院,秋季学期,1,专业必修课,4,1,16,周睿琪,法商楼130,110,
PUBA0031112012,02,社会保障概论课程设计,公共管理学院,秋季学期,1,专业必修课,4,1,16,杨宇睿,社科楼206,110,
PUBA0031112012,03,社会保障概论课程设计,公共管理学院,秋季学期,1,专业必修课,4,1,16,宋悦洋,公管楼219,120,
PUBA0031112012,04,社会保障概论课程设计,公共管理学院,秋季学期,1,专业必修课,4,1,16,赵然悦,社科楼311,120,
PUBA0031112018,01,公共伦理课程设计,公共管理学院,秋季学期,1,学科基础课,4.5,1,18,郭洁楠,社科楼505,100,
PUBA0031112022,02,电子政务实践,公共管理学院,秋季学期,1,学科基础课,3,1,16,谢琪杰,传播楼314,70,
PUBA0031132006,03,公共伦理,公共管理学院,秋季学期,3,专业必修课,4,5,10,刘华璐,社科楼222,55,PUBA0031122001
PUBA0031132006,04,公共伦理,公共管理学院,秋季学期,3,专业必修课,4,5,10,赵芳华,公管楼219,45,PUBA0031122001
PUBA0031132006,06,公共伦理,公共管理学院,秋季学期,3,专业必修课,4,5,10,马睿琪,社科楼107,45,PUBA0031122001
PUBA0031132014,01,公共部门人力资源管理案例研究,公共管理学院,秋季学期,3,专业必修课,4,1,18,陈明欣,法商楼210,55,
PUBA0031132014,02,公共部门人力资源管理案例研究,公共管理学院,秋季学期,3,专业必修课,4,1,18,徐明欣,传播楼316,55,
PUBA0031132014,03,公共部门人力资源管理案例研究,公共管理学院,秋季学期,3,专业必修课,4,1,18,黄洁楠,公管楼304,65,
PUBA0031132014,04,公共部门人力资源管理案例研究,公共管理学院,秋季学期,3,专业必修课,4,1,18,罗宇睿,传播楼130,35,
PUBA0031132017,02,社会保障概论实验,公共管理学院,秋季学期,3,专业选修课,2,1,14,黄琳明,公管楼409,60,PUBA0031112012
PUBA0031132024,01,公共部门人力资源管理专题,公共管理学院,秋季学期,3,专业必修课,3.5,1,18,孙琳明,社科楼426,80,PUBA0031122015
PUBA0031152005,02,电子政务专题,公共管理学院,秋季学期,5,专业选修课,2,5,10,何敏宇,社科楼107,50,PUBA0031112003
PUBA0031152021,02,社会保障概论,公共管理学院,秋季学期,5,专业必修课,3,1,16,黄琳明,法商楼507,80,
PUBA0031152021,03,社会保障概论,公共管理学院,秋季学期,5,专业必修课,3,1,16,郑昕磊,公管楼220,70,
PUBA0031152021,04,社会保障概论,公共管理学院,秋季学期,5,专业必修课,3,1,16,林悦洋,公管楼407,80,
PUBA0031172008,01,城市管理专题,公共管理学院,秋季学期,7,专业必修课,4,1,12,郭洁楠,社科楼130,80,PUBA0031122001
PUBA0031172008,02,城市管理专题,公共管理学院,秋季学期,7,专业必修课,4,1,12,杨磊昕,法商楼418,90,PUBA0031122001
PUBA0031172008,03,城市管理专题,公共管理学院,秋季学期,7,专业必修课,4,1,12,李晨敏,传播楼120,100,PUBA0031122001
PUBA0031172008,04,城市管理专题,公共管理学院,秋季学期,7,专业必修课,4,1,12,赵芳华,公管楼528,100,PUBA0031122001
CHEM0031112004,01,分析化学课程设计,化学与分子工程学院,秋季学期,1,专业必修课,3.5,1,18,高雯峰,理科楼202,140,
CHEM0031112004,02,分析化学课程设计,化学与分子工程学院,秋季学期,1,专业必修课,3.5,1,18,王宁磊,信息楼530,120,
CHEM0031112014,02,高分子化学实验,化学与分子工程学院,秋季学期,1,专业必修课,2,9,8,郭晨睿,实验楼429,65,
CHEM0031112014,03,高分子化学实验,化学与分子工程学院,秋季学期,1,专业必修课,2,9,8,宋欣杰,综合楼202,45,
CHEM0031112026,02,高分子化学,化学与分子工程学院,秋季学期,1,专业必修课,4,1,16,郭悦芳,综合楼118,100,
CHEM0031132002,01,物理化学课程设计,化学与分子工程学院,秋季学期,3,专业必修课,3,1,14,杨宇璐,综合楼412,140,
CHEM0031132002,02,物理化学课程设计,化学与分子工程学院,秋季学期,3,专业必修课,3,1,14,郭悦芳,理科楼409,120,
CHEM0031132006,02,有机化学实践,化学与分子工程学院,秋季学期,3,专业必修课,2,1,16,梁博琳,综合楼522,110,CHEM0031122003;CHEM0031112004
CHEM0031132006,03,有机化学实践,化学与分子工程学院,秋季学期,3,专业必修课,2,1,16,林宇璐,信息楼413,120,CHEM0031122003;CHEM0031112004
CHEM0031132008,02,食品化学课程设计,化学与分子工程学院,秋季学期,3,专业必修课,3.5,3,12,杨琪明,信息楼420,90,CHEM0031122003;CHEM0031112004
CHEM0031132013,02,结构化学专题,化学与分子工程学院,秋季学期,3,专业选修课,2,5,10,王明伟,综合楼204,130,CHEM0031122003
CHEM0031132018,03,分析化学,化学与分子工程学院,秋季学期,3,专业必修课,3,1,16,罗静楠,信息楼503,20,CHEM0031112014
CHEM0031132018,04,分析化学,化学与分子工程学院,秋季学期,3,专业必修课,3,1,16,梁芳佳,综合楼114,30,CHEM0031112014
CHEM0031132024,01,食品化学,化学与分子工程学院,秋季学期,3,专业必修课,4,1,16,马杰静,实验楼117,120,CHEM0031112014
CHEM0031132024,03,食品化学,化学与分子工程学院,秋季学期,3,专业必修课,4,1,16,黄欣杰,理科楼318,140,CHEM0031112014
CHEM0031152010,02,材料化学课程设计,化学与分子工程学院,秋季学期,5,专业必修课,3,5,10,周洋悦,信息楼330,30,CHEM0031132008
CHEM0031152027,01,环境化学专题,化学与分子工程学院,秋季学期,5,专业必修课,2,1,16,宋佳雯,理科楼205,30,
CHEM0031152028,04,食品化学实践,化学与分子工程学院,秋季学期,5,专业必修课,2,9,8,杨磊博,实验楼212,120,CHEM0031132002
CHEM0031172005,01,化学与分子工程环境化学实验,化学与分子工程学院,秋季学期,7,专业选修课,2.5,1,16,吴琪明,综合楼112,40,
HIST0031112004,02,世界近现代史实验,历史学系,秋季学期,1,专业必修课,2,1,14,郑明宇,中文楼118,50,
HIST0031112009,02,中国古代史课程设计,历史学系,秋季学期,1,学科基础课,3,1,16,李峰睿,外语楼203,40,
HIST0031112009,04,中国古代史课程设计,历史学系,秋季学期,1,学科基础课,3,1,16,何洋洁,外语楼229,50,
HIST0031112011,02,考古学通论专题,历史学系,秋季学期,1,学科基础课,3,1,12,胡雯静,文史楼426,110,
HIST0031112022,04,历史地理学,历史学系,秋季学期,1,学科基础课,2,3,12,何雯静,中文楼210,80,
HIST0031112022,05,历史地理学,历史学系,秋季学期,1,学科基础课,2,3,12,何洋洁,外语楼205,60,
HIST0031112022,06,历史地理学,历史学系,秋季学期,1,学科基础课,2,3,12,梁杰佳,外语楼103,60,
HIST0031112024,01,口述史方法课程设计,历史学系,秋季学期,1,学科基础课,3,1,18,黄峰睿,中文楼110,100,
HIST0031112024,02,口述史方法课程设计,历史学系,秋季学期,1,学科基础课,3,1,18,吴悦璐,中文楼407,120,
HIST0031112024,04,口述史方法课程设计,历史学系,秋季学期,1,学科基础课,3,1,18,朱静宁,外语楼222,120,
HIST0031112024,05,口述史方法课程设计,历史学系,秋季学期,1,学科基础课,3,1,18,宋琪然,人文楼504,100,
HIST0031132015,01,世界古代史专题,历史学系,秋季学期,3,专业选修课,2,1,14,李峰睿,文史楼215,110,POLI0031122016;CHIN0031112006
HIST0031132016,02,历史课程与教学论实践,历史学系,秋季学期,3,专业选修课,2,3,12,李琳雯,文史楼121,50,
HIST0031132028,03,世界古代史课程设计,历史学系,秋季学期,3,专业选修课,2,3,12,朱佳明,文史楼211,30,PHIL0031112013;POLI0031122010
HIST0031132032,01,史学概论案例研究,历史学系,秋季学期,3,专业必修课,4,1,12,谢宇洋,人文楼304,120,
HIST0031132032,03,史学概论案例研究,历史学系,秋季学期,3,专业必修课,4,1,12,胡宁悦,人文楼113,140,
HIST0031132032,04,史学概论案例研究,历史学系,秋季学期,3,专业必修课,4,1,12,高璐琳,文史楼110,110,
HIST0031152013,03,中外文明交流史专题,历史学系,秋季学期,5,专业选修课,2.5,1,12,李琳雯,外语楼304,110,SOCI0031122005
HIST0031172014,01,中外文明交流史,历史学系,秋季学期,7,专业必修课,3.5,1,16,黄峰睿,文史楼414,20,HIST0031152013
HIST0031172014,04,中外文明交流史,历史学系,秋季学期,7,专业必修课,3.5,1,16,何洋洁,人文楼427,30,HIST0031152013
HIST0031172025,01,世界近现代史实践,历史学系,秋季学期,7,专业必修课,2.5,9,8,罗悦璐,人文楼403,30,HIST0031142021
HIST0031172026,01,中国近现代史,历史学系,秋季学期,7,专业必修课,3,1,16,宋伟昕,中文楼217,50,HIST0031152013
HIST0031172026,02,中国近现代史,历史学系,秋季学期,7,专业必修课,3,1,16,何洋洁,中文楼204,50,HIST0031152013
HIST0031172026,03,中国近现代史,历史学系,秋季学期,7,专业必修课,3,1,16,谢欣楠,文史楼218,50,HIST0031152013
HIST0031172029,01,区域社会史实验,历史学系,秋季学期,7,专业选修课,2,3,12,高然磊,人文楼511,120,CHIN0031142017
CLAS0031132006,01,古典学导论实验,古典文明研究中心,秋季学期,3,专业必修课,3,1,16,宋晨敏,人文楼114,60,
CLAS0031132006,03,古典学导论实验,古典文明研究中心,秋季学期,3,专业必修课,3,1,16,何杰晨,人文楼204,30,
CLAS0031132006,04,古典学导论实验,古典文明研究中心,秋季学期,3,专业必修课,3,1,16,徐博静,中文楼215,30,
CLAS0031132006,05,古典学导论实验,古典文明研究中心,秋季学期,3,专业必修课,3,1,16,孙悦洋,文史楼327,40,
CLAS0031132017,01,古典学导论,古典文明研究中心,秋季学期,3,专业必修课,3,1,14,吴磊昕,人文楼510,20,
CLAS0031132017,02,古典学导论,古典文明研究中心,秋季学期,3,专业必修课,3,1,14,张洋伟,中文楼327,20,
CLAS0031132017,03,古典学导论,古典文明研究中心,秋季学期,3,专业必修课,3,1,14,梁敏宇,文史楼113,30,
CLAS0031132017,04,古典学导论,古典文明研究中心,秋季学期,3,专业必修课,3,1,14,梁璐峰,中文楼217,30,
CLAS0031132017,05,古典学导论,古典文明研究中心,秋季学期,3,专业必修课,3,1,14,黄峰博,中文楼109,30,
CLAS0031132028,01,古典修辞学专题,古典文明研究中心,秋季学期,3,专业选修课,3,1,16,胡昕磊,文史楼507,100,CLAS0031122015;CLAS0031112026
CLAS0031152008,01,古希腊文明实践,古典文明研究中心,秋季学期,5,专业必修课,3,1,18,郭华璐,文史楼315,50,
CLAS0031152008,02,古希腊文明实践,古典文明研究中心,秋季学期,5,专业必修课,3,1,18,马雯佳,外语楼208,30,
CLAS0031152008,04,古希腊文明实践,古典文明研究中心,秋季学期,5,专业必修课,3,1,18,李琳明,文史楼115,50,
CLAS0031152009,01,古典文献导读课程设计,古典文明研究中心,秋季学期,5,专业必修课,4,3,12,黄洁楠,中文楼509,60,
CLAS0031152009,03,古典文献导读课程设计,古典文明研究中心,秋季学期,5,专业必修课,4,3,12,赵杰晨,人文楼509,70,
CLAS0031152012,03,古典文献导读实践,古典文明研究中心,秋季学期,5,专业必修课,2,3,12,郑楠琳,外语楼208,110,CLAS0031142010
CLAS0031172001,01,拉丁语基础实践,古典文明研究中心,秋季学期,7,专业选修课,3,1,12,谢伟雯,中文楼527,80,
CLAS0031172001,02,拉丁语基础实践,古典文明研究中心,秋季学期,7,专业选修课,3,1,12,林欣宁,中文楼417,80,
CLAS0031172014,01,文明比较研究实践,古典文明研究中心,秋季学期,7,专业必修课,3,5,10,陈睿琪,中文楼118,120,CLAS0031152009;CLAS0031132006
CLAS0031172014,02,文明比较研究实践,古典文明研究中心,秋季学期,7,专业必修课,3,5,10,王芳华,中文楼524,110,CLAS0031152009;CLAS0031132006
CLAS0031172014,04,文明比较研究实践,古典文明研究中心,秋季学期,7,专业必修课,3,5,10,林欣宁,中文楼112,100,CLAS0031152009;CLAS0031132006
CLAS0031172014,05,文明比较研究实践,古典文明研究中心,秋季学期,7,专业必修课,3,5,10,罗宇睿,人文楼429,120,CLAS0031152009;CLAS0031132006
CLAS0031172020,02,古典政治思想案例研究,古典文明研究中心,秋季学期,7,专业必修课,3,1,14,徐芳华,人文楼322,65,CLAS0031142004
CLAS0031172020,03,古典政治思想案例研究,古典文明研究中心,秋季学期,7,专业必修课,3,1,14,林佳然,人文楼310,45,CLAS0031142004
CLAS0031172020,04,古典政治思想案例研究,古典文明研究中心,秋季学期,7,专业必修课,3,1,14,胡杰晨,中文楼426,45,CLAS0031142004
PHIL0031112004,01,科学技术哲学,哲学系,秋季学期,1,专业必修课,3,1,18,林伟芳,外语楼315,65,
PHIL0031112004,02,科学技术哲学,哲学系,秋季学期,1,专业必修课,3,1,18,郭静昕,人文楼109,55,
PHIL0031112004,03,科学技术哲学,哲学系,秋季学期,1,专业必修课,3,1,18,郭宇然,文史楼402,55,
PHIL0031112004,05,科学技术哲学,哲学系,秋季学期,1,专业必修课,3,1,18,周芳宇,人文楼529,35,
PHIL0031132017,01,哲学导论课程设计,哲学系,秋季学期,3,专业必修课,4,1,16,郑宁静,人文楼113,120,SOCI0031112002
PHIL0031152007,03,哲学导论实验,哲学系,秋季学期,5,专业必修课,2,5,10,高杰伟,中文楼329,120,HIST0031122002
PHIL0031152007,04,哲学导论实验,哲学系,秋季学期,5,专业必修课,2,5,10,李峰杰,文史楼414,140,HIST0031122002
PHIL0031152012,01,西方哲学史专题,哲学系,秋季学期,5,专业必修课,2,1,14,梁洋佳,人文楼516,100,
PHIL0031172001,01,西方哲学史,哲学系,秋季学期,7,专业必修课,3.5,1,12,朱晨楠,中文楼126,60,POLI0031132004;HIST0031112004
PHIL0031172001,02,西方哲学史,哲学系,秋季学期,7,专业必修课,3.5,1,12,梁楠琪,文史楼410,60,POLI0031132004;HIST0031112004
PHIL0031172001,03,西方哲学史,哲学系,秋季学期,7,专业必修课,3.5,1,12,吴悦明,文史楼319,70,POLI0031132004;HIST0031112004
PHIL0031172027,01,宗教学概论实践,哲学系,秋季学期,7,专业必修课,2,1,12,孙峰杰,人文楼515,70,PHIL0031162002
PHIL0031172029,01,马克思主义哲学原理专题,哲学系,秋季学期,7,专业必修课,3.5,5,10,陈然峰,中文楼307,120,HIST0031122030;POLI0031142018
PHIL0031172029,02,马克思主义哲学原理专题,哲学系,秋季学期,7,专业必修课,3.5,5,10,孙琪睿,人文楼228,90,HIST0031122030;POLI0031142018
GEOG0031112003,01,地貌学专题,地理科学学院,秋季学期,1,学科基础课,5,1,14,赵宁佳,实验楼208,50,
GEOG0031112003,03,地貌学专题,地理科学学院,秋季学期,1,学科基础课,5,1,14,周璐悦,信息楼507,40,
GEOG0031112003,05,地貌学专题,地理科学学院,秋季学期,1,学科基础课,5,1,14,吴琳洋,理科楼511,50,
GEOG0031112012,01,人文地理学案例研究,地理科学学院,秋季学期,1,学科基础课,4,1,16,郭悦然,信息楼507,70,
GEOG0031112012,03,人文地理学案例研究,地理科学学院,秋季学期,1,学科基础课,4,1,16,王杰宇,理科楼522,70,
GEOG0031112017,01,环境变化研究课程设计,地理科学学院,秋季学期,1,学科基础课,4.5,5,10,黄欣昕,信息楼201,50,
GEOG0031112017,02,环境变化研究课程设计,地理科学学院,秋季学期,1,学科基础课,4.5,5,10,马璐悦,综合楼514,20,
GEOG0031112017,03,环境变化研究课程设计,地理科学学院,秋季学期,1,学科基础课,4.5,5,10,朱晨宁,理科楼130,20,
GEOG0031112017,04,环境变化研究课程设计,地理科学学院,秋季学期,1,学科基础课,4.5,5,10,陈昕峰,信息楼207,30,
GEOG0031112020,01,地理信息系统专题,地理科学学院,秋季学期,1,学科基础课,3,1,14,胡博洁,综合楼427,30,
GEOG0031112020,02,地理信息系统专题,地理科学学院,秋季学期,1,学科基础课,3,1,14,郑然静,理科楼428,20,
GEOG0031112020,03,地理信息系统专题,地理科学学院,秋季学期,1,学科基础课,3,1,14,宋磊芳,实验楼523,20,
GEOG0031112020,04,地理信息系统专题,地理科学学院,秋季学期,1,学科基础课,3,1,14,李琪博,实验楼527,30,
GEOG0031112023,01,地理信息系统课程设计,地理科学学院,秋季学期,1,学科基础课,4,1,16,郑敏华,实验楼330,140,
GEOG0031112023,03,地理信息系统课程设计,地理科学学院,秋季学期,1,学科基础课,4,1,16,吴琳洋,理科楼309,140,
GEOG0031112024,03,人文地理学课程设计,地理科学学院,秋季学期,1,专业必修课,2,1,12,周芳欣,信息楼407,30,
GEOG0031132014,01,环境变化研究案例研究,地理科学学院,秋季学期,3,专业必修课,3,5,10,陈敏华,信息楼107,50,GEOG0031112012
GEOG0031132014,02,环境变化研究案例研究,地理科学学院,秋季学期,3,专业必修课,3,5,10,罗洁敏,实验楼104,80,GEOG0031112012
GEOG0031132014,04,环境变化研究案例研究,地理科学学院,秋季学期,3,专业必修课,3,5,10,郭磊芳,信息楼426,80,GEOG0031112012
GEOG0031132014,05,环境变化研究案例研究,地理科学学院,秋季学期,3,专业必修课,3,5,10,刘佳睿,理科楼528,70,GEOG0031112012
GEOG0031132018,01,地理信息系统实践,地理科学学院,秋季学期,3,专业必修课,3,1,16,马璐悦,理科楼225,35,
GEOG0031132018,03,地理信息系统实践,地理科学学院,秋季学期,3,专业必修课,3,1,16,郭磊芳,信息楼116,35,
GEOG0031132018,04,地理信息系统实践,地理科学学院,秋季学期,3,专业必修课,3,1,16,孙宇杰,综合楼401,45,
GEOG0031152004,01,地貌学实践,地理科学学院,秋季学期,5,专业必修课,2.5,3,12,吴琳洋,信息楼502,60,GEOG0031142001
GEOG0031152005,02,遥感导论课程设计,地理科学学院,秋季学期,5,专业必修课,3.5,3,12,刘佳睿,信息楼228,60,
GEOG0031172009,01,经济地理学专题,地理科学学院,秋季学期,7,专业必修课,3,5,10,郑博洁,信息楼302,120,GEOG0031112003
GEOG0031172009,02,经济地理学专题,地理科学学院,秋季学期,7,专业必修课,3,5,10,宋佳睿,理科楼326,110,GEOG0031112003
URBN0031112012,01,城市空间分析课程设计,城市与区域科学学院,秋季学期,1,学科基础课,5,1,18,郑宁佳,综合楼218,80,
URBN0031112012,02,城市空间分析课程设计,城市与区域科学学院,秋季学期,1,学科基础课,5,1,18,宋峰楠,信息楼129,70,
URBN0031112012,03,城市空间分析课程设计,城市与区域科学学院,秋季学期,1,学科基础课,5,1,18,孙洁敏,信息楼407,100,
URBN0031112012,04,城市空间分析课程设计,城市与区域科学学院,秋季学期,1,学科基础课,5,1,18,林欣昕,综合楼417,80,
URBN0031112012,05,城市空间分析课程设计,城市与区域科学学院,秋季学期,1,学科基础课,5,1,18,孙峰楠,综合楼428,80,
URBN0031112012,06,城市空间分析课程设计,城市与区域科学学院,秋季学期,1,学科基础课,5,1,18,郑睿琳,实验楼517,70,
URBN0031112024,01,区域经济学实践,城市与区域科学学院,秋季学期,1,学科基础课,3,1,14,朱静雯,信息楼215,80,
URBN0031112024,02,区域经济学实践,城市与区域科学学院,秋季学期,1,学科基础课,3,1,14,何楠磊,综合楼205,70,
URBN0031112024,04,区域经济学实践,城市与区域科学学院,秋季学期,1,学科基础课,3,1,14,李悦然,综合楼421,60,
URBN0031152003,01,城市治理实践,城市与区域科学学院,秋季学期,5,专业选修课,3,1,14,周雯伟,理科楼302,80,
URBN0031152003,03,城市治理实践,城市与区域科学学院,秋季学期,5,专业选修课,3,1,14,周睿琳,信息楼318,70,
URBN0031152016,01,城市规划原理案例研究,城市与区域科学学院,秋季学期,5,专业必修课,3,1,16,高芳欣,综合楼410,100,URBN0031142008
URBN0031152016,02,城市规划原理案例研究,城市与区域科学学院,秋季学期,5,专业必修课,3,1,16,陈宁佳,理科楼226,70,URBN0031142008
URBN0031152029,01,乡村振兴规划,城市与区域科学学院,秋季学期,5,专业选修课,3,1,14,马睿琳,综合楼328,30,URBN0031142021
URBN0031172015,01,房地产经济学实践,城市与区域科学学院,秋季学期,7,专业必修课,2,1,14,李晨宁,信息楼518,30,
URBN0031172015,03,房地产经济学实践,城市与区域科学学院,秋季学期,7,专业必修课,2,1,14,周宁佳,理科楼224,40,
URBN0031172020,01,城市更新课程设计,城市与区域科学学院,秋季学期,7,专业必修课,3.5,5,10,梁杰宇,信息楼514,60,URBN0031142008
URBN0031172020,03,城市更新课程设计,城市与区域科学学院,秋季学期,7,专业必修课,3.5,5,10,梁杰宇,理科楼319,60,URBN0031142008
URBN0031172020,04,城市更新课程设计,城市与区域科学学院,秋季学期,7,专业必修课,3.5,5,10,郭琪博,信息楼203,60,URBN0031142008
LANG0031112004,01,英语演讲实验,外语学院,秋季学期,1,学科基础课,3,5,10,陈芳佳,外语楼421,55,
LANG0031112004,02,英语演讲实验,外语学院,秋季学期,1,学科基础课,3,5,10,罗琳昕,中文楼407,45,
LANG0031112004,03,英语演讲实验,外语学院,秋季学期,1,学科基础课,3,5,10,周宁磊,外语楼130,45,
LANG0031112010,01,日语入门专题,外语学院,秋季学期,1,学科基础课,4.5,1,18,郭磊博,中文楼207,20,
LANG0031112010,03,日语入门专题,外语学院,秋季学期,1,学科基础课,4.5,1,18,郑博琳,人文楼423,30,
LANG0031112010,04,日语入门专题,外语学院,秋季学期,1,学科基础课,4.5,1,18,孙峰洋,外语楼426,30,
LANG0031112010,05,日语入门专题,外语学院,秋季学期,1,学科基础课,4.5,1,18,陈然琪,中文楼410,30,
LANG0031112010,06,日语入门专题,外语学院,秋季学期,1,学科基础课,4.5,1,18,孙琪明,外语楼506,30,
LANG0031112021,01,科技英语写作案例研究,外语学院,秋季学期,1,专业必修课,2,1,16,张雯峰,外语楼529,120,
LANG0031112021,02,科技英语写作案例研究,外语学院,秋季学期,1,专业必修课,2,1,16,吴晨睿,外语楼525,100,
LANG0031112021,03,科技英语写作案例研究,外语学院,秋季学期,1,专业必修课,2,1,16,杨晨睿,人文楼221,110,
LANG0031112021,05,科技英语写作案例研究,外语学院,秋季学期,1,专业必修课,2,1,16,何雯峰,人文楼504,90,
LANG0031152006,01,语言与人工智能案例研究,外语学院,秋季学期,5,专业必修课,3,1,14,徐昕华,中文楼315,50,LANG0031122001
LANG0031152006,05,语言与人工智能案例研究,外语学院,秋季学期,5,专业必修课,3,1,14,郑睿晨,中文楼112,30,LANG0031122001
LANG0031152022,03,商务英语专题,外语学院,秋季学期,5,专业必修课,3.5,1,16,刘静楠,人文楼407,50,
LANG0031172020,04,英语演讲专题,外语学院,秋季学期,7,专业必修课,2,1,14,张宁磊,中文楼524,130,LANG0031152011
PREE0031112003,02,幼儿园班级管理课程设计,学前教育系,秋季学期,1,学科基础课,4.5,3,12,胡明华,教一220,140,
PREE0031112003,03,幼儿园班级管理课程设计,学前教育系,秋季学期,1,学科基础课,4.5,3,12,罗琳璐,实验幼教楼429,140,
PREE0031112017,02,学前儿童科学教育实验,学前教育系,秋季学期,1,学科基础课,2,3,12,梁雯洁,田家炳楼404,100,
PREE0031112017,03,学前儿童科学教育实验,学前教育系,秋季学期,1,学科基础课,2,3,12,梁楠琪,田家炳楼425,70,
PREE0031112019,01,幼儿园环境创设课程设计,学前教育系,秋季学期,1,学科基础课,4.5,1,14,杨峰杰,田家炳楼127,65,
PREE0031112019,03,幼儿园环境创设课程设计,学前教育系,秋季学期,1,学科基础课,4.5,1,14,何雯洁,田家炳楼125,65,
PREE0031112019,04,幼儿园环境创设课程设计,学前教育系,秋季学期,1,学科基础课,4.5,1,14,赵雯洁,教一116,65,
PREE0031152010,03,幼儿心理学,学前教育系,秋季学期,5,专业必修课,2,9,8,高昕琳,教二302,90,EDUC0031112002
PREE0031152010,04,幼儿心理学,学前教育系,秋季学期,5,专业必修课,2,9,8,周璐磊,实验幼教楼425,100,EDUC0031112002
PREE0031152011,01,学前教育学专题,学前教育系,秋季学期,5,专业必修课,3.5,1,12,马璐磊,教一208,110,
PREE0031152011,02,学前教育学专题,学前教育系,秋季学期,5,专业必修课,3.5,1,12,杨华雯,实验幼教楼402,110,
PREE0031152011,03,学前教育学专题,学前教育系,秋季学期,5,专业必修课,3.5,1,12,林伟芳,教一416,100,
PREE0031152011,04,学前教育学专题,学前教育系,秋季学期,5,专业必修课,3.5,1,12,周璐磊,实验幼教楼413,110,
PREE0031152014,01,幼儿游戏理论案例研究,学前教育系,秋季学期,5,专业必修课,3.5,1,16,张明华,教二427,80,PREE0031142008
PREE0031152014,02,幼儿游戏理论案例研究,学前教育系,秋季学期,5,专业必修课,3.5,1,16,高杰伟,田家炳楼225,50,PREE0031142008
PREE0031152014,03,幼儿游戏理论案例研究,学前教育系,秋季学期,5,专业必修课,3.5,1,16,梁睿欣,田家炳楼104,70,PREE0031142008
PREE0031152025,01,学前教育学实验,学前教育系,秋季学期,5,专业必修课,3,1,14,宋宇然,田家炳楼213,100,
PREE0031152025,03,学前教育学实验,学前教育系,秋季学期,5,专业必修课,3,1,14,陈璐磊,实验幼教楼309,90,
PREE0031152025,04,学前教育学实验,学前教育系,秋季学期,5,专业必修课,3,1,14,朱欣敏,教二118,100,
PREE0031172004,01,学前儿童语言教育案例研究,学前教育系,秋季学期,7,专业选修课,3,1,18,孙静昕,教二218,65,PREE0031152002
PREE0031172004,02,学前儿童语言教育案例研究,学前教育系,秋季学期,7,专业选修课,3,1,18,王昕琳,教一212,35,PREE0031152002
PREE0031172018,02,幼儿卫生与保健实践,学前教育系,秋季学期,7,专业选修课,3,3,12,宋磊宁,教一203,140,PREE0031152014
PREE0031172018,03,幼儿卫生与保健实践,学前教育系,秋季学期,7,专业选修课,3,3,12,吴琳璐,实验幼教楼408,120,PREE0031152014
PREE0031172018,04,幼儿卫生与保健实践,学前教育系,秋季学期,7,专业选修课,3,3,12,朱欣敏,教二320,120,PREE0031152014
PREE0031172020,04,幼儿园环境创设实践,学前教育系,秋季学期,7,专业必修课,2,1,16,谢悦明,实验幼教楼201,35,EDUC0031162011;PREE0031152014
PRIM0031112001,01,小学课程标准解读实践,小学教育系,秋季学期,1,专业必修课,2,1,14,王杰洁,教二426,100,
PRIM0031112013,01,小学科学教学设计实验,小学教育系,秋季学期,1,学科基础课,2,1,12,刘磊楠,教二112,120,
PRIM0031112013,02,小学科学教学设计实验,小学教育系,秋季学期,1,学科基础课,2,1,12,马博磊,实验幼教楼423,120,
PRIM0031112013,03,小学科学教学设计实验,小学教育系,秋季学期,1,学科基础课,2,1,12,高敏佳,田家炳楼214,140,
PRIM0031112018,02,小学语文教学设计案例研究,小学教育系,秋季学期,1,专业必修课,4,1,14,黄琪洋,田家炳楼208,140,
PRIM0031112018,03,小学语文教学设计案例研究,小学教育系,秋季学期,1,专业必修课,4,1,14,陈明晨,教二402,130,
PRIM0031112021,02,小学教育学实践,小学教育系,秋季学期,1,学科基础课,2,1,16,吴磊楠,教一513,120,
PRIM0031112021,03,小学教育学实践,小学教育系,秋季学期,1,学科基础课,2,1,16,赵洋静,田家炳楼120,140,
PRIM0031132004,02,儿童阅读指导,小学教育系,秋季学期,3,专业必修课,3,1,14,何昕欣,教二219,50,
PRIM0031132004,03,儿童阅读指导,小学教育系,秋季学期,3,专业必修课,3,1,14,谢佳璐,实验幼教楼201,30,
PRIM0031132017,01,小学语文教学设计,小学教育系,秋季学期,3,专业必修课,3,1,14,宋琪洋,教一517,60,PSYC0031122013
PRIM0031152006,01,小学数学教学设计,小学教育系,秋季学期,5,专业必修课,3,1,14,胡雯悦,田家炳楼422,100,PRIM0031132004
PRIM0031152006,02,小学数学教学设计,小学教育系,秋季学期,5,专业必修课,3,1,14,谢佳璐,教二422,90,PRIM0031132004
PRIM0031152006,03,小学数学教学设计,小学教育系,秋季学期,5,专业必修课,3,1,14,马明晨,田家炳楼412,100,PRIM0031132004
PRIM0031152011,01,少先队活动设计,小学教育系,秋季学期,5,专业必修课,3,1,16,孙伟宁,实验幼教楼129,50,EDUC0031112006
PRIM0031152011,02,少先队活动设计,小学教育系,秋季学期,5,专业必修课,3,1,16,黄峰然,实验幼教楼129,60,EDUC0031112006
PRIM0031152011,03,少先队活动设计,小学教育系,秋季学期,5,专业必修课,3,1,16,朱宇明,教二118,60,EDUC0031112006
PRIM0031172008,01,小学教育学案例研究,小学教育系,秋季学期,7,专业选修课,3,1,12,郑睿宇,实验幼教楼417,30,
PRIM0031172008,02,小学教育学案例研究,小学教育系,秋季学期,7,专业选修课,3,1,12,梁昕欣,教一416,40,
PRIM0031172012,01,小学科学教学设计实践,小学教育系,秋季学期,7,专业必修课,3,5,10,何楠华,教一522,65,
PSYC0031132005,01,认知心理学,心理与认知科学学院,秋季学期,3,专业必修课,4,5,10,朱宇敏,田家炳楼218,30,
PSYC0031132005,02,认知心理学,心理与认知科学学院,秋季学期,3,专业必修课,4,5,10,刘静洋,实验幼教楼117,20,
PSYC0031132005,03,认知心理学,心理与认知科学学院,秋季学期,3,专业必修课,4,5,10,李洁芳,实验幼教楼215,50,
PSYC0031132005,04,认知心理学,心理与认知科学学院,秋季学期,3,专业必修课,4,5,10,李晨雯,教一221,40,
PSYC0031132007,01,学校心理辅导实验,心理与认知科学学院,秋季学期,3,专业选修课,3,1,16,陈博晨,教二129,50,
PSYC0031132007,02,学校心理辅导实验,心理与认知科学学院,秋季学期,3,专业选修课,3,1,16,林悦博,教二117,50,
PSYC0031132014,01,实验心理学实践,心理与认知科学学院,秋季学期,3,专业选修课,2.5,1,12,罗悦博,实验幼教楼209,40,PSYC0031122013
PSYC0031132020,03,学习心理学实践,心理与认知科学学院,秋季学期,3,专业必修课,2.5,1,16,周博晨,实验幼教楼201,80,
PSYC0031132024,03,普通心理学案例研究,心理与认知科学学院,秋季学期,3,专业必修课,3.5,1,14,杨悦博,田家炳楼301,100,PSYC0031122009
PSYC0031152008,02,心理测量案例研究,心理与认知科学学院,秋季学期,5,专业选修课,2.5,5,10,马明峰,实验幼教楼324,45,PSYC0031132005;PSYC0031142003
PSYC0031152010,01,心理测量实践,心理与认知科学学院,秋季学期,5,专业必修课,2,1,14,孙华睿,实验幼教楼311,140,PSYC0031142003;PSYC0031132005
PSYC0031172002,01,儿童青少年心理发展专题,心理与认知科学学院,秋季学期,7,专业必修课,3.5,1,18,何杰琪,实验幼教楼325,40,
PSYC0031172002,02,儿童青少年心理发展专题,心理与认知科学学院,秋季学期,7,专业必修课,3.5,1,18,徐然伟,教一515,40,
PSYC0031172002,04,儿童青少年心理发展专题,心理与认知科学学院,秋季学期,7,专业必修课,3.5,1,18,徐璐佳,实验幼教楼312,50,
PSYC0031172011,02,实验心理学实验,心理与认知科学学院,秋季学期,7,专业选修课,3,3,12,郑雯华,实验幼教楼210,70,PSYC0031152010;PSYC0031122009
POLI0031112015,02,基层治理专题,政治与国际关系学院,秋季学期,1,学科基础课,4,3,12,宋峰宁,公管楼122,35,
POLI0031112015,03,基层治理专题,政治与国际关系学院,秋季学期,1,学科基础课,4,3,12,吴欣雯,传播楼118,55,
POLI0031112015,04,基层治理专题,政治与国际关系学院,秋季学期,1,学科基础课,4,3,12,徐杰欣,法商楼108,45,
POLI0031112015,05,基层治理专题,政治与国际关系学院,秋季学期,1,学科基础课,4,3,12,高芳琳,法商楼201,55,
POLI0031112015,06,基层治理专题,政治与国际关系学院,秋季学期,1,学科基础课,4,3,12,孙洁昕,公管楼208,45,
POLI0031112025,02,外交学概论实验,政治与国际关系学院,秋季学期,1,学科基础课,3,1,18,刘琪敏,社科楼320,30,
POLI0031112025,03,外交学概论实验,政治与国际关系学院,秋季学期,1,学科基础课,3,1,18,周明磊,社科楼322,40,
POLI0031112025,04,外交学概论实验,政治与国际关系学院,秋季学期,1,学科基础课,3,1,18,李华然,法商楼329,40,
POLI0031112026,02,国际关系导论,政治与国际关系学院,秋季学期,1,学科基础课,2,1,16,刘静明,公管楼309,100,
POLI0031132005,05,基层治理,政治与国际关系学院,秋季学期,3,专业必修课,4,5,10,马宁晨,公管楼522,60,
POLI0031132022,01,比较政治制度案例研究,政治与国际关系学院,秋季学期,3,专业选修课,2,1,14,周宁晨,法商楼205,100,PHIL0031112004
POLI0031132029,01,政治学原理,政治与国际关系学院,秋季学期,3,专业选修课,2,1,16,何洋华,社科楼111,30,CHIN0031122005
POLI0031132029,03,政治学原理,政治与国际关系学院,秋季学期,3,专业选修课,2,1,16,徐昕静,传播楼302,20,CHIN0031122005
POLI0031152003,01,外交学概论案例研究,政治与国际关系学院,秋季学期,5,专业必修课,3.5,1,16,陈芳琳,法商楼530,100,
POLI0031152003,02,外交学概论案例研究,政治与国际关系学院,秋季学期,5,专业必修课,3.5,1,16,朱静明,社科楼215,120,
POLI0031152003,03,外交学概论案例研究,政治与国际关系学院,秋季学期,5,专业必修课,3.5,1,16,吴佳博,社科楼508,100,
POLI0031152007,02,基层治理课程设计,政治与国际关系学院,秋季学期,5,专业必修课,3,5,10,王杰欣,法商楼123,120,HIST0031142005
POLI0031152007,03,基层治理课程设计,政治与国际关系学院,秋季学期,5,专业必修课,3,5,10,林琳睿,传播楼525,130,HIST0031142005
POLI0031152019,01,公共危机管理专题,政治与国际关系学院,秋季学期,5,专业必修课,3.5,1,18,赵楠悦,传播楼529,60,HIST0031112004
POLI0031152019,02,公共危机管理专题,政治与国际关系学院,秋季学期,5,专业必修课,3.5,1,18,李华然,社科楼219,30,HIST0031112004
POLI0031152019,03,公共危机管理专题,政治与国际关系学院,秋季学期,5,专业必修课,3.5,1,18,何楠悦,法商楼515,40,HIST0031112004
POLI0031152019,04,公共危机管理专题,政治与国际关系学院,秋季学期,5,专业必修课,3.5,1,18,黄峰宁,社科楼323,40,HIST0031112004
POLI0031152020,02,国际政治经济学课程设计,政治与国际关系学院,秋季学期,5,专业必修课,3,1,16,孙华然,社科楼317,100,
POLI0031152020,04,国际政治经济学课程设计,政治与国际关系学院,秋季学期,5,专业必修课,3,1,16,林华然,社科楼218,100,
POLI0031152030,03,国际组织研究课程设计,政治与国际关系学院,秋季学期,5,专业必修课,3,1,18,梁昕静,传播楼304,40,
TEAC0031112010,02,课堂教学技能案例研究,教师教育学院,秋季学期,1,专业必修课,2,5,10,郑博悦,田家炳楼210,120,
TEAC0031132005,01,课堂教学技能实验,教师教育学院,秋季学期,3,专业必修课,2.5,5,10,何雯洁,教二320,120,EDUC0031112002
TEAC0031172012,03,教师语言艺术课程设计,教师教育学院,秋季学期,7,专业选修课,2,3,12,赵雯洁,教二419,65,PSYC0031132007
TEAC0031172023,04,教育研究方法专题,教师教育学院,秋季学期,7,专业必修课,2,3,12,赵睿欣,教二413,40,TEAC0031142011
EDUC0031112002,01,教育技术学专题,教育学部,秋季学期,1,学科基础课,5,1,18,赵敏琪,实验幼教楼308,140,
EDUC0031112002,02,教育技术学专题,教育学部,秋季学期,1,学科基础课,5,1,18,何敏琪,田家炳楼104,110,
EDUC0031112002,03,教育技术学专题,教育学部,秋季学期,1,学科基础课,5,1,18,罗宇楠,教一309,120,
EDUC0031112005,02,教育数据分析实验,教育学部,秋季学期,1,专业必修课,2.5,9,8,杨磊璐,教二119,40,
EDUC0031112005,03,教育数据分析实验,教育学部,秋季学期,1,专业必修课,2.5,9,8,朱伟洋,教一108,40,
EDUC0031112005,04,教育数据分析实验,教育学部,秋季学期,1,专业必修课,2.5,9,8,何芳琳,教二507,60,
EDUC0031112006,01,数字化学习设计案例研究,教育学部,秋季学期,1,学科基础课,4.5,1,16,何敏琪,教一314,60,
EDUC0031112006,03,数字化学习设计案例研究,教育学部,秋季学期,1,学科基础课,4.5,1,16,罗琪敏,教一423,60,
EDUC0031132014,01,教育测量与评价专题,教育学部,秋季学期,3,专业必修课,3.5,1,18,刘琳睿,田家炳楼108,40,
EDUC0031132014,02,教育测量与评价专题,教育学部,秋季学期,3,专业必修课,3.5,1,18,孙悦杰,田家炳楼518,30,
EDUC0031132014,03,教育测量与评价专题,教育学部,秋季学期,3,专业必修课,3.5,1,18,张璐洁,实验幼教楼407,40,
EDUC0031132018,01,教师专业发展专题,教育学部,秋季学期,3,专业必修课,3,1,16,孙佳博,田家炳楼220,100,EDUC0031122015
EDUC0031132018,02,教师专业发展专题,教育学部,秋季学期,3,专业必修课,3,1,16,郭琳睿,实验幼教楼406,110,EDUC0031122015
EDUC0031132018,03,教师专业发展专题,教育学部,秋季学期,3,专业必修课,3,1,16,李佳博,教二309,100,EDUC0031122015
EDUC0031132018,04,教师专业发展专题,教育学部,秋季学期,3,专业必修课,3,1,16,胡敏琪,实验幼教楼115,100,EDUC0031122015
EDUC0031172013,01,教师专业发展实验,教育学部,秋季学期,7,专业选修课,3,1,16,何然佳,田家炳楼302,100,
EDUC0031172013,02,教师专业发展实验,教育学部,秋季学期,7,专业选修课,3,1,16,罗琪敏,教二107,110,
EDUC0031172013,03,教师专业发展实验,教育学部,秋季学期,7,专业选修课,3,1,16,陈洋华,教二221,100,
EDUC0031172016,03,教育测量与评价实验,教育学部,秋季学期,7,专业必修课,2.5,1,12,朱伟洋,教二423,80,EDUC0031112005
EDUC0031172016,04,教育测量与评价实验,教育学部,秋季学期,7,专业必修课,2.5,1,12,刘峰宁,教二524,90,EDUC0031112005
EDUC0031172016,05,教育测量与评价实验,教育学部,秋季学期,7,专业必修课,2.5,1,12,杨佳博,教二429,70,EDUC0031112005
COMS0031121013,02,数学分析I,数学科学学院,秋季学期,1,学科基础课,5,1,16,胡然晨,信息楼525,80,
COMS0031121013,03,数学分析I,数学科学学院,秋季学期,1,学科基础课,5,1,16,王昕佳,实验楼523,60,
COMS0031121013,04,数学分析I,数学科学学院,秋季学期,1,学科基础课,5,1,16,梁睿静,理科楼410,60,
MATH0031112012,03,偏微分方程实验,数学科学学院,秋季学期,1,学科基础课,2.5,1,12,马杰琳,综合楼104,35,
MATH0031112012,04,偏微分方程实验,数学科学学院,秋季学期,1,学科基础课,2.5,1,12,李琪昕,信息楼305,35,
MATH0031112014,03,数学建模实验,数学科学学院,秋季学期,1,学科基础课,2.5,1,12,陈璐伟,综合楼305,50,
MATH0031112019,01,运筹学课程设计,数学科学学院,秋季学期,1,专业必修课,2,1,12,何明悦,实验楼425,65,
MATH0031112019,02,运筹学课程设计,数学科学学院,秋季学期,1,专业必修课,2,1,12,马敏磊,理科楼113,35,
MATH0031132005,02,矩阵分析实践,数学科学学院,秋季学期,3,专业必修课,3,1,16,马杰琳,实验楼530,80,
MATH0031132016,02,运筹学实验,数学科学学院,秋季学期,3,专业选修课,2,9,8,梁睿静,实验楼529,70,MATH0031112012
MATH0031172003,01,随机过程实践,数学科学学院,秋季学期,7,专业选修课,3,1,16,朱悦楠,实验楼308,110,
MATH0031172003,02,随机过程实践,数学科学学院,秋季学期,7,专业选修课,3,1,16,陈杰琳,信息楼323,100,
MATH0031172010,01,优化方法,数学科学学院,秋季学期,7,专业选修课,2,5,10,黄磊洋,理科楼528,60,MATH0031132006
COMS0031131019,02,数据库系统原理与实践,数据科学与工程学院,秋季学期,3,专业必修课,4,1,16,徐杰佳,理科楼208,100,COMS0031121009
COMS0031131019,04,数据库系统原理与实践,数据科学与工程学院,秋季学期,3,专业必修课,4,1,16,黄琪然,信息楼302,120,COMS0031121009
COMS0031131019,05,数据库系统原理与实践,数据科学与工程学院,秋季学期,3,专业必修课,4,1,16,杨晨博,理科楼213,100,COMS0031121009
DATA0031112016,04,数据可视化专题,数据科学与工程学院,秋季学期,1,学科基础课,2,1,16,郑睿华,信息楼112,80,
DATA0031112016,05,数据可视化专题,数据科学与工程学院,秋季学期,1,学科基础课,2,1,16,赵杰佳,信息楼205,80,
DATA0031112017,01,知识图谱实践,数据科学与工程学院,秋季学期,1,学科基础课,3,1,14,何洋洁,信息楼229,100,
DATA0031112017,02,知识图谱实践,数据科学与工程学院,秋季学期,1,学科基础课,3,1,14,黄峰睿,信息楼230,90,
DATA0031112017,03,知识图谱实践,数据科学与工程学院,秋季学期,1,学科基础课,3,1,14,张洋洁,实验楼314,80,
DATA0031112019,01,数据库应用开发,数据科学与工程学院,秋季学期,1,学科基础课,4,1,14,林悦璐,理科楼218,90,
DATA0031112019,02,数据库应用开发,数据科学与工程学院,秋季学期,1,学科基础课,4,1,14,朱琪然,实验楼509,90,
DATA0031112019,03,数据库应用开发,数据科学与工程学院,秋季学期,1,学科基础课,4,1,14,梁敏伟,信息楼323,100,
LAWS0031112003,03,劳动与社会保障法实践,法学院,秋季学期,1,学科基础课,2,9,8,胡宁宇,法商楼424,45,
LAWS0031112007,04,宪法学课程设计,法学院,秋季学期,1,学科基础课,4,1,14,郭磊明,公管楼502,110,
LAWS0031112007,05,宪法学课程设计,法学院,秋季学期,1,学科基础课,4,1,14,胡明峰,法商楼421,140,
LAWS0031112018,01,知识产权法案例研究,法学院,秋季学期,1,学科基础课,4,3,12,陈敏琳,社科楼315,60,
LAWS0031112018,02,知识产权法案例研究,法学院,秋季学期,1,学科基础课,4,3,12,胡明峰,传播楼213,60,
LAWS0031112018,04,知识产权法案例研究,法学院,秋季学期,1,学科基础课,4,3,12,梁杰琪,传播楼421,60,
LAWS0031132009,01,民法学专题,法学院,秋季学期,3,专业选修课,3,1,18,胡宁宇,法商楼203,40,HIST0031112011;CHIN0031122005
LAWS0031132009,02,民法学专题,法学院,秋季学期,3,专业选修课,3,1,18,孙伟然,法商楼326,50,HIST0031112011;CHIN0031122005
LAWS0031132030,01,民法学案例研究,法学院,秋季学期,3,专业必修课,3,1,14,何洋欣,社科楼209,140,PHIL0031112010
LAWS0031152011,01,法理学案例研究,法学院,秋季学期,5,专业必修课,3.5,3,12,林洁芳,社科楼406,40,POLI0031122010
LAWS0031152011,02,法理学案例研究,法学院,秋季学期,5,专业必修课,3.5,3,12,谢磊明,公管楼130,40,POLI0031122010
LAWS0031152011,03,法理学案例研究,法学院,秋季学期,5,专业必修课,3.5,3,12,朱宇敏,法商楼410,30,POLI0031122010
LAWS0031152011,04,法理学案例研究,法学院,秋季学期,5,专业必修课,3.5,3,12,张楠静,法商楼319,60,POLI0031122010
LAWS0031152015,01,刑法学,法学院,秋季学期,5,专业必修课,2,1,12,何楠静,传播楼229,120,POLI0031122012
LAWS0031172004,02,宪法学案例研究,法学院,秋季学期,7,专业必修课,3,5,10,刘宇敏,传播楼519,45,PHIL0031162006
LAWS0031172004,03,宪法学案例研究,法学院,秋季学期,7,专业必修课,3,5,10,周宁宇,公管楼321,55,PHIL0031162006
LAWS0031172013,02,法理学,法学院,秋季学期,7,专业必修课,3,1,12,罗悦博,公管楼125,45,
LAWS0031172013,03,法理学,法学院,秋季学期,7,专业必修课,3,1,12,张雯华,传播楼220,35,
LAWS0031172016,01,行政法与行政诉讼法,法学院,秋季学期,7,专业必修课,3,3,12,赵楠静,公管楼526,40,PHIL0031162005
LAWS0031172016,02,行政法与行政诉讼法,法学院,秋季学期,7,专业必修课,3,3,12,徐敏琳,公管楼524,30,PHIL0031162005
LAWS0031172016,03,行政法与行政诉讼法,法学院,秋季学期,7,专业必修课,3,3,12,朱磊明,公管楼124,50,PHIL0031162005
LAWS0031172025,01,行政法与行政诉讼法实践,法学院,秋季学期,7,专业必修课,2,1,12,马芳磊,法商楼429,100,CHIN0031152029
COMS0031161001,02,大学物理B（一）,物理与电子科学学院,秋季学期,1,学科基础课,2,9,8,徐敏洁,实验楼428,80,
PHYS0031112004,01,电磁学基础课程设计,物理与电子科学学院,秋季学期,1,专业必修课,3,1,16,郑雯峰,实验楼513,70,
PHYS0031112004,02,电磁学基础课程设计,物理与电子科学学院,秋季学期,1,专业必修课,3,1,16,杨悦芳,实验楼510,80,
PHYS0031112004,03,电磁学基础课程设计,物理与电子科学学院,秋季学期,1,专业必修课,3,1,16,郭琪明,实验楼112,80,
PHYS0031112007,01,半导体物理课程设计,物理与电子科学学院,秋季学期,1,专业必修课,4,1,12,林悦芳,信息楼409,30,
PHYS0031112007,03,半导体物理课程设计,物理与电子科学学院,秋季学期,1,专业必修课,4,1,12,宋华宁,综合楼103,50,
PHYS0031112007,04,半导体物理课程设计,物理与电子科学学院,秋季学期,1,专业必修课,4,1,12,高明伟,信息楼121,50,
PHYS0031112022,01,近代物理案例研究,物理与电子科学学院,秋季学期,1,学科基础课,5,1,16,朱伟敏,综合楼315,30,
PHYS0031112022,02,近代物理案例研究,物理与电子科学学院,秋季学期,1,学科基础课,5,1,16,胡雯峰,信息楼218,30,
PHYS0031112022,03,近代物理案例研究,物理与电子科学学院,秋季学期,1,学科基础课,5,1,16,梁敏洁,信息楼315,30,
PHYS0031132001,01,近代物理专题,物理与电子科学学院,秋季学期,3,专业必修课,3,1,14,徐然琪,综合楼419,100,
PHYS0031132001,02,近代物理专题,物理与电子科学学院,秋季学期,3,专业必修课,3,1,14,陈明伟,理科楼530,70,
PHYS0031132001,03,近代物理专题,物理与电子科学学院,秋季学期,3,专业必修课,3,1,14,谢静楠,信息楼206,90,
PHYS0031132015,02,光学基础课程设计,物理与电子科学学院,秋季学期,3,专业必修课,2,9,8,何昕华,信息楼410,55,
PHYS0031132019,01,材料物理基础,物理与电子科学学院,秋季学期,3,专业选修课,2,5,10,谢磊博,实验楼323,80,PHYS0031122003
PHYS0031152012,01,力学基础实验,物理与电子科学学院,秋季学期,5,专业必修课,3,1,16,王博琳,综合楼220,50,PHYS0031122008
PHYS0031152012,02,力学基础实验,物理与电子科学学院,秋季学期,5,专业必修课,3,1,16,梁敏洁,信息楼316,50,PHYS0031122008
PHYS0031152012,03,力学基础实验,物理与电子科学学院,秋季学期,5,专业必修课,3,1,16,谢静楠,信息楼306,70,PHYS0031122008
PHYS0031152012,06,力学基础实验,物理与电子科学学院,秋季学期,5,专业必修课,3,1,16,郭琪明,信息楼512,50,PHYS0031122008
PHYS0031152021,01,热学基础实验,物理与电子科学学院,秋季学期,5,专业必修课,2,3,12,黄峰洋,信息楼201,40,PHYS0031112004;PHYS0031132001
PHYS0031172024,01,物理实验,物理与电子科学学院,秋季学期,7,专业选修课,2,1,12,徐然琪,综合楼528,80,PHYS0031122008
SPED0031112008,01,学习障碍干预案例研究,特殊教育系,秋季学期,1,专业必修课,4,1,14,郑睿佳,实验幼教楼116,50,
SPED0031112008,02,学习障碍干预案例研究,特殊教育系,秋季学期,1,专业必修课,4,1,14,高敏悦,教二113,40,
SPED0031112012,02,特殊儿童评估案例研究,特殊教育系,秋季学期,1,学科基础课,3,5,10,高博欣,田家炳楼305,120,
SPED0031112012,03,特殊儿童评估案例研究,特殊教育系,秋季学期,1,学科基础课,3,5,10,林悦宁,田家炳楼509,120,
SPED0031112012,04,特殊儿童评估案例研究,特殊教育系,秋季学期,1,学科基础课,3,5,10,张雯琳,教二215,120,
SPED0031112012,05,特殊儿童评估案例研究,特殊教育系,秋季学期,1,学科基础课,3,5,10,马明洁,田家炳楼222,120,
SPED0031112022,01,特殊儿童评估,特殊教育系,秋季学期,1,学科基础课,5,1,16,何洋磊,田家炳楼221,50,
SPED0031112022,02,特殊儿童评估,特殊教育系,秋季学期,1,学科基础课,5,1,16,孙华楠,实验幼教楼514,30,
SPED0031112022,03,特殊儿童评估,特殊教育系,秋季学期,1,学科基础课,5,1,16,马宁琪,教一505,50,
SPED0031112022,04,特殊儿童评估,特殊教育系,秋季学期,1,学科基础课,5,1,16,王敏悦,实验幼教楼219,20,
SPED0031132004,01,自闭症儿童教育实践,特殊教育系,秋季学期,3,专业选修课,3,1,18,郭静杰,教一106,45,
SPED0031132004,03,自闭症儿童教育实践,特殊教育系,秋季学期,3,专业选修课,3,1,18,周博欣,实验幼教楼127,35,
SPED0031152010,03,学习障碍干预专题,特殊教育系,秋季学期,5,专业必修课,3,1,14,林晨洋,实验幼教楼301,35,SPED0031122002;SPED0031122003
SPED0031172013,02,视力障碍儿童教育课程设计,特殊教育系,秋季学期,7,专业选修课,2,1,16,刘磊睿,实验幼教楼401,90,SPED0031112008
SPED0031172013,03,视力障碍儿童教育课程设计,特殊教育系,秋季学期,7,专业选修课,2,1,16,王然华,田家炳楼127,100,SPED0031112008
SPED0031172019,01,智力障碍儿童教育案例研究,特殊教育系,秋季学期,7,专业选修课,2,1,12,陈芳静,教一529,65,SPED0031142011
BIOL0031112004,01,分子生物学案例研究,生命科学学院,秋季学期,1,学科基础课,4,1,16,赵睿伟,综合楼314,30,
BIOL0031112004,02,分子生物学案例研究,生命科学学院,秋季学期,1,学科基础课,4,1,16,马敏静,信息楼413,50,
BIOL0031112004,03,分子生物学案例研究,生命科学学院,秋季学期,1,学科基础课,4,1,16,黄宇雯,综合楼213,40,
BIOL0031112021,01,生物课程与教学论案例研究,生命科学学院,秋季学期,1,专业必修课,2,3,12,郭磊杰,综合楼106,50,
BIOL0031112021,02,生物课程与教学论案例研究,生命科学学院,秋季学期,1,专业必修课,2,3,12,胡宁琳,信息楼204,60,
BIOL0031152008,01,微生物学,生命科学学院,秋季学期,5,专业必修课,3,1,16,梁雯磊,理科楼117,80,BIOL0031122003
BIOL0031152008,03,微生物学,生命科学学院,秋季学期,5,专业必修课,3,1,16,杨峰明,实验楼228,50,BIOL0031122003
BIOL0031152008,04,微生物学,生命科学学院,秋季学期,5,专业必修课,3,1,16,王璐华,理科楼520,50,BIOL0031122003
BIOL0031172010,01,细胞生物学实践,生命科学学院,秋季学期,7,专业必修课,2,3,12,高敏静,理科楼521,100,BIOL0031142007
BIOL0031172017,02,分子生物学专题,生命科学学院,秋季学期,7,专业必修课,3,1,18,赵洋峰,理科楼309,40,BIOL0031122003
BIOL0031172027,01,微生物学实验,生命科学学院,秋季学期,7,专业选修课,3,1,12,马芳洁,信息楼107,60,BIOL0031122003
BIOL0031172031,02,分子生物学,生命科学学院,秋季学期,7,专业必修课,3,1,16,宋宇雯,信息楼511,110,BIOL0031112021
ENVI0031112010,02,环境科学导论案例研究,生态与环境科学学院,秋季学期,1,学科基础课,5,1,12,宋悦芳,理科楼210,80,
ENVI0031112010,03,环境科学导论案例研究,生态与环境科学学院,秋季学期,1,学科基础课,5,1,12,李欣杰,信息楼421,60,
ENVI0031112013,02,水环境保护实践,生态与环境科学学院,秋季学期,1,学科基础课,2,5,10,王明伟,实验楼511,35,
ENVI0031112021,02,土壤环境学专题,生态与环境科学学院,秋季学期,1,专业必修课,2,1,12,罗宇璐,实验楼111,60,
ENVI0031112025,04,水环境保护课程设计,生态与环境科学学院,秋季学期,1,学科基础课,2,1,14,周昕华,综合楼504,100,
ENVI0031112026,01,土壤环境学,生态与环境科学学院,秋季学期,1,学科基础课,4.5,3,12,郑洋悦,实验楼308,50,
ENVI0031112026,02,土壤环境学,生态与环境科学学院,秋季学期,1,学科基础课,4.5,3,12,郑璐欣,实验楼102,30,
ENVI0031112026,04,土壤环境学,生态与环境科学学院,秋季学期,1,学科基础课,4.5,3,12,高宁磊,实验楼206,20,
ENVI0031112032,01,环境影响评价案例研究,生态与环境科学学院,秋季学期,1,学科基础课,3,1,16,马洋悦,实验楼202,30,
ENVI0031112032,02,环境影响评价案例研究,生态与环境科学学院,秋季学期,1,学科基础课,3,1,16,黄悦芳,信息楼307,60,
ENVI0031112032,04,环境影响评价案例研究,生态与环境科学学院,秋季学期,1,学科基础课,3,1,16,刘洁然,综合楼330,40,
ENVI0031112032,05,环境影响评价案例研究,生态与环境科学学院,秋季学期,1,学科基础课,3,1,16,陈洋悦,信息楼204,40,
ENVI0031132005,01,土壤环境学课程设计,生态与环境科学学院,秋季学期,3,专业选修课,3,1,16,孙悦芳,理科楼205,30,ENVI0031122001
ENVI0031132006,01,环境化学实验,生态与环境科学学院,秋季学期,3,专业必修课,2,5,10,赵明伟,信息楼508,60,ENVI0031122001
ENVI0031132017,01,生态工程,生态与环境科学学院,秋季学期,3,专业必修课,4,5,10,高睿晨,实验楼113,120,ENVI0031112010;ENVI0031112014
ENVI0031132017,02,生态工程,生态与环境科学学院,秋季学期,3,专业必修课,4,5,10,孙欣杰,理科楼103,100,ENVI0031112010;ENVI0031112014
ENVI0031152016,01,水环境保护案例研究,生态与环境科学学院,秋季学期,5,专业选修课,2.5,1,16,吴伟敏,实验楼507,90,
ENVI0031172022,01,环境数据分析实验,生态与环境科学学院,秋季学期,7,专业必修课,3,1,16,何芳佳,信息楼519,35,ENVI0031122008
ENVI0031172022,02,环境数据分析实验,生态与环境科学学院,秋季学期,7,专业必修课,3,1,16,赵芳佳,综合楼207,35,ENVI0031122008
ENVI0031172022,04,环境数据分析实验,生态与环境科学学院,秋季学期,7,专业必修课,3,1,16,罗静楠,综合楼318,65,ENVI0031122008
ENVI0031172024,01,可持续发展概论实践,生态与环境科学学院,秋季学期,7,专业选修课,3,3,12,高雯峰,实验楼425,120,ENVI0031122001
ENVI0031172024,02,可持续发展概论实践,生态与环境科学学院,秋季学期,7,专业选修课,3,3,12,王雯峰,信息楼501,130,ENVI0031122001
COMS0031131037,01,嵌入式系统原理与实践,电子信息工程学院,秋季学期,5,专业必修课,4,5,10,黄峰杰,理科楼219,70,COMS0031121015;COMS0031131049
COMS0031131037,03,嵌入式系统原理与实践,电子信息工程学院,秋季学期,5,专业必修课,4,5,10,胡杰伟,信息楼302,60,COMS0031121015;COMS0031131049
ELEC0031112005,02,模拟电子技术实践,电子信息工程学院,秋季学期,1,学科基础课,3,5,10,杨悦明,信息楼420,120,
ELEC0031112005,03,模拟电子技术实践,电子信息工程学院,秋季学期,1,学科基础课,3,5,10,郭峰杰,实验楼128,130,
ELEC0031112005,04,模拟电子技术实践,电子信息工程学院,秋季学期,1,学科基础课,3,5,10,徐然峰,信息楼101,110,
ELEC0031112009,01,嵌入式开发专题,电子信息工程学院,秋季学期,1,专业必修课,3.5,3,12,郭华雯,综合楼530,30,
ELEC0031132017,01,智能硬件设计课程设计,电子信息工程学院,秋季学期,3,专业必修课,4,1,12,王芳宇,综合楼506,70,COMS0031121004
ELEC0031152019,01,嵌入式开发课程设计,电子信息工程学院,秋季学期,5,专业选修课,3,3,12,吴静昕,实验楼223,30,ELEC0031112005;ELEC0031122014
ELEC0031152019,02,嵌入式开发课程设计,电子信息工程学院,秋季学期,5,专业选修课,3,3,12,谢伟芳,实验楼319,50,ELEC0031112005;ELEC0031122014
SOCI0031112018,02,社会调查方法,社会发展学院,秋季学期,1,专业必修课,4,1,18,张宁欣,社科楼201,40,
SOCI0031112029,03,社会工作概论案例研究,社会发展学院,秋季学期,1,专业必修课,2,9,8,黄宇昕,社科楼412,70,
SOCI0031132001,01,社会政策实验,社会发展学院,秋季学期,3,专业必修课,2,9,8,谢欣洋,公管楼426,30,
SOCI0031132020,02,社会工作概论课程设计,社会发展学院,秋季学期,3,专业必修课,3,1,12,胡博华,社科楼121,140,SOCI0031112018;POLI0031122012
SOCI0031132020,03,社会工作概论课程设计,社会发展学院,秋季学期,3,专业必修课,3,1,12,朱晨明,公管楼516,110,SOCI0031112018;POLI0031122012
SOCI0031132020,04,社会工作概论课程设计,社会发展学院,秋季学期,3,专业必修课,3,1,12,谢欣洋,传播楼325,110,SOCI0031112018;POLI0031122012
SOCI0031132020,05,社会工作概论课程设计,社会发展学院,秋季学期,3,专业必修课,3,1,12,高璐晨,公管楼315,130,SOCI0031112018;POLI0031122012
SOCI0031152010,03,社会调查方法实践,社会发展学院,秋季学期,5,专业必修课,2.5,1,14,高昕伟,公管楼501,55,CHIN0031112006
SOCI0031152010,05,社会调查方法实践,社会发展学院,秋季学期,5,专业必修课,2.5,1,14,何楠佳,传播楼521,45,CHIN0031112006
SOCI0031172003,01,质性研究方法实验,社会发展学院,秋季学期,7,专业必修课,2,1,16,谢悦敏,公管楼130,110,POLI0031132002
SOCI0031172003,02,质性研究方法实验,社会发展学院,秋季学期,7,专业必修课,2,1,16,林洁璐,传播楼503,90,POLI0031132002
SOCI0031172003,03,质性研究方法实验,社会发展学院,秋季学期,7,专业必修课,2,1,16,黄琪芳,法商楼307,110,POLI0031132002
SOCI0031172009,01,家庭社会学专题,社会发展学院,秋季学期,7,专业选修课,3,5,10,吴悦敏,社科楼223,30,HIST0031142006;POLI0031122010
SOCI0031172021,01,人口学课程设计,社会发展学院,秋季学期,7,专业必修课,3.5,1,18,林洁璐,传播楼411,45,
SOCI0031172021,02,人口学课程设计,社会发展学院,秋季学期,7,专业必修课,3.5,1,18,徐洋琳,社科楼514,45,
SOCI0031172024,01,质性研究方法实践,社会发展学院,秋季学期,7,专业选修课,3,1,16,高昕伟,公管楼230,70,CHIN0031122005
ECON0031132014,01,宏观经济学实践,经济与管理学院,秋季学期,3,专业必修课,3,1,16,王博华,法商楼430,30,ECON0031122007
ECON0031132014,02,宏观经济学实践,经济与管理学院,秋季学期,3,专业必修课,3,1,16,杨静睿,公管楼220,50,ECON0031122007
ECON0031152011,02,微观经济学,经济与管理学院,秋季学期,5,专业必修课,2,1,16,郭洁璐,社科楼305,80,
STAT0031112001,02,应用回归分析课程设计,统计学院,秋季学期,1,学科基础课,3,1,12,郑敏峰,信息楼120,120,
STAT0031112001,03,应用回归分析课程设计,统计学院,秋季学期,1,学科基础课,3,1,12,高雯琪,综合楼421,140,
STAT0031112010,01,时间序列分析专题,统计学院,秋季学期,1,学科基础课,4,1,16,郑璐晨,信息楼118,60,
STAT0031112010,02,时间序列分析专题,统计学院,秋季学期,1,学科基础课,4,1,16,吴峰雯,信息楼128,60,
STAT0031112010,03,时间序列分析专题,统计学院,秋季学期,1,学科基础课,4,1,16,杨琪芳,理科楼423,60,
STAT0031112010,04,时间序列分析专题,统计学院,秋季学期,1,学科基础课,4,1,16,黄佳宁,理科楼206,60,
STAT0031112017,01,统计计算案例研究,统计学院,秋季学期,1,学科基础课,3,3,12,陈洋琳,理科楼307,55,
STAT0031112017,02,统计计算案例研究,统计学院,秋季学期,1,学科基础课,3,3,12,徐楠佳,综合楼310,45,
STAT0031112017,03,统计计算案例研究,统计学院,秋季学期,1,学科基础课,3,3,12,陈昕伟,信息楼427,35,
STAT0031112018,01,非参数统计,统计学院,秋季学期,1,学科基础课,3,1,16,林伟杰,信息楼516,60,
STAT0031112018,03,非参数统计,统计学院,秋季学期,1,学科基础课,3,1,16,高昕伟,综合楼129,60,
STAT0031112018,04,非参数统计,统计学院,秋季学期,1,学科基础课,3,1,16,林宇昕,实验楼406,60,
STAT0031112019,01,非参数统计实验,统计学院,秋季学期,1,学科基础课,3,1,18,周璐晨,理科楼211,80,
STAT0031112019,02,非参数统计实验,统计学院,秋季学期,1,学科基础课,3,1,18,何然宇,综合楼230,60,
STAT0031112019,03,非参数统计实验,统计学院,秋季学期,1,学科基础课,3,1,18,张博华,综合楼426,50,
STAT0031112019,04,非参数统计实验,统计学院,秋季学期,1,学科基础课,3,1,18,郭悦敏,理科楼219,80,
STAT0031112025,01,因果推断案例研究,统计学院,秋季学期,1,专业必修课,3.5,1,16,刘琳楠,信息楼128,100,
STAT0031112025,02,因果推断案例研究,统计学院,秋季学期,1,专业必修课,3.5,1,16,王楠佳,信息楼505,120,
STAT0031112025,04,因果推断案例研究,统计学院,秋季学期,1,专业必修课,3.5,1,16,赵宁欣,信息楼305,110,
STAT0031121004,01,概率论与数理统计A,统计学院,秋季学期,3,专业必修课,3,1,12,谢琳楠,实验楼402,170,COMS0031121014
STAT0031121004,02,概率论与数理统计A,统计学院,秋季学期,3,专业必修课,3,1,12,谢华博,理科楼311,170,COMS0031121014
STAT0031121004,03,概率论与数理统计A,统计学院,秋季学期,3,专业必修课,3,1,12,黄悦敏,理科楼324,180,COMS0031121014
STAT0031132008,01,抽样调查专题,统计学院,秋季学期,3,专业选修课,3,5,10,王洋琳,综合楼106,60,
STAT0031132015,02,非参数统计课程设计,统计学院,秋季学期,3,专业必修课,4,3,12,朱晨明,实验楼128,50,STAT0031112010
STAT0031132015,03,非参数统计课程设计,统计学院,秋季学期,3,专业必修课,4,3,12,孙宇昕,理科楼423,50,STAT0031112010
STAT0031132023,01,因果推断专题,统计学院,秋季学期,3,专业必修课,3,1,12,陈昕伟,理科楼507,110,
STAT0031132023,02,因果推断专题,统计学院,秋季学期,3,专业必修课,3,1,12,宋佳宁,理科楼120,140,
STAT0031132023,04,因果推断专题,统计学院,秋季学期,3,专业必修课,3,1,12,马昕伟,理科楼422,120,
STAT0031132023,05,因果推断专题,统计学院,秋季学期,3,专业必修课,3,1,12,谢洁璐,实验楼307,110,
STAT0031172009,01,应用回归分析专题,统计学院,秋季学期,7,专业选修课,2.5,1,16,宋佳宁,综合楼318,60,STAT0031132003
STAT0031172011,01,贝叶斯统计专题,统计学院,秋季学期,7,专业必修课,2,1,14,徐睿洁,实验楼128,30,
ARTS0031112013,02,素描实验,美术学院,秋季学期,1,学科基础课,2,1,14,杨琳昕,音乐楼310,50,
ARTS0031112013,05,素描实验,美术学院,秋季学期,1,学科基础课,2,1,14,宋峰洋,音乐楼327,60,
ARTS0031132002,01,中国美术史实验,美术学院,秋季学期,3,专业选修课,2.5,1,16,李洁然,音乐楼128,60,
ARTS0031132002,02,中国美术史实验,美术学院,秋季学期,3,专业选修课,2.5,1,16,谢宇璐,音乐楼325,50,
ARTS0031152010,03,艺术概论专题,美术学院,秋季学期,5,专业选修课,2.5,9,8,罗悦芳,美术楼228,20,ARTS0031112009
ARTS0031152011,01,视觉文化研究专题,美术学院,秋季学期,5,专业必修课,4,1,16,高敏洁,设计楼126,100,ARTS0031122007
ARTS0031152011,02,视觉文化研究专题,美术学院,秋季学期,5,专业必修课,4,1,16,胡宁磊,设计楼411,110,ARTS0031122007
ARTS0031152025,01,书法基础,美术学院,秋季学期,5,专业必修课,3,1,14,郭宇璐,音乐楼425,30,
ARTS0031152025,02,书法基础,美术学院,秋季学期,5,专业必修课,3,1,14,郭宇璐,美术楼313,30,
ARTS0031152025,03,书法基础,美术学院,秋季学期,5,专业必修课,3,1,14,高然琪,美术楼207,30,
ARTS0031152025,04,书法基础,美术学院,秋季学期,5,专业必修课,3,1,14,谢佳雯,音乐楼116,30,
ARTS0031152025,05,书法基础,美术学院,秋季学期,5,专业必修课,3,1,14,陈然琪,音乐楼118,30,
ARTS0031172006,01,油画基础实验,美术学院,秋季学期,7,专业必修课,3,1,14,王然琪,美术楼229,50,ARTS0031122005
ARTS0031172006,02,油画基础实验,美术学院,秋季学期,7,专业必修课,3,1,14,罗欣杰,音乐楼301,80,ARTS0031122005
ARTS0031172006,03,油画基础实验,美术学院,秋季学期,7,专业必修课,3,1,14,马芳佳,音乐楼504,70,ARTS0031122005
COMS0031112004,03,分布式系统,计算机科学与技术学院,秋季学期,1,专业必修课,2,1,14,胡洋佳,理科楼128,80,
COMS0031112004,05,分布式系统,计算机科学与技术学院,秋季学期,1,专业必修课,2,1,14,谢琪睿,理科楼529,80,
COMS0031112015,01,Web系统开发,计算机科学与技术学院,秋季学期,1,专业必修课,2,1,16,谢宇然,理科楼421,40,
COMS0031112018,02,智能课程规划实践案例研究,计算机科学与技术学院,秋季学期,1,专业必修课,2,1,12,黄琳璐,信息楼417,120,
COMS0031112028,02,分布式系统专题,计算机科学与技术学院,秋季学期,1,学科基础课,4,1,14,张敏晨,综合楼220,100,
COMS0031112028,03,分布式系统专题,计算机科学与技术学院,秋季学期,1,学科基础课,4,1,14,孙琳璐,实验楼329,80,
COMS0031112028,04,分布式系统专题,计算机科学与技术学院,秋季学期,1,学科基础课,4,1,14,徐博悦,综合楼130,70,
COMS0031121004,01,程序设计原理与C语言,计算机科学与技术学院,秋季学期,1,学科基础课,3,1,16,陈睿欣,实验楼121,90,
COMS0031121004,02,程序设计原理与C语言,计算机科学与技术学院,秋季学期,1,学科基础课,3,1,16,李悦明,实验楼203,100,
COMS0031121004,04,程序设计原理与C语言,计算机科学与技术学院,秋季学期,1,学科基础课,3,1,16,林欣敏,综合楼204,90,
COMS0031121004,06,程序设计原理与C语言,计算机科学与技术学院,秋季学期,1,学科基础课,3,1,16,林磊宁,理科楼116,100,
COMS0031131043,01,编程思维与实践,计算机科学与技术学院,秋季学期,3,专业必修课,2,1,12,郑昕琳,实验楼124,90,COMS0031121004
COMS0031131049,02,计算机组成与实践,计算机科学与技术学院,秋季学期,3,专业必修课,3,5,10,郭洁博,信息楼203,100,COMS0031121015
COMS0031131049,03,计算机组成与实践,计算机科学与技术学院,秋季学期,3,专业必修课,3,5,10,赵然峰,理科楼501,120,COMS0031121015
COMS0031131051,02,编译原理与实践,计算机科学与技术学院,秋季学期,5,专业必修课,4,1,14,张璐磊,信息楼203,160,COMS0031121009;COMS0031131013
COMS0031131051,03,编译原理与实践,计算机科学与技术学院,秋季学期,5,专业必修课,4,1,14,谢琪睿,理科楼401,160,COMS0031121009;COMS0031131013
COMS0031132032,01,分布式系统案例研究,计算机科学与技术学院,秋季学期,3,专业必修课,3,5,10,郭峰杰,理科楼208,80,COMS0031121004
COMS0031132032,02,分布式系统案例研究,计算机科学与技术学院,秋季学期,3,专业必修课,3,5,10,宋晨楠,综合楼306,70,COMS0031121004
COMS0031132032,03,分布式系统案例研究,计算机科学与技术学院,秋季学期,3,专业必修课,3,5,10,罗宇然,信息楼509,70,COMS0031121004
COMS0031152001,01,计算机视觉,计算机科学与技术学院,秋季学期,5,专业选修课,3,1,16,徐明华,实验楼408,80,
COMS0031152002,03,移动应用开发实践,计算机科学与技术学院,秋季学期,5,专业必修课,2.5,1,14,徐明华,实验楼105,110,COMS0031121013
COMS0031152016,04,Web系统开发实践,计算机科学与技术学院,秋季学期,5,专业选修课,2.5,9,8,马宁静,信息楼315,120,COMS0031131032
COMS0031152030,01,移动应用开发专题,计算机科学与技术学院,秋季学期,5,专业必修课,3,1,14,梁然峰,信息楼225,80,COMS0031142023
COMS0031152030,02,移动应用开发专题,计算机科学与技术学院,秋季学期,5,专业必修课,3,1,14,黄华雯,信息楼409,80,COMS0031142023
COMS0031172009,02,区块链技术专题,计算机科学与技术学院,秋季学期,7,专业必修课,2,3,12,谢琪睿,综合楼303,30,COMS0031131026
COMS0031172029,02,自然语言处理专题,计算机科学与技术学院,秋季学期,7,专业选修课,2,1,12,林悦明,综合楼415,80,COMS0031131037
DESN0031112008,01,版式设计,设计学院,秋季学期,1,学科基础课,3,1,12,赵昕磊,设计楼320,120,
DESN0031132033,01,用户研究实践,设计学院,秋季学期,3,专业必修课,2,9,8,杨琳明,设计楼418,30,DESN0031122010;DESN0031112008
DESN0031152001,01,服务设计课程设计,设计学院,秋季学期,5,专业必修课,4,1,14,宋华璐,设计楼501,80,
DESN0031152001,03,服务设计课程设计,设计学院,秋季学期,5,专业必修课,4,1,14,谢宇睿,设计楼208,80,
DESN0031152001,04,服务设计课程设计,设计学院,秋季学期,5,专业必修课,4,1,14,陈芳华,设计楼115,90,
DESN0031152017,02,数字媒体设计课程设计,设计学院,秋季学期,5,专业必修课,2,1,12,梁昕磊,设计楼122,90,DESN0031112016
DESN0031152023,01,交互设计实验,设计学院,秋季学期,5,专业必修课,2.5,1,12,赵璐峰,音乐楼224,80,DESN0031142020;DESN0031142006
DESN0031172015,02,图形创意课程设计,设计学院,秋季学期,7,专业必修课,3,1,14,刘宇睿,美术楼112,40,DESN0031112008;DESN0031142006
DESN0031172015,04,图形创意课程设计,设计学院,秋季学期,7,专业必修课,3,1,14,刘伟雯,音乐楼317,60,DESN0031112008;DESN0031142006
SOFT0031112004,01,软件项目管理,软件工程学院,秋季学期,1,专业必修课,2,1,12,徐楠宇,信息楼130,35,
SOFT0031112004,03,软件项目管理,软件工程学院,秋季学期,1,专业必修课,2,1,12,陈昕华,实验楼512,45,
SOFT0031112013,02,低代码平台设计实验,软件工程学院,秋季学期,1,专业必修课,3,5,10,宋静楠,信息楼304,50,
SOFT0031112024,04,软件项目管理实验,软件工程学院,秋季学期,1,学科基础课,2.5,9,8,李伟敏,理科楼414,60,
SOFT0031112024,05,软件项目管理实验,软件工程学院,秋季学期,1,学科基础课,2.5,9,8,马璐欣,信息楼309,70,
SOFT0031132003,01,前端工程实践实验,软件工程学院,秋季学期,3,专业必修课,2,1,12,郑芳佳,理科楼503,130,COMS0031131013
SOFT0031132003,03,前端工程实践实验,软件工程学院,秋季学期,3,专业必修课,2,1,12,高杰静,综合楼512,140,COMS0031131013
SOFT0031132007,01,低代码平台设计实践,软件工程学院,秋季学期,3,专业选修课,3,3,12,高昕华,信息楼111,60,COMS0031121004
SOFT0031132007,02,低代码平台设计实践,软件工程学院,秋季学期,3,专业选修课,3,3,12,徐雯峰,综合楼305,30,COMS0031121004
SOFT0031132017,01,低代码平台设计专题,软件工程学院,秋季学期,3,专业必修课,3,1,12,梁雯峰,综合楼517,100,
SOFT0031132017,03,低代码平台设计专题,软件工程学院,秋季学期,3,专业必修课,3,1,12,谢华宁,理科楼526,70,
SOFT0031152005,01,后端系统开发实践,软件工程学院,秋季学期,5,专业必修课,2.5,5,10,吴洁然,综合楼308,120,
MUSI0031112004,06,民族民间音乐课程设计,音乐学院,秋季学期,1,学科基础课,3,1,12,谢欣昕,美术楼220,80,
MUSI0031112015,01,钢琴基础案例研究,音乐学院,秋季学期,1,学科基础课,4.5,5,10,赵昕峰,设计楼325,90,
MUSI0031112015,02,钢琴基础案例研究,音乐学院,秋季学期,1,学科基础课,4.5,5,10,罗悦然,设计楼505,80,
MUSI0031112015,03,钢琴基础案例研究,音乐学院,秋季学期,1,学科基础课,4.5,5,10,何雯伟,设计楼406,100,
MUSI0031112015,04,钢琴基础案例研究,音乐学院,秋季学期,1,学科基础课,4.5,5,10,谢磊芳,美术楼125,80,
MUSI0031132005,01,声乐基础专题,音乐学院,秋季学期,3,专业选修课,3,1,18,周芳欣,美术楼212,65,MUSI0031112004
MUSI0031132005,02,声乐基础专题,音乐学院,秋季学期,3,专业选修课,3,1,18,陈博洁,美术楼430,45,MUSI0031112004
MUSI0031132024,02,西方音乐史实验,音乐学院,秋季学期,3,专业必修课,3,1,16,杨悦然,设计楼506,50,MUSI0031122014
MUSI0031132024,03,西方音乐史实验,音乐学院,秋季学期,3,专业必修课,3,1,16,杨琳洋,美术楼303,30,MUSI0031122014
MUSI0031132025,01,视唱练耳专题,音乐学院,秋季学期,3,专业选修课,3,1,16,郭宇杰,设计楼529,90,MUSI0031122021
MUSI0031152008,03,中国音乐史案例研究,音乐学院,秋季学期,5,专业必修课,3,1,16,何洋晨,美术楼425,55,MUSI0031112004
MUSI0031152018,01,音乐课程与教学论,音乐学院,秋季学期,5,专业必修课,2,1,14,周明琪,设计楼116,50,
MUSI0031152018,02,音乐课程与教学论,音乐学院,秋季学期,5,专业必修课,2,1,14,张洋晨,音乐楼208,60,
MUSI0031152019,01,西方音乐史案例研究,音乐学院,秋季学期,5,专业必修课,3.5,1,12,梁洋晨,音乐楼123,60,MUSI0031142011
MUSI0031152019,02,西方音乐史案例研究,音乐学院,秋季学期,5,专业必修课,3.5,1,12,郑雯伟,音乐楼313,80,MUSI0031142011
MUSI0031152028,01,作曲基础案例研究,音乐学院,秋季学期,5,专业选修课,2,1,12,梁洋晨,音乐楼402,80,MUSI0031122020
MUSI0031172006,01,视唱练耳课程设计,音乐学院,秋季学期,7,专业必修课,4,5,10,张雯伟,设计楼225,60,MUSI0031112004
MUSI0031172006,03,视唱练耳课程设计,音乐学院,秋季学期,7,专业必修课,4,5,10,何楠磊,美术楼123,60,MUSI0031112004
MUSI0031172010,01,合唱与指挥专题,音乐学院,秋季学期,7,专业必修课,3,5,10,赵洋晨,美术楼209,80,MUSI0031152008
MUSI0031172010,02,合唱与指挥专题,音乐学院,秋季学期,7,专业必修课,3,5,10,杨洁敏,美术楼320,70,MUSI0031152008
MUSI0031172010,03,合唱与指挥专题,音乐学院,秋季学期,7,专业必修课,3,5,10,陈然静,音乐楼523,60,MUSI0031152008
MUSI0031172027,02,音乐课程与教学论案例研究,音乐学院,秋季学期,7,专业选修课,2,3,12,林洁敏,音乐楼301,20,MUSI0031152019;MUSI0031112004
MARX0031112005,01,中国共产党历史课程设计,马克思主义学院,秋季学期,1,学科基础课,4,3,12,高昕琪,法商楼402,40,
MARX0031112005,02,中国共产党历史课程设计,马克思主义学院,秋季学期,1,学科基础课,4,3,12,宋磊敏,社科楼420,50,
MARX0031112005,03,中国共产党历史课程设计,马克思主义学院,秋季学期,1,学科基础课,4,3,12,赵睿华,传播楼327,20,
MARX0031112021,02,马克思主义基本原理专题,马克思主义学院,秋季学期,1,专业必修课,3,1,16,朱晨博,公管楼515,60,
MARX0031112021,03,马克思主义基本原理专题,马克思主义学院,秋季学期,1,专业必修课,3,1,16,吴华芳,传播楼419,80,
MARX0031112025,01,社会思潮研究课程设计,马克思主义学院,秋季学期,1,学科基础课,3,1,16,徐雯静,社科楼214,30,
MARX0031112025,02,社会思潮研究课程设计,马克思主义学院,秋季学期,1,学科基础课,3,1,16,郭悦璐,公管楼324,30,
MARX0031112025,03,社会思潮研究课程设计,马克思主义学院,秋季学期,1,学科基础课,3,1,16,周杰佳,公管楼221,40,
MARX0031112025,04,社会思潮研究课程设计,马克思主义学院,秋季学期,1,学科基础课,3,1,16,赵宁悦,传播楼226,40,
MARX0031112028,01,思想政治课程与教学论专题,马克思主义学院,秋季学期,1,专业必修课,3,3,12,孙宇洋,公管楼411,140,
MARX0031112028,03,思想政治课程与教学论专题,马克思主义学院,秋季学期,1,专业必修课,3,3,12,胡博峰,传播楼502,110,
MARX0031112028,04,思想政治课程与教学论专题,马克思主义学院,秋季学期,1,专业必修课,3,3,12,谢琳雯,社科楼201,120,
MARX0031132001,01,科学社会主义实践,马克思主义学院,秋季学期,3,专业选修课,2,9,8,张明宇,法商楼508,70,
MARX0031152003,01,中国近现代史纲要,马克思主义学院,秋季学期,5,专业必修课,3,5,10,罗华芳,法商楼110,40,POLI0031132002
MARX0031152003,03,中国近现代史纲要,马克思主义学院,秋季学期,5,专业必修课,3,5,10,何明宇,社科楼325,50,POLI0031132002
MARX0031152015,01,思想政治课程与教学论案例研究,马克思主义学院,秋季学期,5,专业选修课,2,3,12,吴洁杰,法商楼120,80,
MARX0031152023,02,思想道德与法治,马克思主义学院,秋季学期,5,专业必修课,2,5,10,林静宁,传播楼428,40,CHIN0031142012
MARX0031152023,03,思想道德与法治,马克思主义学院,秋季学期,5,专业必修课,2,5,10,朱悦璐,传播楼327,40,CHIN0031142012
MARX0031152032,01,思想政治课程与教学论,马克思主义学院,秋季学期,5,专业选修课,2.5,1,14,高杰佳,法商楼224,80,PHIL0031142018
MARX0031172018,01,马克思主义基本原理课程设计,马克思主义学院,秋季学期,7,专业必修课,3,1,16,周璐琳,传播楼104,90,HIST0031162018
MARX0031172018,02,马克思主义基本原理课程设计,马克思主义学院,秋季学期,7,专业必修课,3,1,16,张芳晨,传播楼325,90,HIST0031162018
MARX0031172019,01,政治经济学课程设计,马克思主义学院,秋季学期,7,专业必修课,4,5,10,谢琳雯,社科楼210,70,SOCI0031132011
MARX0031172019,03,政治经济学课程设计,马克思主义学院,秋季学期,7,专业必修课,4,5,10,李宇洋,公管楼525,80,SOCI0031132011
MARX0031172029,03,社会思潮研究实践,马克思主义学院,秋季学期,7,专业选修课,2,1,14,李磊敏,公管楼207,40,
CHIN0031112006,04,古代汉语专题,中国语言文学系,秋季学期,1,专业必修课,3,1,12,宋佳洋,文史楼103,120,
CHIN0031112021,01,中国文学批评史实践,中国语言文学系,秋季学期,1,专业必修课,2,1,14,谢洁博,文史楼114,100,
CHIN0031112021,02,中国文学批评史实践,中国语言文学系,秋季学期,1,专业必修课,2,1,14,杨华雯,中文楼114,100,
CHIN0031132009,01,现代汉语实验,中国语言文学系,秋季学期,3,专业必修课,3,1,14,林琪睿,中文楼501,90,CHIN0031122005
CHIN0031132010,02,外国文学,中国语言文学系,秋季学期,3,专业必修课,3,1,12,孙琪睿,中文楼122,45,PHIL0031112010
CHIN0031132010,04,外国文学,中国语言文学系,秋季学期,3,专业必修课,3,1,12,陈昕琳,外语楼407,65,PHIL0031112010
CHIN0031132016,01,外国文学课程设计,中国语言文学系,秋季学期,3,专业选修课,2.5,3,12,刘琳璐,人文楼122,65,
CHIN0031132016,02,外国文学课程设计,中国语言文学系,秋季学期,3,专业选修课,2.5,3,12,高洋佳,中文楼304,45,
CHIN0031132023,01,比较文学,中国语言文学系,秋季学期,3,专业选修课,2.5,1,14,宋佳洋,文史楼125,100,
CHIN0031132026,01,训诂学,中国语言文学系,秋季学期,3,专业必修课,3.5,1,16,刘琳璐,文史楼424,35,PHIL0031112013
CHIN0031132031,01,现代汉语,中国语言文学系,秋季学期,3,专业选修课,1.5,1,8,宋佳洋,文史楼120,60,CHIN0031122005;HIST0031122003
CHIN0031132034,01,古代汉语实践,中国语言文学系,秋季学期,3,专业必修课,1.5,3,8,何宁静,文史楼121,100,HIST0031122030;CHIN0031112006
CHIN0031132034,02,古代汉语实践,中国语言文学系,秋季学期,3,专业必修课,1.5,3,8,徐楠琪,人文楼317,100,HIST0031122030;CHIN0031112006
CHIN0031132034,03,古代汉语实践,中国语言文学系,秋季学期,3,专业必修课,1.5,3,8,李琪睿,人文楼528,100,HIST0031122030;CHIN0031112006
CHIN0031152002,01,现代汉语实践,中国语言文学系,秋季学期,5,专业选修课,2,9,8,黄欣敏,文史楼320,70,HIST0031142005
CHIN0031152027,03,语言学概论实践,中国语言文学系,秋季学期,5,专业必修课,2,3,12,郑然峰,中文楼224,80,POLI0031142001;POLI0031142008
CHIN0031152027,04,语言学概论实践,中国语言文学系,秋季学期,5,专业必修课,2,3,12,刘晨楠,外语楼313,100,POLI0031142001;POLI0031142008
CHIN0031152029,01,训诂学实验,中国语言文学系,秋季学期,5,专业必修课,2,9,8,杨伟芳,文史楼206,45,PHIL0031112010
CHIN0031152029,02,训诂学实验,中国语言文学系,秋季学期,5,专业必修课,2,9,8,吴华雯,外语楼123,45,PHIL0031112010
CHIN0031152033,02,汉字学实践,中国语言文学系,秋季学期,5,专业选修课,3,5,10,梁雯洁,外语楼509,60,
CHIN0031172007,02,写作学,中国语言文学系,秋季学期,7,专业选修课,3,1,16,郭晨楠,人文楼311,80,SOCI0031132001;POLI0031132004
CHIN0031172022,02,训诂学实践,中国语言文学系,秋季学期,7,专业选修课,2,1,14,李琪睿,中文楼229,70,
CHIN0031172022,03,训诂学实践,中国语言文学系,秋季学期,7,专业选修课,2,1,14,陈昕琳,文史楼120,100,
AINT0031112009,02,生成式人工智能实践,人工智能学院,秋季学期,1,学科基础课,2.5,1,14,胡楠磊,理科楼221,60,
AINT0031112009,03,生成式人工智能实践,人工智能学院,秋季学期,1,学科基础课,2.5,1,14,高博洁,信息楼430,50,
AINT0031112013,01,AI安全与伦理实践,人工智能学院,秋季学期,1,学科基础课,2,1,16,朱磊芳,信息楼113,130,
AINT0031112013,02,AI安全与伦理实践,人工智能学院,秋季学期,1,学科基础课,2,1,16,吴佳睿,理科楼508,110,
AINT0031112013,03,AI安全与伦理实践,人工智能学院,秋季学期,1,学科基础课,2,1,16,刘宇杰,实验楼225,120,
AINT0031112013,04,AI安全与伦理实践,人工智能学院,秋季学期,1,学科基础课,2,1,16,张洋晨,综合楼123,130,
AINT0031112013,05,AI安全与伦理实践,人工智能学院,秋季学期,1,学科基础课,2,1,16,孙峰楠,综合楼117,120,
AINT0031112016,02,神经网络基础,人工智能学院,秋季学期,1,专业必修课,3.5,3,12,周睿琳,综合楼320,80,
AINT0031112016,05,神经网络基础,人工智能学院,秋季学期,1,专业必修课,3.5,3,12,陈宁佳,理科楼228,90,
AINT0031132010,02,智能机器人,人工智能学院,秋季学期,3,专业必修课,3,1,18,马睿琳,理科楼120,55,
AINT0031132010,05,智能机器人,人工智能学院,秋季学期,3,专业必修课,3,1,18,张雯伟,实验楼520,55,
AINT0031132015,03,机器学习实践,人工智能学院,秋季学期,3,专业必修课,2,1,16,林琳洋,实验楼107,120,AINT0031112009
AINT0031132015,04,机器学习实践,人工智能学院,秋季学期,3,专业必修课,2,1,16,胡睿琳,综合楼228,120,AINT0031112009
AINT0031152007,01,强化学习实验,人工智能学院,秋季学期,5,专业必修课,2,5,10,徐然静,实验楼314,20,AINT0031122006
AINT0031152007,02,强化学习实验,人工智能学院,秋季学期,5,专业必修课,2,5,10,梁璐悦,实验楼219,30,AINT0031122006
AINT0031152007,04,强化学习实验,人工智能学院,秋季学期,5,专业必修课,2,5,10,吴宇杰,信息楼420,30,AINT0031122006
AINT0031152021,02,模式识别专题,人工智能学院,秋季学期,5,专业必修课,2,3,12,罗悦然,理科楼518,20,
AINT0031152021,03,模式识别专题,人工智能学院,秋季学期,5,专业必修课,2,3,12,朱静雯,信息楼319,50,
AINT0031172001,01,机器学习案例研究,人工智能学院,秋季学期,7,专业选修课,1.5,1,10,黄琪博,理科楼506,80,COMS0031131013
AINT0031172001,02,机器学习案例研究,人工智能学院,秋季学期,7,专业选修课,1.5,1,10,王然静,信息楼519,70,COMS0031131013
COMM0031112002,01,网络舆情分析实践,传播学院,秋季学期,1,学科基础课,2,9,8,徐睿宇,社科楼228,80,
COMM0031112002,02,网络舆情分析实践,传播学院,秋季学期,1,学科基础课,2,9,8,谢伟宁,传播楼408,100,
COMM0031112016,01,影视作品分析案例研究,传播学院,秋季学期,1,专业必修课,3,5,10,高雯悦,社科楼227,120,
COMM0031112016,02,影视作品分析案例研究,传播学院,秋季学期,1,专业必修课,3,5,10,陈洋静,法商楼507,90,
COMM0031112016,03,影视作品分析案例研究,传播学院,秋季学期,1,专业必修课,3,5,10,胡璐琪,法商楼320,120,
COMM0031112018,04,传播学概论案例研究,传播学院,秋季学期,1,学科基础课,3,5,10,刘琳芳,社科楼312,100,
COMM0031112023,02,广告学课程设计,传播学院,秋季学期,1,学科基础课,3,1,16,吴琪洋,公管楼221,30,
COMM0031112023,04,广告学课程设计,传播学院,秋季学期,1,学科基础课,3,1,16,王雯悦,法商楼425,20,
COMM0031132009,01,公共关系学专题,传播学院,秋季学期,3,专业选修课,1,3,8,何然琳,公管楼308,60,PHIL0031112004
COMM0031132009,02,公共关系学专题,传播学院,秋季学期,3,专业选修课,1,3,8,黄琳芳,社科楼428,60,PHIL0031112004
COMM0031132009,03,公共关系学专题,传播学院,秋季学期,3,专业选修课,1,3,8,梁宁峰,公管楼107,80,PHIL0031112004
COMM0031132010,02,新闻学概论实验,传播学院,秋季学期,3,专业必修课,2,1,16,朱洁睿,公管楼312,100,PHIL0031112004;HIST0031112004
COMM0031152022,02,网络舆情分析课程设计,传播学院,秋季学期,5,专业必修课,3.5,1,18,马楠华,法商楼201,20,
COMM0031152022,03,网络舆情分析课程设计,传播学院,秋季学期,5,专业必修课,3.5,1,18,郑洋静,传播楼326,50,
COMM0031152027,01,公共关系学实践,传播学院,秋季学期,5,专业必修课,2,1,12,黄琳芳,传播楼122,120,COMM0031122024
COMM0031152027,03,公共关系学实践,传播学院,秋季学期,5,专业必修课,2,1,12,孙悦雯,传播楼428,140,COMM0031122024
COMM0031172014,01,媒介经营管理课程设计,传播学院,秋季学期,7,专业必修课,2,9,8,郑杰洁,传播楼210,120,HIST0031152013
COMM0031172014,02,媒介经营管理课程设计,传播学院,秋季学期,7,专业必修课,2,9,8,陈楠华,法商楼305,90,HIST0031152013
COMM0031172014,03,媒介经营管理课程设计,传播学院,秋季学期,7,专业必修课,2,9,8,宋悦雯,社科楼529,90,HIST0031152013
COMM0031172014,04,媒介经营管理课程设计,传播学院,秋季学期,7,专业必修课,2,9,8,谢华昕,社科楼527,110,HIST0031152013
COMM0031172014,05,媒介经营管理课程设计,传播学院,秋季学期,7,专业必修课,2,9,8,罗静敏,法商楼411,90,HIST0031152013
COMM0031172014,06,媒介经营管理课程设计,传播学院,秋季学期,7,专业必修课,2,9,8,周昕欣,传播楼420,110,HIST0031152013
COMM0031172025,01,数据新闻课程设计,传播学院,秋季学期,7,专业选修课,2.5,9,8,郑昕欣,公管楼509,120,HIST0031162001
COMM0031172025,02,数据新闻课程设计,传播学院,秋季学期,7,专业选修课,2.5,9,8,王明晨,社科楼219,120,HIST0031162001
SPRT0031112006,02,篮球专题,体育与健康学院,秋季学期,1,专业必修课,3,1,18,孙佳雯,音乐楼304,120,
SPRT0031112006,03,篮球专题,体育与健康学院,秋季学期,1,专业必修课,3,1,18,梁明伟,美术楼504,120,
SPRT0031112022,03,武术,体育与健康学院,秋季学期,1,专业必修课,3,1,18,陈睿晨,美术楼123,140,
SPRT0031132009,01,足球实践,体育与健康学院,秋季学期,3,专业选修课,1.5,9,8,谢琪明,音乐楼122,60,SPRT0031122003
SPRT0031132014,01,学校体育学实验,体育与健康学院,秋季学期,3,专业必修课,1.5,5,8,杨琪明,音乐楼126,80,
SPRT0031132014,02,学校体育学实验,体育与健康学院,秋季学期,3,专业必修课,1.5,5,8,梁宁磊,音乐楼312,60,
SPRT0031132021,02,武术案例研究,体育与健康学院,秋季学期,3,专业选修课,2,1,12,梁博琳,美术楼212,100,
SPRT0031132021,03,武术案例研究,体育与健康学院,秋季学期,3,专业选修课,2,1,12,王睿晨,设计楼103,120,
SPRT0031152005,01,体育课程与教学论实验,体育与健康学院,秋季学期,5,专业选修课,2,1,12,张敏洁,美术楼124,100,SPRT0031122003
SPRT0031152005,02,体育课程与教学论实验,体育与健康学院,秋季学期,5,专业选修课,2,1,12,张芳佳,美术楼226,70,SPRT0031122003
SPRT0031152012,01,体操课程设计,体育与健康学院,秋季学期,5,专业选修课,2.5,1,14,马雯峰,美术楼203,40,SPRT0031122011
SPRT0031152024,01,足球课程设计,体育与健康学院,秋季学期,5,专业必修课,3,3,12,郑璐欣,设计楼404,50,
SPRT0031172015,02,篮球,体育与健康学院,秋季学期,7,专业必修课,3,1,14,高楠宇,设计楼115,120,SPRT0031122011
LIBR0031152008,03,信息检索语言课程设计,信息管理系,秋季学期,5,专业必修课,3,3,12,赵芳琳,公管楼215,40,LIBR0031132002;LIBR0031122001
LIBR0031152008,04,信息检索语言课程设计,信息管理系,秋季学期,5,专业必修课,3,3,12,梁博伟,社科楼125,30,LIBR0031132002;LIBR0031122001
LIBR0031152013,01,数字图书馆,信息管理系,秋季学期,5,专业选修课,1,3,8,陈楠悦,公管楼519,90,LIBR0031122001
LIBR0031152013,02,数字图书馆,信息管理系,秋季学期,5,专业选修课,1,3,8,杨静明,社科楼521,110,LIBR0031122001
LIBR0031172003,01,信息检索语言,信息管理系,秋季学期,7,专业选修课,2,5,10,罗伟洋,社科楼427,50,LIBR0031132002
LIBR0031172004,01,文献计量学实验,信息管理系,秋季学期,7,专业选修课,1.5,1,8,陈雯宇,传播楼511,50,LIBR0031122001
LIBR0031172004,02,文献计量学实验,信息管理系,秋季学期,7,专业选修课,1.5,1,8,吴静明,公管楼408,40,LIBR0031122001
LIBR0031172007,02,信息政策与法规,信息管理系,秋季学期,7,专业必修课,2,5,10,黄洁昕,社科楼124,70,
LIBR0031172010,01,学术出版与传播案例研究,信息管理系,秋季学期,7,专业选修课,1,1,12,孙欣雯,法商楼114,110,
LIBR0031172010,02,学术出版与传播案例研究,信息管理系,秋季学期,7,专业选修课,1,1,12,徐宁晨,社科楼413,120,
LIBR0031172021,01,档案学概论实践,信息管理系,秋季学期,7,专业选修课,2.5,1,14,梁宁晨,公管楼408,45,LIBR0031152008
PUBA0031112003,01,行政管理学案例研究,公共管理学院,秋季学期,1,学科基础课,3,1,14,郑雯佳,公管楼510,120,
PUBA0031112003,03,行政管理学案例研究,公共管理学院,秋季学期,1,学科基础课,3,1,14,郑雯佳,公管楼318,110,
PUBA0031112003,05,行政管理学案例研究,公共管理学院,秋季学期,1,学科基础课,3,1,14,林磊昕,法商楼112,140,
PUBA0031112009,01,公共部门人力资源管理实验,公共管理学院,秋季学期,1,学科基础课,2,1,16,何然悦,传播楼311,90,
PUBA0031112009,02,公共部门人力资源管理实验,公共管理学院,秋季学期,1,学科基础课,2,1,16,杨佳然,传播楼501,110,
PUBA0031112009,03,公共部门人力资源管理实验,公共管理学院,秋季学期,1,学科基础课,2,1,16,朱峰博,法商楼511,100,
PUBA0031112022,01,电子政务实践,公共管理学院,秋季学期,1,学科基础课,3,1,16,罗宇睿,社科楼102,70,
PUBA0031112022,03,电子政务实践,公共管理学院,秋季学期,1,学科基础课,3,1,16,张璐峰,社科楼125,70,
PUBA0031132010,01,非营利组织管理实践,公共管理学院,秋季学期,3,专业选修课,1.5,1,10,马宁洁,公管楼124,45,PUBA0031122004;PUBA0031112003
PUBA0031132010,02,非营利组织管理实践,公共管理学院,秋季学期,3,专业选修课,1.5,1,10,罗佳然,传播楼511,45,PUBA0031122004;PUBA0031112003
PUBA0031132017,01,社会保障概论实验,公共管理学院,秋季学期,3,专业选修课,2,1,14,周洋伟,法商楼315,60,PUBA0031112012
PUBA0031132024,02,公共部门人力资源管理专题,公共管理学院,秋季学期,3,专业必修课,3.5,1,18,刘伟雯,社科楼513,80,PUBA0031122015
PUBA0031152005,01,电子政务专题,公共管理学院,秋季学期,5,专业选修课,2,5,10,高明欣,传播楼407,80,PUBA0031112003
PUBA0031152021,01,社会保障概论,公共管理学院,秋季学期,5,专业必修课,3,1,16,刘华璐,传播楼407,70,
PUBA0031172002,01,行政管理学课程设计,公共管理学院,秋季学期,7,专业选修课,2.5,3,12,郑洋伟,传播楼203,80,PUBA0031122001
CHEM0031112004,03,分析化学课程设计,化学与分子工程学院,秋季学期,1,专业必修课,3.5,1,18,赵然琪,理科楼528,110,
CHEM0031112004,04,分析化学课程设计,化学与分子工程学院,秋季学期,1,专业必修课,3.5,1,18,马楠宇,实验楼524,120,
CHEM0031112014,01,高分子化学实验,化学与分子工程学院,秋季学期,1,专业必修课,2,9,8,周洋悦,综合楼504,45,
CHEM0031132001,01,分析化学专题,化学与分子工程学院,秋季学期,3,专业选修课,3,1,14,马洋悦,理科楼208,30,
CHEM0031132001,02,分析化学专题,化学与分子工程学院,秋季学期,3,专业选修课,3,1,14,赵然琪,信息楼102,40,
CHEM0031132006,01,有机化学实践,化学与分子工程学院,秋季学期,3,专业必修课,2,1,16,孙磊博,实验楼106,100,CHEM0031122003;CHEM0031112004
CHEM0031132008,01,食品化学课程设计,化学与分子工程学院,秋季学期,3,专业必修课,3.5,3,12,何芳佳,实验楼203,90,CHEM0031122003;CHEM0031112004
CHEM0031132008,03,食品化学课程设计,化学与分子工程学院,秋季学期,3,专业必修课,3.5,3,12,胡杰静,综合楼116,100,CHEM0031122003;CHEM0031112004
CHEM0031132008,04,食品化学课程设计,化学与分子工程学院,秋季学期,3,专业必修课,3.5,3,12,何敏洁,信息楼109,100,CHEM0031122003;CHEM0031112004
CHEM0031132013,01,结构化学专题,化学与分子工程学院,秋季学期,3,专业选修课,2,5,10,赵芳佳,理科楼105,140,CHEM0031122003
CHEM0031132013,03,结构化学专题,化学与分子工程学院,秋季学期,3,专业选修课,2,5,10,徐博琳,理科楼116,140,CHEM0031122003
CHEM0031132016,01,环境化学实践,化学与分子工程学院,秋季学期,3,专业选修课,2.5,9,8,高楠宇,实验楼112,120,CHEM0031122003;CHEM0031112014
CHEM0031132018,01,分析化学,化学与分子工程学院,秋季学期,3,专业必修课,3,1,16,宋欣杰,综合楼127,40,CHEM0031112014
CHEM0031132018,02,分析化学,化学与分子工程学院,秋季学期,3,专业必修课,3,1,16,李宇璐,实验楼302,40,CHEM0031112014
CHEM0031152010,01,材料化学课程设计,化学与分子工程学院,秋季学期,5,专业必修课,3,5,10,吴华宁,实验楼517,40,CHEM0031132008
CHEM0031152010,03,材料化学课程设计,化学与分子工程学院,秋季学期,5,专业必修课,3,5,10,宋悦芳,综合楼515,20,CHEM0031132008
CHEM0031152012,01,环境化学课程设计,化学与分子工程学院,秋季学期,5,专业选修课,1.5,1,10,宋佳雯,信息楼107,70,CHEM0031142011;CHEM0031132006
CHEM0031152012,02,环境化学课程设计,化学与分子工程学院,秋季学期,5,专业选修课,1.5,1,10,马昕华,理科楼530,60,CHEM0031142011;CHEM0031132006
CHEM0031152012,03,环境化学课程设计,化学与分子工程学院,秋季学期,5,专业选修课,1.5,1,10,周洋悦,实验楼525,50,CHEM0031142011;CHEM0031132006
CHEM0031152027,02,环境化学专题,化学与分子工程学院,秋季学期,5,专业必修课,2,1,16,徐明伟,综合楼223,30,
CHEM0031152027,03,环境化学专题,化学与分子工程学院,秋季学期,5,专业必修课,2,1,16,谢华宁,理科楼513,50,
CHEM0031152028,01,食品化学实践,化学与分子工程学院,秋季学期,5,专业必修课,2,9,8,宋悦芳,信息楼220,120,CHEM0031132002
CHEM0031152028,02,食品化学实践,化学与分子工程学院,秋季学期,5,专业必修课,2,9,8,谢洁然,实验楼127,130,CHEM0031132002
CHEM0031152028,03,食品化学实践,化学与分子工程学院,秋季学期,5,专业必修课,2,9,8,罗峰洋,综合楼109,120,CHEM0031132002
CHEM0031152030,01,高分子化学专题,化学与分子工程学院,秋季学期,5,专业必修课,2,1,12,谢伟敏,信息楼125,50,CHEM0031112004
CHEM0031152030,02,高分子化学专题,化学与分子工程学院,秋季学期,5,专业必修课,2,1,12,高雯峰,实验楼419,40,CHEM0031112004
CHEM0031152030,03,高分子化学专题,化学与分子工程学院,秋季学期,5,专业必修课,2,1,12,宋佳雯,理科楼130,30,CHEM0031112004
CHEM0031152030,04,高分子化学专题,化学与分子工程学院,秋季学期,5,专业必修课,2,1,12,谢峰洋,信息楼208,40,CHEM0031112004
CHEM0031152030,05,高分子化学专题,化学与分子工程学院,秋季学期,5,专业必修课,2,1,12,胡然琪,实验楼127,20,CHEM0031112004
CHEM0031172005,02,化学与分子工程环境化学实验,化学与分子工程学院,秋季学期,7,专业选修课,2.5,1,16,孙佳雯,信息楼428,20,
CHEM0031172031,01,化学安全教育实验,化学与分子工程学院,秋季学期,7,专业选修课,2,9,8,郭晨睿,信息楼119,40,CHEM0031112026
CHEM0031172031,02,化学安全教育实验,化学与分子工程学院,秋季学期,7,专业选修课,2,9,8,张芳佳,实验楼314,40,CHEM0031112026
CHEM0031172031,03,化学安全教育实验,化学与分子工程学院,秋季学期,7,专业选修课,2,9,8,马昕华,信息楼426,50,CHEM0031112026
HIST0031112004,01,世界近现代史实验,历史学系,秋季学期,1,专业必修课,2,1,14,张睿华,中文楼320,30,
HIST0031112004,03,世界近现代史实验,历史学系,秋季学期,1,专业必修课,2,1,14,王然磊,外语楼527,20,
HIST0031112009,01,中国古代史课程设计,历史学系,秋季学期,1,学科基础课,3,1,16,黄伟昕,中文楼228,30,
HIST0031112009,03,中国古代史课程设计,历史学系,秋季学期,1,学科基础课,3,1,16,林华芳,外语楼516,40,
HIST0031112011,01,考古学通论专题,历史学系,秋季学期,1,学科基础课,3,1,12,刘宇洋,外语楼121,100,
HIST0031112011,03,考古学通论专题,历史学系,秋季学期,1,学科基础课,3,1,12,张雯静,文史楼223,100,
HIST0031112011,04,考古学通论专题,历史学系,秋季学期,1,学科基础课,3,1,12,王璐琳,人文楼315,120,
HIST0031112022,01,历史地理学,历史学系,秋季学期,1,学科基础课,2,3,12,徐璐琳,人文楼317,60,
HIST0031112022,02,历史地理学,历史学系,秋季学期,1,学科基础课,2,3,12,林华芳,人文楼224,60,
HIST0031112022,03,历史地理学,历史学系,秋季学期,1,学科基础课,2,3,12,杨洁杰,外语楼129,80,
HIST0031112024,03,口述史方法课程设计,历史学系,秋季学期,1,学科基础课,3,1,18,朱佳明,人文楼328,110,
HIST0031112024,06,口述史方法课程设计,历史学系,秋季学期,1,学科基础课,3,1,18,张雯静,文史楼524,90,
HIST0031132015,02,世界古代史专题,历史学系,秋季学期,3,专业选修课,2,1,14,张楠欣,中文楼321,110,POLI0031122016;CHIN0031112006
HIST0031132016,01,历史课程与教学论实践,历史学系,秋季学期,3,专业选修课,2,3,12,徐璐琳,中文楼403,50,
HIST0031132028,01,世界古代史课程设计,历史学系,秋季学期,3,专业选修课,2,3,12,杨琳雯,人文楼516,50,PHIL0031112013;POLI0031122010
HIST0031132028,02,世界古代史课程设计,历史学系,秋季学期,3,专业选修课,2,3,12,何楠欣,人文楼503,20,PHIL0031112013;POLI0031122010
HIST0031152012,01,中国近现代史实验,历史学系,秋季学期,5,专业选修课,2,3,12,张睿华,文史楼424,65,CHIN0031112006
HIST0031152013,01,中外文明交流史专题,历史学系,秋季学期,5,专业选修课,2.5,1,12,刘宇洋,中文楼126,100,SOCI0031122005
HIST0031152013,02,中外文明交流史专题,历史学系,秋季学期,5,专业选修课,2.5,1,12,徐杰佳,人文楼526,90,SOCI0031122005
HIST0031172007,01,历史文献学案例研究,历史学系,秋季学期,7,专业选修课,3,5,10,郑雯静,人文楼202,100,POLI0031132004;CHIN0031152002
HIST0031172014,02,中外文明交流史,历史学系,秋季学期,7,专业必修课,3.5,1,16,吴佳明,中文楼327,50,HIST0031152013
HIST0031172014,03,中外文明交流史,历史学系,秋季学期,7,专业必修课,3.5,1,16,王敏伟,中文楼427,50,HIST0031152013
HIST0031172023,01,区域社会史案例研究,历史学系,秋季学期,7,专业选修课,3,1,16,何昕琪,外语楼211,60,CHIN0031112021
HIST0031172025,02,世界近现代史实践,历史学系,秋季学期,7,专业必修课,2.5,9,8,宋琪然,人文楼114,20,HIST0031142021
HIST0031172029,02,区域社会史实验,历史学系,秋季学期,7,专业选修课,2,3,12,罗晨博,中文楼509,120,CHIN0031142017
HIST0031172029,03,区域社会史实验,历史学系,秋季学期,7,专业选修课,2,3,12,宋琪然,外语楼501,140,CHIN0031142017
CLAS0031112026,01,古典修辞学实践,古典文明研究中心,秋季学期,1,学科基础课,1.5,1,8,赵璐峰,文史楼201,60,
CLAS0031112026,02,古典修辞学实践,古典文明研究中心,秋季学期,1,学科基础课,1.5,1,8,罗佳然,文史楼222,80,
CLAS0031112026,03,古典修辞学实践,古典文明研究中心,秋季学期,1,学科基础课,1.5,1,8,梁敏宇,外语楼119,60,
CLAS0031132006,02,古典学导论实验,古典文明研究中心,秋季学期,3,专业必修课,3,1,16,孙晨敏,中文楼412,40,
CLAS0031132028,02,古典修辞学专题,古典文明研究中心,秋季学期,3,专业选修课,3,1,16,周睿琪,外语楼213,100,CLAS0031122015;CLAS0031112026
CLAS0031152008,03,古希腊文明实践,古典文明研究中心,秋季学期,5,专业必修课,3,1,18,罗宇睿,人文楼218,40,
CLAS0031152012,01,古典文献导读实践,古典文明研究中心,秋季学期,5,专业必修课,2,3,12,张洋伟,外语楼217,110,CLAS0031142010
CLAS0031152012,02,古典文献导读实践,古典文明研究中心,秋季学期,5,专业必修课,2,3,12,周洋伟,文史楼420,100,CLAS0031142010
CLAS0031152012,04,古典文献导读实践,古典文明研究中心,秋季学期,5,专业必修课,2,3,12,谢静芳,外语楼327,90,CLAS0031142010
CLAS0031152019,01,古典学导论实践,古典文明研究中心,秋季学期,5,专业必修课,1.5,1,10,李晨敏,文史楼329,35,
CLAS0031152019,02,古典学导论实践,古典文明研究中心,秋季学期,5,专业必修课,1.5,1,10,黄琳明,文史楼409,45,
CLAS0031152019,03,古典学导论实践,古典文明研究中心,秋季学期,5,专业必修课,1.5,1,10,何昕磊,文史楼503,55,
CLAS0031172003,01,古代地中海史课程设计,古典文明研究中心,秋季学期,7,专业选修课,1,5,8,黄琳明,外语楼508,120,
CLAS0031172011,01,西方古典艺术案例研究,古典文明研究中心,秋季学期,7,专业选修课,1,9,8,王芳华,人文楼529,100,CLAS0031142004
CLAS0031172011,02,西方古典艺术案例研究,古典文明研究中心,秋季学期,7,专业选修课,1,9,8,罗欣宁,人文楼430,90,CLAS0031142004
CLAS0031172011,03,西方古典艺术案例研究,古典文明研究中心,秋季学期,7,专业选修课,1,9,8,刘伟雯,人文楼320,90,CLAS0031142004
CLAS0031172014,03,文明比较研究实践,古典文明研究中心,秋季学期,7,专业必修课,3,5,10,林佳然,外语楼107,120,CLAS0031152009;CLAS0031132006
CLAS0031172020,01,古典政治思想案例研究,古典文明研究中心,秋季学期,7,专业必修课,3,1,14,高博静,外语楼229,45,CLAS0031142004
CLAS0031172020,05,古典政治思想案例研究,古典文明研究中心,秋季学期,7,专业必修课,3,1,14,宋晨敏,中文楼406,55,CLAS0031142004
PHIL0031112004,04,科学技术哲学,哲学系,秋季学期,1,专业必修课,3,1,18,周博悦,人文楼312,35,
PHIL0031112010,01,现代西方哲学实验,哲学系,秋季学期,1,专业必修课,1.5,9,8,郑明华,中文楼503,100,
PHIL0031112010,02,现代西方哲学实验,哲学系,秋季学期,1,专业必修课,1.5,9,8,徐楠琪,人文楼218,100,
PHIL0031112010,03,现代西方哲学实验,哲学系,秋季学期,1,专业必修课,1.5,9,8,郑芳宇,中文楼405,110,
PHIL0031112013,01,科学技术哲学实践,哲学系,秋季学期,1,专业必修课,2,3,12,刘悦明,外语楼512,110,
PHIL0031112013,02,科学技术哲学实践,哲学系,秋季学期,1,专业必修课,2,3,12,马璐磊,中文楼402,120,
PHIL0031112013,03,科学技术哲学实践,哲学系,秋季学期,1,专业必修课,2,3,12,宋琪睿,中文楼514,140,
PHIL0031152007,01,哲学导论实验,哲学系,秋季学期,5,专业必修课,2,5,10,马然峰,人文楼319,130,HIST0031122002
PHIL0031152007,02,哲学导论实验,哲学系,秋季学期,5,专业必修课,2,5,10,杨琳璐,中文楼222,110,HIST0031122002
PHIL0031152007,05,哲学导论实验,哲学系,秋季学期,5,专业必修课,2,5,10,孙伟芳,人文楼206,120,HIST0031122002
PHIL0031152012,02,西方哲学史专题,哲学系,秋季学期,5,专业必修课,2,1,14,陈然峰,人文楼501,80,
PHIL0031152019,01,中国哲学史案例研究,哲学系,秋季学期,5,专业选修课,2,1,16,杨琳璐,外语楼521,80,POLI0031132022
PHIL0031152019,02,中国哲学史案例研究,哲学系,秋季学期,5,专业选修课,2,1,16,刘磊宁,文史楼230,80,POLI0031132022
PHIL0031152019,03,中国哲学史案例研究,哲学系,秋季学期,5,专业选修课,2,1,16,胡明华,中文楼119,70,POLI0031132022
PHIL0031172001,04,西方哲学史,哲学系,秋季学期,7,专业必修课,3.5,1,12,谢琳璐,文史楼516,50,POLI0031132004;HIST0031112004
PHIL0031172008,01,宗教学概论实验,哲学系,秋季学期,7,专业必修课,2,1,14,黄宇然,人文楼112,40,POLI0031142008
PHIL0031172008,02,宗教学概论实验,哲学系,秋季学期,7,专业必修课,2,1,14,朱晨楠,人文楼421,40,POLI0031142008
PHIL0031172008,03,宗教学概论实验,哲学系,秋季学期,7,专业必修课,2,1,14,黄磊宁,外语楼302,50,POLI0031142008
PHIL0031172011,01,科学技术哲学实验,哲学系,秋季学期,7,专业选修课,2.5,1,16,郭宇然,中文楼528,60,CHIN0031152002;HIST0031142006
PHIL0031172016,01,宗教学概论案例研究,哲学系,秋季学期,7,专业选修课,1.5,9,8,王昕琳,中文楼120,100,PHIL0031112013
PHIL0031172016,02,宗教学概论案例研究,哲学系,秋季学期,7,专业选修课,1.5,9,8,张宁静,中文楼502,90,PHIL0031112013
PHIL0031172020,01,伦理学课程设计,哲学系,秋季学期,7,专业选修课,2,3,12,杨洁博,外语楼413,45,
PHIL0031172020,02,伦理学课程设计,哲学系,秋季学期,7,专业选修课,2,3,12,谢晨楠,中文楼416,45,
PHIL0031172020,03,伦理学课程设计,哲学系,秋季学期,7,专业选修课,2,3,12,徐杰伟,文史楼528,45,
PHIL0031172027,02,宗教学概论实践,哲学系,秋季学期,7,专业必修课,2,1,12,马芳宇,中文楼209,60,PHIL0031162002
PHIL0031172027,03,宗教学概论实践,哲学系,秋季学期,7,专业必修课,2,1,12,张睿欣,外语楼403,60,PHIL0031162002
PHIL0031172027,04,宗教学概论实践,哲学系,秋季学期,7,专业必修课,2,1,12,胡明华,人文楼522,60,PHIL0031162002
GEOG0031112024,01,人文地理学课程设计,地理科学学院,秋季学期,1,专业必修课,2,1,12,谢晨宁,实验楼218,60,
GEOG0031112024,02,人文地理学课程设计,地理科学学院,秋季学期,1,专业必修课,2,1,12,郑芳欣,理科楼328,30,
GEOG0031112024,04,人文地理学课程设计,地理科学学院,秋季学期,1,专业必修课,2,1,12,黄佳睿,理科楼526,30,
GEOG0031132014,03,环境变化研究案例研究,地理科学学院,秋季学期,3,专业必修课,3,5,10,何宁佳,实验楼510,70,GEOG0031112012
GEOG0031132016,01,遥感导论专题,地理科学学院,秋季学期,3,专业必修课,2,9,8,宋宇杰,理科楼303,70,
GEOG0031132016,02,遥感导论专题,地理科学学院,秋季学期,3,专业必修课,2,9,8,李伟璐,信息楼524,80,
GEOG0031132016,03,遥感导论专题,地理科学学院,秋季学期,3,专业必修课,2,9,8,李琪博,信息楼521,50,
GEOG0031132018,02,地理信息系统实践,地理科学学院,秋季学期,3,专业必修课,3,1,16,朱琳洋,信息楼427,65,
GEOG0031152004,02,地貌学实践,地理科学学院,秋季学期,5,专业必修课,2.5,3,12,高昕峰,理科楼309,80,GEOG0031142001
GEOG0031152004,03,地貌学实践,地理科学学院,秋季学期,5,专业必修课,2.5,3,12,刘欣昕,信息楼427,80,GEOG0031142001
GEOG0031152005,01,遥感导论课程设计,地理科学学院,秋季学期,5,专业必修课,3.5,3,12,何睿琳,综合楼105,80,
GEOG0031152005,03,遥感导论课程设计,地理科学学院,秋季学期,5,专业必修课,3.5,3,12,杨伟璐,实验楼515,60,
GEOG0031152010,01,人文地理学专题,地理科学学院,秋季学期,5,专业选修课,1,1,8,马然静,理科楼518,70,
GEOG0031152010,02,人文地理学专题,地理科学学院,秋季学期,5,专业选修课,1,1,8,刘欣昕,综合楼507,80,
GEOG0031152021,01,地貌学案例研究,地理科学学院,秋季学期,5,专业选修课,3,1,18,黄欣昕,综合楼524,80,GEOG0031132016
GEOG0031172011,01,地貌学,地理科学学院,秋季学期,7,专业选修课,1,5,8,梁雯伟,综合楼125,80,GEOG0031152005;GEOG0031152004
GEOG0031172011,02,地貌学,地理科学学院,秋季学期,7,专业选修课,1,5,8,宋磊芳,综合楼330,80,GEOG0031152005;GEOG0031152004
GEOG0031172011,03,地貌学,地理科学学院,秋季学期,7,专业选修课,1,5,8,马敏华,信息楼404,80,GEOG0031152005;GEOG0031152004
URBN0031112024,03,区域经济学实践,城市与区域科学学院,秋季学期,1,学科基础课,3,1,14,陈宁佳,理科楼502,60,
URBN0031112024,05,区域经济学实践,城市与区域科学学院,秋季学期,1,学科基础课,3,1,14,何楠磊,实验楼516,60,
URBN0031132007,01,城市更新,城市与区域科学学院,秋季学期,3,专业选修课,3,1,12,高然静,综合楼430,30,
URBN0031132017,01,城市更新实验,城市与区域科学学院,秋季学期,3,专业必修课,1.5,9,8,李悦然,理科楼224,80,URBN0031112012
URBN0031132017,02,城市更新实验,城市与区域科学学院,秋季学期,3,专业必修课,1.5,9,8,马宁佳,实验楼423,100,URBN0031112012
URBN0031132017,03,城市更新实验,城市与区域科学学院,秋季学期,3,专业必修课,1.5,9,8,谢磊芳,实验楼422,90,URBN0031112012
URBN0031132028,01,乡村振兴规划实验,城市与区域科学学院,秋季学期,3,专业选修课,2,1,14,梁然静,理科楼301,90,
URBN0031152003,02,城市治理实践,城市与区域科学学院,秋季学期,5,专业选修课,3,1,14,梁敏华,理科楼112,80,
URBN0031152029,02,乡村振兴规划,城市与区域科学学院,秋季学期,5,专业选修课,3,1,14,谢静雯,理科楼423,60,URBN0031142021
URBN0031172015,02,房地产经济学实践,城市与区域科学学院,秋季学期,7,专业必修课,2,1,14,梁杰宇,理科楼119,40,
URBN0031172020,02,城市更新课程设计,城市与区域科学学院,秋季学期,7,专业必修课,3.5,5,10,马博洁,理科楼314,50,URBN0031142008
URBN0031172020,05,城市更新课程设计,城市与区域科学学院,秋季学期,7,专业必修课,3.5,5,10,杨欣昕,信息楼405,80,URBN0031142008
LANG0031112021,04,科技英语写作案例研究,外语学院,秋季学期,1,专业必修课,2,1,16,杨琳昕,中文楼527,100,
LANG0031132007,01,语言与人工智能专题,外语学院,秋季学期,3,专业必修课,2,1,16,林琳昕,文史楼503,130,LANG0031122001
LANG0031132007,02,语言与人工智能专题,外语学院,秋季学期,3,专业必修课,2,1,16,梁杰静,中文楼216,110,LANG0031122001
LANG0031132012,01,法语入门实验,外语学院,秋季学期,3,专业选修课,1.5,1,12,胡明伟,文史楼216,70,LANG0031112004
LANG0031132015,01,跨文化交流课程设计,外语学院,秋季学期,3,专业选修课,1.5,1,8,刘佳雯,外语楼216,100,
LANG0031152006,02,语言与人工智能案例研究,外语学院,秋季学期,5,专业必修课,3,1,14,罗悦芳,中文楼120,20,LANG0031122001
LANG0031152006,03,语言与人工智能案例研究,外语学院,秋季学期,5,专业必修课,3,1,14,孙峰洋,外语楼104,30,LANG0031122001
LANG0031152006,04,语言与人工智能案例研究,外语学院,秋季学期,5,专业必修课,3,1,14,徐昕华,文史楼522,20,LANG0031122001
LANG0031152011,01,翻译实践,外语学院,秋季学期,5,专业必修课,1.5,1,8,马然琪,文史楼103,60,LANG0031142008
LANG0031152011,02,翻译实践,外语学院,秋季学期,5,专业必修课,1.5,1,8,胡明伟,外语楼426,70,LANG0031142008
LANG0031152011,03,翻译实践,外语学院,秋季学期,5,专业必修课,1.5,1,8,徐杰静,人文楼409,50,LANG0031142008
LANG0031152011,04,翻译实践,外语学院,秋季学期,5,专业必修课,1.5,1,8,杨琳昕,文史楼308,70,LANG0031142008
LANG0031152011,05,翻译实践,外语学院,秋季学期,5,专业必修课,1.5,1,8,林峰洋,中文楼416,80,LANG0031142008
LANG0031152022,01,商务英语专题,外语学院,秋季学期,5,专业必修课,3.5,1,16,周宁磊,外语楼117,70,
LANG0031152022,02,商务英语专题,外语学院,秋季学期,5,专业必修课,3.5,1,16,黄伟敏,外语楼228,80,
LANG0031172018,01,学术英语专题,外语学院,秋季学期,7,专业必修课,2,1,16,张宁磊,人文楼122,110,LANG0031152011
LANG0031172018,02,学术英语专题,外语学院,秋季学期,7,专业必修课,2,1,16,朱欣杰,人文楼323,110,LANG0031152011
LANG0031172018,03,学术英语专题,外语学院,秋季学期,7,专业必修课,2,1,16,杨琳昕,人文楼507,120,LANG0031152011
LANG0031172020,01,英语演讲专题,外语学院,秋季学期,7,专业必修课,2,1,14,王杰静,外语楼327,140,LANG0031152011
LANG0031172020,02,英语演讲专题,外语学院,秋季学期,7,专业必修课,2,1,14,朱宇璐,中文楼413,120,LANG0031152011
LANG0031172020,03,英语演讲专题,外语学院,秋季学期,7,专业必修课,2,1,14,高璐欣,中文楼208,120,LANG0031152011
LANG0031172020,05,英语演讲专题,外语学院,秋季学期,7,专业必修课,2,1,14,梁洋悦,中文楼424,130,LANG0031152011
PREE0031112013,01,幼儿心理学实践,学前教育系,秋季学期,1,专业必修课,1.5,1,10,李峰杰,教二509,60,
PREE0031112013,02,幼儿心理学实践,学前教育系,秋季学期,1,专业必修课,1.5,1,10,何宁静,田家炳楼212,60,
PREE0031112013,03,幼儿心理学实践,学前教育系,秋季学期,1,专业必修课,1.5,1,10,马然峰,教二320,70,
PREE0031112013,04,幼儿心理学实践,学前教育系,秋季学期,1,专业必修课,1.5,1,10,梁雯洁,教一514,50,
PREE0031112017,01,学前儿童科学教育实验,学前教育系,秋季学期,1,学科基础课,2,3,12,郭磊宁,教一418,70,
PREE0031112017,04,学前儿童科学教育实验,学前教育系,秋季学期,1,学科基础课,2,3,12,郑敏晨,实验幼教楼501,70,
PREE0031132006,01,学前儿童语言教育,学前教育系,秋季学期,3,专业选修课,2.5,1,12,王昕琳,教二428,80,PREE0031112003
PREE0031132021,01,儿童行为观察课程设计,学前教育系,秋季学期,3,专业选修课,1,1,8,高璐磊,实验幼教楼104,60,PSYC0031122009
PREE0031132021,02,儿童行为观察课程设计,学前教育系,秋季学期,3,专业选修课,1,1,8,赵宁静,田家炳楼329,30,PSYC0031122009
PREE0031132021,03,儿童行为观察课程设计,学前教育系,秋季学期,3,专业选修课,1,1,8,李峰杰,实验幼教楼304,60,PSYC0031122009
PREE0031152002,01,亲子教育指导实验,学前教育系,秋季学期,5,专业必修课,2,1,12,李琪睿,实验幼教楼430,120,
PREE0031152002,02,亲子教育指导实验,学前教育系,秋季学期,5,专业必修课,2,1,12,吴华雯,教一514,130,
PREE0031152002,03,亲子教育指导实验,学前教育系,秋季学期,5,专业必修课,2,1,12,周璐磊,田家炳楼509,140,
PREE0031152009,01,儿童行为观察实践,学前教育系,秋季学期,5,专业必修课,2,3,12,宋宇然,教一530,40,
PREE0031152009,02,儿童行为观察实践,学前教育系,秋季学期,5,专业必修课,2,3,12,马璐磊,实验幼教楼419,40,
PREE0031152009,03,儿童行为观察实践,学前教育系,秋季学期,5,专业必修课,2,3,12,陈敏晨,教一206,50,
PREE0031152009,04,儿童行为观察实践,学前教育系,秋季学期,5,专业必修课,2,3,12,郑博悦,实验幼教楼117,30,
PREE0031152010,01,幼儿心理学,学前教育系,秋季学期,5,专业必修课,2,9,8,宋静昕,教二113,80,EDUC0031112002
PREE0031152010,02,幼儿心理学,学前教育系,秋季学期,5,专业必修课,2,9,8,胡明华,实验幼教楼126,90,EDUC0031112002
PREE0031152025,02,学前教育学实验,学前教育系,秋季学期,5,专业必修课,3,1,14,高璐磊,教一306,100,
PREE0031152026,01,亲子教育指导专题,学前教育系,秋季学期,5,专业选修课,1,1,8,王杰伟,教一424,40,PREE0031112003
PREE0031152026,02,亲子教育指导专题,学前教育系,秋季学期,5,专业选修课,1,1,8,郑然峰,教一214,40,PREE0031112003
PREE0031152026,03,亲子教育指导专题,学前教育系,秋季学期,5,专业选修课,1,1,8,胡明华,教二411,40,PREE0031112003
PREE0031172012,01,学前儿童语言教育实验,学前教育系,秋季学期,7,专业必修课,1.5,5,8,林琪睿,教二121,60,PREE0031152009;PREE0031122005
PREE0031172012,02,学前儿童语言教育实验,学前教育系,秋季学期,7,专业必修课,1.5,5,8,陈敏晨,田家炳楼313,40,PREE0031152009;PREE0031122005
PREE0031172012,03,学前儿童语言教育实验,学前教育系,秋季学期,7,专业必修课,1.5,5,8,王杰伟,田家炳楼522,60,PREE0031152009;PREE0031122005
PREE0031172012,04,学前儿童语言教育实验,学前教育系,秋季学期,7,专业必修课,1.5,5,8,郭悦明,教二113,50,PREE0031152009;PREE0031122005
PREE0031172018,01,幼儿卫生与保健实践,学前教育系,秋季学期,7,专业选修课,3,3,12,宋磊宁,实验幼教楼427,140,PREE0031152014
PREE0031172020,01,幼儿园环境创设实践,学前教育系,秋季学期,7,专业必修课,2,1,16,陈杰伟,田家炳楼429,45,EDUC0031162011;PREE0031152014
PREE0031172020,02,幼儿园环境创设实践,学前教育系,秋季学期,7,专业必修课,2,1,16,吴华雯,教一319,55,EDUC0031162011;PREE0031152014
PREE0031172020,03,幼儿园环境创设实践,学前教育系,秋季学期,7,专业必修课,2,1,16,马然峰,实验幼教楼511,55,EDUC0031162011;PREE0031152014
PREE0031172020,05,幼儿园环境创设实践,学前教育系,秋季学期,7,专业必修课,2,1,16,周璐磊,实验幼教楼122,65,EDUC0031162011;PREE0031152014
PREE0031172022,01,幼儿游戏理论课程设计,学前教育系,秋季学期,7,专业选修课,1,1,8,胡芳宇,田家炳楼310,30,PREE0031152010
PREE0031172022,02,幼儿游戏理论课程设计,学前教育系,秋季学期,7,专业选修课,1,1,8,王杰伟,教二510,20,PREE0031152010
PREE0031172031,01,学前儿童艺术教育案例研究,学前教育系,秋季学期,7,专业选修课,2.5,9,8,张明华,教二108,50,PREE0031152014
PRIM0031112001,02,小学课程标准解读实践,小学教育系,秋季学期,1,专业必修课,2,1,14,徐璐琪,田家炳楼115,70,
PRIM0031112001,03,小学课程标准解读实践,小学教育系,秋季学期,1,专业必修课,2,1,14,高芳伟,实验幼教楼321,100,
PRIM0031112001,04,小学课程标准解读实践,小学教育系,秋季学期,1,专业必修课,2,1,14,高然琳,教一507,80,
PRIM0031112001,05,小学课程标准解读实践,小学教育系,秋季学期,1,专业必修课,2,1,14,陈芳伟,实验幼教楼220,80,
PRIM0031112003,01,小学教育学实验,小学教育系,秋季学期,1,专业必修课,1.5,1,12,谢欣博,田家炳楼220,80,
PRIM0031112003,02,小学教育学实验,小学教育系,秋季学期,1,专业必修课,1.5,1,12,何雯悦,教一218,80,
PRIM0031112003,03,小学教育学实验,小学教育系,秋季学期,1,专业必修课,1.5,1,12,杨悦雯,教一109,80,
PRIM0031112005,01,小学教师专业技能实验,小学教育系,秋季学期,1,专业必修课,2.5,3,12,周博磊,田家炳楼504,140,
PRIM0031112005,02,小学教师专业技能实验,小学教育系,秋季学期,1,专业必修课,2.5,3,12,宋伟宁,田家炳楼111,120,
PRIM0031112005,03,小学教师专业技能实验,小学教育系,秋季学期,1,专业必修课,2.5,3,12,杨晨杰,教一104,110,
PRIM0031112013,04,小学科学教学设计实验,小学教育系,秋季学期,1,学科基础课,2,1,12,谢欣博,教一417,120,
PRIM0031112021,01,小学教育学实践,小学教育系,秋季学期,1,学科基础课,2,1,16,谢磊楠,教二306,110,
PRIM0031112021,04,小学教育学实践,小学教育系,秋季学期,1,学科基础课,2,1,16,梁昕欣,田家炳楼115,130,
PRIM0031112021,05,小学教育学实践,小学教育系,秋季学期,1,学科基础课,2,1,16,朱磊楠,实验幼教楼417,140,
PRIM0031132004,01,儿童阅读指导,小学教育系,秋季学期,3,专业必修课,3,1,14,张睿宇,教一421,30,
PRIM0031132009,01,儿童阅读指导实践,小学教育系,秋季学期,3,专业选修课,2,1,12,赵楠华,实验幼教楼415,80,EDUC0031112002;PRIM0031112001
PRIM0031132009,02,儿童阅读指导实践,小学教育系,秋季学期,3,专业选修课,2,1,12,马明晨,教一326,60,EDUC0031112002;PRIM0031112001
PRIM0031132017,02,小学语文教学设计,小学教育系,秋季学期,3,专业必修课,3,1,14,罗悦雯,田家炳楼102,40,PSYC0031122013
PRIM0031132017,03,小学语文教学设计,小学教育系,秋季学期,3,专业必修课,3,1,14,马明晨,教二229,40,PSYC0031122013
PRIM0031132024,01,小学语文教学设计课程设计,小学教育系,秋季学期,3,专业选修课,1,1,8,林洁睿,田家炳楼226,80,PSYC0031122009
PRIM0031132024,02,小学语文教学设计课程设计,小学教育系,秋季学期,3,专业选修课,1,1,8,徐昕欣,教一111,90,PSYC0031122009
PRIM0031132024,03,小学语文教学设计课程设计,小学教育系,秋季学期,3,专业选修课,1,1,8,刘宇明,教二322,80,PSYC0031122009
PRIM0031152007,01,小学课程标准解读专题,小学教育系,秋季学期,5,专业选修课,2,1,16,宋华昕,教一428,35,
PRIM0031152011,04,少先队活动设计,小学教育系,秋季学期,5,专业必修课,3,1,16,何洋静,实验幼教楼114,70,EDUC0031112006
PRIM0031172012,02,小学科学教学设计实践,小学教育系,秋季学期,7,专业必修课,3,5,10,吴磊楠,实验幼教楼411,55,
PRIM0031172012,03,小学科学教学设计实践,小学教育系,秋季学期,7,专业必修课,3,5,10,何洋静,田家炳楼227,35,
PRIM0031172014,01,小学教师专业技能实践,小学教育系,秋季学期,7,专业选修课,1.5,1,10,谢欣博,田家炳楼525,120,EDUC0031162004
PRIM0031172014,02,小学教师专业技能实践,小学教育系,秋季学期,7,专业选修课,1.5,1,10,王然琳,教二317,140,EDUC0031162004
PRIM0031172016,01,小学教育评价,小学教育系,秋季学期,7,专业选修课,2,1,16,赵楠华,教二104,70,PRIM0031112003
PRIM0031172016,02,小学教育评价,小学教育系,秋季学期,7,专业选修课,2,1,16,周宁峰,实验幼教楼222,50,PRIM0031112003
PRIM0031172023,01,小学班级管理课程设计,小学教育系,秋季学期,7,专业选修课,1,1,8,陈然琳,教一109,65,EDUC0031112007;PSYC0031162018
PRIM0031172023,02,小学班级管理课程设计,小学教育系,秋季学期,7,专业选修课,1,1,8,刘静敏,实验幼教楼419,45,EDUC0031112007;PSYC0031162018
PRIM0031172023,03,小学班级管理课程设计,小学教育系,秋季学期,7,专业选修课,1,1,8,郑宁峰,田家炳楼104,65,EDUC0031112007;PSYC0031162018
PSYC0031132007,03,学校心理辅导实验,心理与认知科学学院,秋季学期,3,专业选修课,3,1,16,李晨雯,田家炳楼204,40,
PSYC0031132014,02,实验心理学实践,心理与认知科学学院,秋季学期,3,专业选修课,2.5,1,12,孙华睿,教二507,40,PSYC0031122013
PSYC0031132014,03,实验心理学实践,心理与认知科学学院,秋季学期,3,专业选修课,2.5,1,12,郑睿悦,教二114,40,PSYC0031122013
PSYC0031132015,01,儿童青少年心理发展实验,心理与认知科学学院,秋季学期,3,专业必修课,1.5,1,8,宋华睿,教一527,60,PSYC0031122013
PSYC0031132015,02,儿童青少年心理发展实验,心理与认知科学学院,秋季学期,3,专业必修课,1.5,1,8,林琳杰,教二220,70,PSYC0031122013
PSYC0031132015,03,儿童青少年心理发展实验,心理与认知科学学院,秋季学期,3,专业必修课,1.5,1,8,胡楠静,教二322,60,PSYC0031122013
PSYC0031132015,04,儿童青少年心理发展实验,心理与认知科学学院,秋季学期,3,专业必修课,1.5,1,8,黄峰昕,教一128,60,PSYC0031122013
PSYC0031132020,01,学习心理学实践,心理与认知科学学院,秋季学期,3,专业必修课,2.5,1,16,朱静洋,教二413,50,
PSYC0031132020,02,学习心理学实践,心理与认知科学学院,秋季学期,3,专业必修课,2.5,1,16,杨悦博,田家炳楼524,70,
PSYC0031132024,01,普通心理学案例研究,心理与认知科学学院,秋季学期,3,专业必修课,3.5,1,14,郭静洋,实验幼教楼522,80,PSYC0031122009
PSYC0031132024,02,普通心理学案例研究,心理与认知科学学院,秋季学期,3,专业必修课,3.5,1,14,何昕洁,实验幼教楼517,80,PSYC0031122009
PSYC0031152008,01,心理测量案例研究,心理与认知科学学院,秋季学期,5,专业选修课,2.5,5,10,杨悦博,实验幼教楼424,35,PSYC0031132005;PSYC0031142003
PSYC0031152010,02,心理测量实践,心理与认知科学学院,秋季学期,5,专业必修课,2,1,14,张洋欣,田家炳楼201,120,PSYC0031142003;PSYC0031132005
PSYC0031152010,03,心理测量实践,心理与认知科学学院,秋季学期,5,专业必修课,2,1,14,郭宇敏,教二214,130,PSYC0031142003;PSYC0031132005
PSYC0031152010,04,心理测量实践,心理与认知科学学院,秋季学期,5,专业必修课,2,1,14,谢宇敏,实验幼教楼524,120,PSYC0031142003;PSYC0031132005
PSYC0031152016,01,学习心理学案例研究,心理与认知科学学院,秋季学期,5,专业选修课,1,5,8,黄琪宁,教二122,60,PSYC0031122013;PSYC0031132015
PSYC0031152025,01,实验心理学,心理与认知科学学院,秋季学期,5,专业选修课,1.5,1,8,高博晨,实验幼教楼427,140,PSYC0031122023
PSYC0031152025,02,实验心理学,心理与认知科学学院,秋季学期,5,专业选修课,1.5,1,8,何杰琪,教一324,140,PSYC0031122023
PSYC0031172001,01,发展心理学实验,心理与认知科学学院,秋季学期,7,专业选修课,2,1,14,张楠静,实验幼教楼401,110,
PSYC0031172002,03,儿童青少年心理发展专题,心理与认知科学学院,秋季学期,7,专业必修课,3.5,1,18,郑雯华,教一527,50,
PSYC0031172002,05,儿童青少年心理发展专题,心理与认知科学学院,秋季学期,7,专业必修课,3.5,1,18,杨悦博,教二126,20,
PSYC0031172011,01,实验心理学实验,心理与认知科学学院,秋季学期,7,专业选修课,3,3,12,杨琳杰,实验幼教楼417,90,PSYC0031152010;PSYC0031122009
PSYC0031172012,01,教育心理学实践,心理与认知科学学院,秋季学期,7,专业选修课,1.5,3,8,高芳磊,实验幼教楼220,100,PSYC0031122009
PSYC0031172026,01,咨询心理学实践,心理与认知科学学院,秋季学期,7,专业选修课,3,1,16,王敏琳,实验幼教楼522,50,PSYC0031122013
PSYC0031172026,02,咨询心理学实践,心理与认知科学学院,秋季学期,7,专业选修课,3,1,16,梁昕洁,教二320,80,PSYC0031122013
POLI0031112025,01,外交学概论实验,政治与国际关系学院,秋季学期,1,学科基础课,3,1,18,梁杰欣,法商楼103,60,
POLI0031112026,01,国际关系导论,政治与国际关系学院,秋季学期,1,学科基础课,2,1,16,马明磊,法商楼128,120,
POLI0031112026,03,国际关系导论,政治与国际关系学院,秋季学期,1,学科基础课,2,1,16,宋峰宁,法商楼118,100,
POLI0031112026,04,国际关系导论,政治与国际关系学院,秋季学期,1,学科基础课,2,1,16,吴欣雯,公管楼222,120,
POLI0031112026,05,国际关系导论,政治与国际关系学院,秋季学期,1,学科基础课,2,1,16,郑明磊,公管楼228,120,
POLI0031132002,01,基层治理实验,政治与国际关系学院,秋季学期,3,专业必修课,1.5,3,8,赵昕静,公管楼306,120,HIST0031122002
POLI0031132002,02,基层治理实验,政治与国际关系学院,秋季学期,3,专业必修课,1.5,3,8,王璐洁,法商楼129,110,HIST0031122002
POLI0031132002,03,基层治理实验,政治与国际关系学院,秋季学期,3,专业必修课,1.5,3,8,马明磊,传播楼116,130,HIST0031122002
POLI0031132002,04,基层治理实验,政治与国际关系学院,秋季学期,3,专业必修课,1.5,3,8,李琳睿,法商楼327,120,HIST0031122002
POLI0031132004,01,中国政府与政治实验,政治与国际关系学院,秋季学期,3,专业选修课,1.5,5,8,郑宁晨,公管楼308,40,HIST0031112004
POLI0031132004,02,中国政府与政治实验,政治与国际关系学院,秋季学期,3,专业选修课,1.5,5,8,何雯宇,社科楼301,40,HIST0031112004
POLI0031132029,02,政治学原理,政治与国际关系学院,秋季学期,3,专业选修课,2,1,16,徐璐洁,社科楼221,40,CHIN0031122005
POLI0031152007,01,基层治理课程设计,政治与国际关系学院,秋季学期,5,专业必修课,3,5,10,张睿峰,传播楼218,120,HIST0031142005
POLI0031152020,01,国际政治经济学课程设计,政治与国际关系学院,秋季学期,5,专业必修课,3,1,16,孙伟洋,传播楼218,110,
POLI0031152020,03,国际政治经济学课程设计,政治与国际关系学院,秋季学期,5,专业必修课,3,1,16,罗悦杰,法商楼425,120,
POLI0031152030,01,国际组织研究课程设计,政治与国际关系学院,秋季学期,5,专业必修课,3,1,18,李琳睿,法商楼204,30,
POLI0031152030,02,国际组织研究课程设计,政治与国际关系学院,秋季学期,5,专业必修课,3,1,18,胡宁晨,公管楼123,30,
TEAC0031112010,01,课堂教学技能案例研究,教师教育学院,秋季学期,1,专业必修课,2,5,10,徐璐磊,田家炳楼312,110,
TEAC0031112010,03,课堂教学技能案例研究,教师教育学院,秋季学期,1,专业必修课,2,5,10,刘欣敏,教一229,140,
TEAC0031112024,01,教育实习指导实验,教师教育学院,秋季学期,1,学科基础课,2.5,1,14,王敏晨,实验幼教楼220,120,
TEAC0031112024,02,教育实习指导实验,教师教育学院,秋季学期,1,学科基础课,2.5,1,14,谢欣敏,田家炳楼118,100,
TEAC0031112024,03,教育实习指导实验,教师教育学院,秋季学期,1,学科基础课,2.5,1,14,刘佳洋,教一516,120,
TEAC0031112024,04,教育实习指导实验,教师教育学院,秋季学期,1,学科基础课,2.5,1,14,郭静昕,实验幼教楼328,90,
TEAC0031112024,05,教育实习指导实验,教师教育学院,秋季学期,1,学科基础课,2.5,1,14,李峰杰,田家炳楼211,90,
TEAC0031132005,02,课堂教学技能实验,教师教育学院,秋季学期,3,专业必修课,2.5,5,10,梁洋佳,实验幼教楼522,120,EDUC0031112002
TEAC0031132005,03,课堂教学技能实验,教师教育学院,秋季学期,3,专业必修课,2.5,5,10,宋伟芳,教一215,120,EDUC0031112002
TEAC0031132005,04,课堂教学技能实验,教师教育学院,秋季学期,3,专业必修课,2.5,5,10,刘佳洋,教一129,100,EDUC0031112002
TEAC0031152015,01,教师职业道德,教师教育学院,秋季学期,5,专业必修课,2,1,12,何睿欣,田家炳楼214,50,PSYC0031132007;TEAC0031112010
TEAC0031152015,02,教师职业道德,教师教育学院,秋季学期,5,专业必修课,2,1,12,周博悦,教二213,40,PSYC0031132007;TEAC0031112010
TEAC0031152017,01,班级管理,教师教育学院,秋季学期,5,专业选修课,2.5,1,12,徐洋佳,实验幼教楼515,50,TEAC0031122016
TEAC0031172012,01,教师语言艺术课程设计,教师教育学院,秋季学期,7,专业选修课,2,3,12,吴晨楠,教一329,55,PSYC0031132007
TEAC0031172012,02,教师语言艺术课程设计,教师教育学院,秋季学期,7,专业选修课,2,3,12,黄宇然,田家炳楼104,45,PSYC0031132007
TEAC0031172012,04,教师语言艺术课程设计,教师教育学院,秋季学期,7,专业选修课,2,3,12,徐杰伟,田家炳楼415,55,PSYC0031132007
TEAC0031172018,01,微格教学,教师教育学院,秋季学期,7,专业选修课,1.5,3,8,赵楠琪,田家炳楼316,140,EDUC0031112002
TEAC0031172018,02,微格教学,教师教育学院,秋季学期,7,专业选修课,1.5,3,8,王璐磊,教二125,140,EDUC0031112002
TEAC0031172023,01,教育研究方法专题,教师教育学院,秋季学期,7,专业必修课,2,3,12,郭佳洋,实验幼教楼413,30,TEAC0031142011
TEAC0031172023,02,教育研究方法专题,教师教育学院,秋季学期,7,专业必修课,2,3,12,林华雯,田家炳楼429,40,TEAC0031142011
TEAC0031172023,03,教育研究方法专题,教师教育学院,秋季学期,7,专业必修课,2,3,12,周博悦,实验幼教楼216,30,TEAC0031142011
EDUC0031112005,01,教育数据分析实验,教育学部,秋季学期,1,专业必修课,2.5,9,8,林磊璐,教一306,40,
EDUC0031112007,01,学习科学导论实践,教育学部,秋季学期,1,专业必修课,1.5,5,8,刘洁昕,教一501,45,
EDUC0031112007,02,学习科学导论实践,教育学部,秋季学期,1,专业必修课,1.5,5,8,黄琳睿,教二408,55,
EDUC0031112007,03,学习科学导论实践,教育学部,秋季学期,1,专业必修课,1.5,5,8,胡昕静,田家炳楼121,35,
EDUC0031132014,04,教育测量与评价专题,教育学部,秋季学期,3,专业必修课,3.5,1,18,杨宇楠,实验幼教楼317,50,
EDUC0031152008,01,学习科学导论专题,教育学部,秋季学期,5,专业选修课,1.5,3,8,朱峰宁,田家炳楼322,90,EDUC0031112005
EDUC0031172016,01,教育测量与评价实验,教育学部,秋季学期,7,专业必修课,2.5,1,12,何敏琪,实验幼教楼226,90,EDUC0031112005
EDUC0031172016,02,教育测量与评价实验,教育学部,秋季学期,7,专业必修课,2.5,1,12,罗琪敏,教二113,100,EDUC0031112005
MATH0031112012,01,偏微分方程实验,数学科学学院,秋季学期,1,学科基础课,2.5,1,12,宋磊洋,理科楼122,65,
MATH0031112012,02,偏微分方程实验,数学科学学院,秋季学期,1,学科基础课,2.5,1,12,杨华杰,理科楼314,45,
MATH0031112012,05,偏微分方程实验,数学科学学院,秋季学期,1,学科基础课,2.5,1,12,郭欣明,理科楼403,55,
MATH0031112014,01,数学建模实验,数学科学学院,秋季学期,1,学科基础课,2.5,1,12,朱悦楠,信息楼326,40,
MATH0031112014,02,数学建模实验,数学科学学院,秋季学期,1,学科基础课,2.5,1,12,高洋琪,理科楼323,40,
MATH0031112014,04,数学建模实验,数学科学学院,秋季学期,1,学科基础课,2.5,1,12,李宇宁,实验楼314,50,
MATH0031112014,05,数学建模实验,数学科学学院,秋季学期,1,学科基础课,2.5,1,12,胡芳峰,理科楼404,30,
MATH0031112019,03,运筹学课程设计,数学科学学院,秋季学期,1,专业必修课,2,1,12,林峰芳,综合楼230,55,
MATH0031112019,04,运筹学课程设计,数学科学学院,秋季学期,1,专业必修课,2,1,12,马然晨,理科楼126,45,
MATH0031132005,01,矩阵分析实践,数学科学学院,秋季学期,3,专业必修课,3,1,16,宋静然,实验楼107,80,
MATH0031132005,03,矩阵分析实践,数学科学学院,秋季学期,3,专业必修课,3,1,16,赵宁华,信息楼417,80,
MATH0031132016,01,运筹学实验,数学科学学院,秋季学期,3,专业选修课,2,9,8,张宁华,理科楼505,80,MATH0031112012
MATH0031152007,01,数值分析课程设计,数学科学学院,秋季学期,5,专业必修课,2,1,16,林琪昕,综合楼206,60,MATH0031132005;MATH0031132006
MATH0031152007,02,数值分析课程设计,数学科学学院,秋季学期,5,专业必修课,2,1,16,朱琳博,理科楼507,80,MATH0031132005;MATH0031132006
MATH0031152007,03,数值分析课程设计,数学科学学院,秋季学期,5,专业必修课,2,1,16,胡明悦,理科楼330,70,MATH0031132005;MATH0031132006
MATH0031152007,04,数值分析课程设计,数学科学学院,秋季学期,5,专业必修课,2,1,16,张明悦,信息楼506,60,MATH0031132005;MATH0031132006
MATH0031152007,05,数值分析课程设计,数学科学学院,秋季学期,5,专业必修课,2,1,16,郭佳敏,综合楼102,60,MATH0031132005;MATH0031132006
MATH0031172020,01,实变函数实践,数学科学学院,秋季学期,7,专业选修课,2.5,1,12,朱琳博,综合楼229,60,MATH0031132006
MATH0031172020,02,实变函数实践,数学科学学院,秋季学期,7,专业选修课,2.5,1,12,李宇宁,信息楼308,50,MATH0031132006
DATA0031112016,01,数据可视化专题,数据科学与工程学院,秋季学期,1,学科基础课,2,1,16,胡睿华,实验楼208,100,
DATA0031112016,02,数据可视化专题,数据科学与工程学院,秋季学期,1,学科基础课,2,1,16,李洁杰,实验楼218,80,
DATA0031112016,03,数据可视化专题,数据科学与工程学院,秋季学期,1,学科基础课,2,1,16,李琳雯,理科楼121,100,
DATA0031112016,06,数据可视化专题,数据科学与工程学院,秋季学期,1,学科基础课,2,1,16,胡洋洁,信息楼410,80,
DATA0031112017,04,知识图谱实践,数据科学与工程学院,秋季学期,1,学科基础课,3,1,14,宋洁杰,综合楼520,80,
DATA0031132012,01,数据产品实践,数据科学与工程学院,秋季学期,3,专业必修课,2.5,1,16,李晨博,综合楼329,40,
DATA0031132012,02,数据产品实践,数据科学与工程学院,秋季学期,3,专业必修课,2.5,1,16,孙琳雯,信息楼325,40,
DATA0031132012,03,数据产品实践,数据科学与工程学院,秋季学期,3,专业必修课,2.5,1,16,何杰佳,实验楼306,50,
DATA0031152005,01,推荐系统实践,数据科学与工程学院,秋季学期,5,专业必修课,2.5,1,16,林琳雯,信息楼406,100,STAT0031121004
DATA0031152005,02,推荐系统实践,数据科学与工程学院,秋季学期,5,专业必修课,2.5,1,16,郑楠欣,信息楼407,90,STAT0031121004
DATA0031152005,03,推荐系统实践,数据科学与工程学院,秋季学期,5,专业必修课,2.5,1,16,王璐琳,信息楼510,110,STAT0031121004
DATA0031152005,04,推荐系统实践,数据科学与工程学院,秋季学期,5,专业必修课,2.5,1,16,赵杰佳,理科楼428,90,STAT0031121004
DATA0031152005,05,推荐系统实践,数据科学与工程学院,秋季学期,5,专业必修课,2.5,1,16,胡洋洁,信息楼327,100,STAT0031121004
DATA0031152005,06,推荐系统实践,数据科学与工程学院,秋季学期,5,专业必修课,2.5,1,16,郑睿华,综合楼526,110,STAT0031121004
DATA0031152008,01,数据治理实验,数据科学与工程学院,秋季学期,5,专业必修课,2.5,9,8,胡睿华,实验楼418,80,DATA0031122002;COMS0031131013
DATA0031152008,02,数据治理实验,数据科学与工程学院,秋季学期,5,专业必修课,2.5,9,8,刘伟昕,综合楼406,80,DATA0031122002;COMS0031131013
DATA0031152008,03,数据治理实验,数据科学与工程学院,秋季学期,5,专业必修课,2.5,9,8,李洁杰,信息楼417,90,DATA0031122002;COMS0031131013
DATA0031152008,04,数据治理实验,数据科学与工程学院,秋季学期,5,专业必修课,2.5,9,8,郭静宁,理科楼524,90,DATA0031122002;COMS0031131013
DATA0031152008,05,数据治理实验,数据科学与工程学院,秋季学期,5,专业必修课,2.5,9,8,陈明宇,综合楼109,70,DATA0031122002;COMS0031131013
DATA0031172003,01,大数据处理技术课程设计,数据科学与工程学院,秋季学期,7,专业选修课,2,9,8,罗悦璐,理科楼106,30,DATA0031122001
DATA0031172003,02,大数据处理技术课程设计,数据科学与工程学院,秋季学期,7,专业选修课,2,9,8,周宁悦,理科楼204,40,DATA0031122001
DATA0031172003,03,大数据处理技术课程设计,数据科学与工程学院,秋季学期,7,专业选修课,2,9,8,郑睿华,理科楼512,40,DATA0031122001
LAWS0031112003,01,劳动与社会保障法实践,法学院,秋季学期,1,学科基础课,2,9,8,徐昕洁,传播楼403,65,
LAWS0031112003,02,劳动与社会保障法实践,法学院,秋季学期,1,学科基础课,2,9,8,黄伟然,传播楼413,45,
LAWS0031132030,02,民法学案例研究,法学院,秋季学期,3,专业必修课,3,1,14,何昕洁,传播楼312,120,PHIL0031112010
LAWS0031132031,01,刑法学实验,法学院,秋季学期,3,专业必修课,1.5,1,10,胡宁宇,法商楼212,60,
LAWS0031132031,02,刑法学实验,法学院,秋季学期,3,专业必修课,1.5,1,10,吴佳楠,公管楼223,60,
LAWS0031132031,03,刑法学实验,法学院,秋季学期,3,专业必修课,1.5,1,10,马明峰,传播楼313,60,
LAWS0031152015,02,刑法学,法学院,秋季学期,5,专业必修课,2,1,12,黄静洋,社科楼120,130,POLI0031122012
LAWS0031152015,03,刑法学,法学院,秋季学期,5,专业必修课,2,1,12,吴佳楠,公管楼202,120,POLI0031122012
LAWS0031172002,01,法理学专题,法学院,秋季学期,7,专业选修课,2.5,3,12,何昕洁,社科楼522,70,HIST0031122002
LAWS0031172004,01,宪法学案例研究,法学院,秋季学期,7,专业必修课,3,5,10,梁洋欣,法商楼506,45,PHIL0031162006
LAWS0031172006,01,国际法课程设计,法学院,秋季学期,7,专业选修课,1,1,12,李琳杰,传播楼411,80,CHIN0031162008
LAWS0031172006,02,国际法课程设计,法学院,秋季学期,7,专业选修课,1,1,12,王然伟,社科楼312,80,CHIN0031162008
LAWS0031172013,01,法理学,法学院,秋季学期,7,专业必修课,3,1,12,罗欣璐,法商楼512,45,
LAWS0031172014,01,教育法学专题,法学院,秋季学期,7,专业选修课,1.5,1,12,李洁芳,法商楼306,100,POLI0031142008
LAWS0031172016,04,行政法与行政诉讼法,法学院,秋季学期,7,专业必修课,3,3,12,黄伟然,法商楼422,30,PHIL0031162005
LAWS0031172025,02,行政法与行政诉讼法实践,法学院,秋季学期,7,专业必修课,2,1,12,马芳磊,传播楼121,80,CHIN0031152029
LAWS0031172025,03,行政法与行政诉讼法实践,法学院,秋季学期,7,专业必修课,2,1,12,郭磊明,社科楼307,70,CHIN0031152029
LAWS0031172026,01,教育法学案例研究,法学院,秋季学期,7,专业选修课,1.5,1,8,朱欣璐,公管楼529,60,
LAWS0031172026,02,教育法学案例研究,法学院,秋季学期,7,专业选修课,1.5,1,8,高璐佳,社科楼330,40,
LAWS0031172026,03,教育法学案例研究,法学院,秋季学期,7,专业选修课,1.5,1,8,郭磊明,公管楼124,60,
COMS0031161001,01,大学物理B（一）,物理与电子科学学院,秋季学期,1,学科基础课,2,9,8,李悦芳,实验楼411,80,
COMS0031161001,03,大学物理B（一）,物理与电子科学学院,秋季学期,1,学科基础课,2,9,8,宋峰洋,信息楼303,70,
PHYS0031132015,01,光学基础课程设计,物理与电子科学学院,秋季学期,3,专业必修课,2,9,8,赵昕华,理科楼511,35,
PHYS0031132015,03,光学基础课程设计,物理与电子科学学院,秋季学期,3,专业必修课,2,9,8,谢磊博,实验楼211,35,
PHYS0031132016,01,电子测量实验,物理与电子科学学院,秋季学期,3,专业必修课,2,3,12,孙洁然,信息楼516,30,PHYS0031122008
PHYS0031132016,02,电子测量实验,物理与电子科学学院,秋季学期,3,专业必修课,2,3,12,王然琪,信息楼512,30,PHYS0031122008
PHYS0031132019,02,材料物理基础,物理与电子科学学院,秋季学期,3,专业选修课,2,5,10,黄华宁,综合楼315,90,PHYS0031122003
PHYS0031132019,03,材料物理基础,物理与电子科学学院,秋季学期,3,专业选修课,2,5,10,孙琳昕,综合楼405,90,PHYS0031122003
PHYS0031152012,04,力学基础实验,物理与电子科学学院,秋季学期,5,专业必修课,3,1,16,马雯峰,综合楼515,80,PHYS0031122008
PHYS0031152012,05,力学基础实验,物理与电子科学学院,秋季学期,5,专业必修课,3,1,16,罗佳雯,综合楼513,60,PHYS0031122008
PHYS0031152021,02,热学基础实验,物理与电子科学学院,秋季学期,5,专业必修课,2,3,12,张楠宇,信息楼526,30,PHYS0031112004;PHYS0031132001
PHYS0031152021,03,热学基础实验,物理与电子科学学院,秋季学期,5,专业必修课,2,3,12,王博琳,综合楼322,50,PHYS0031112004;PHYS0031132001
PHYS0031172005,01,材料物理基础实践,物理与电子科学学院,秋季学期,7,专业选修课,2,1,12,赵敏洁,理科楼316,80,PHYS0031132001
PHYS0031172010,01,电子测量专题,物理与电子科学学院,秋季学期,7,专业选修课,2,1,16,吴宇璐,综合楼201,45,PHYS0031112004
PHYS0031172010,02,电子测量专题,物理与电子科学学院,秋季学期,7,专业选修课,2,1,16,刘峰洋,理科楼407,65,PHYS0031112004
PHYS0031172010,03,电子测量专题,物理与电子科学学院,秋季学期,7,专业选修课,2,1,16,吴静楠,实验楼128,55,PHYS0031112004
PHYS0031172024,02,物理实验,物理与电子科学学院,秋季学期,7,专业选修课,2,1,12,李琳昕,信息楼509,60,PHYS0031122008
PHYS0031172024,03,物理实验,物理与电子科学学院,秋季学期,7,专业选修课,2,1,12,马宁磊,理科楼403,60,PHYS0031122008
SPED0031112007,01,自闭症儿童教育课程设计,特殊教育系,秋季学期,1,学科基础课,2,1,12,胡雯琳,实验幼教楼221,20,
SPED0031112007,02,自闭症儿童教育课程设计,特殊教育系,秋季学期,1,学科基础课,2,1,12,陈然华,实验幼教楼302,50,
SPED0031112007,03,自闭症儿童教育课程设计,特殊教育系,秋季学期,1,学科基础课,2,1,12,郑宁琪,教二102,20,
SPED0031112012,01,特殊儿童评估案例研究,特殊教育系,秋季学期,1,学科基础课,3,5,10,谢宇芳,教一103,110,
SPED0031132004,02,自闭症儿童教育实践,特殊教育系,秋季学期,3,专业选修课,3,1,18,何楠伟,田家炳楼528,35,
SPED0031132014,01,融合教育实践,特殊教育系,秋季学期,3,专业选修课,2,9,8,黄静杰,实验幼教楼503,40,SPED0031122003
SPED0031132014,02,融合教育实践,特殊教育系,秋季学期,3,专业选修课,2,9,8,周宁琪,教一113,50,SPED0031122003
SPED0031132021,01,听力障碍儿童教育实验,特殊教育系,秋季学期,3,专业选修课,1.5,5,8,陈然华,教一209,50,SPED0031122003
SPED0031132021,02,听力障碍儿童教育实验,特殊教育系,秋季学期,3,专业选修课,1.5,5,8,马芳静,田家炳楼120,20,SPED0031122003
SPED0031152010,01,学习障碍干预专题,特殊教育系,秋季学期,5,专业必修课,3,1,14,黄琪雯,教一316,55,SPED0031122002;SPED0031122003
SPED0031152010,02,学习障碍干预专题,特殊教育系,秋季学期,5,专业必修课,3,1,14,孙峰璐,田家炳楼422,55,SPED0031122002;SPED0031122003
SPED0031152010,04,学习障碍干预专题,特殊教育系,秋季学期,5,专业必修课,3,1,14,张睿佳,田家炳楼309,55,SPED0031122002;SPED0031122003
SPED0031152026,01,辅助技术应用,特殊教育系,秋季学期,5,专业选修课,2,9,8,宋琪雯,实验幼教楼424,65,SPED0031122009
SPED0031172013,01,视力障碍儿童教育课程设计,特殊教育系,秋季学期,7,专业选修课,2,1,16,郑雯琳,实验幼教楼322,80,SPED0031112008
SPED0031172017,01,融合教育,特殊教育系,秋季学期,7,专业选修课,2,1,12,郭静杰,田家炳楼419,110,PSYC0031152010
SPED0031172017,02,融合教育,特殊教育系,秋季学期,7,专业选修课,2,1,12,朱静杰,教一429,110,PSYC0031152010
SPED0031172018,01,融合教育实验,特殊教育系,秋季学期,7,专业必修课,2.5,9,8,高博欣,教二328,60,PSYC0031132005
SPED0031172018,02,融合教育实验,特殊教育系,秋季学期,7,专业必修课,2.5,9,8,杨悦宁,教一427,50,PSYC0031132005
BIOL0031112006,01,生态学实验,生命科学学院,秋季学期,1,学科基础课,1.5,9,8,赵楠晨,综合楼326,110,
BIOL0031112006,02,生态学实验,生命科学学院,秋季学期,1,学科基础课,1.5,9,8,郑宁琳,信息楼227,90,
BIOL0031112006,03,生态学实验,生命科学学院,秋季学期,1,学科基础课,1.5,9,8,宋宇雯,实验楼404,120,
BIOL0031112006,04,生态学实验,生命科学学院,秋季学期,1,学科基础课,1.5,9,8,周明佳,信息楼221,120,
BIOL0031112006,05,生态学实验,生命科学学院,秋季学期,1,学科基础课,1.5,9,8,周然欣,综合楼104,110,
BIOL0031112006,06,生态学实验,生命科学学院,秋季学期,1,学科基础课,1.5,9,8,高杰悦,实验楼413,100,
BIOL0031152001,01,普通生物学案例研究,生命科学学院,秋季学期,5,专业必修课,2,3,12,马敏静,综合楼522,70,
BIOL0031152001,02,普通生物学案例研究,生命科学学院,秋季学期,5,专业必修课,2,3,12,林华敏,实验楼329,80,
BIOL0031152001,03,普通生物学案例研究,生命科学学院,秋季学期,5,专业必修课,2,3,12,罗琳宁,信息楼416,100,
BIOL0031152001,04,普通生物学案例研究,生命科学学院,秋季学期,5,专业必修课,2,3,12,刘宇雯,综合楼522,80,
BIOL0031152001,05,普通生物学案例研究,生命科学学院,秋季学期,5,专业必修课,2,3,12,吴欣睿,理科楼516,80,
BIOL0031152008,02,微生物学,生命科学学院,秋季学期,5,专业必修课,3,1,16,何楠晨,综合楼205,60,BIOL0031122003
BIOL0031152015,01,动物学专题,生命科学学院,秋季学期,5,专业选修课,2,1,16,李琪璐,实验楼308,70,BIOL0031142007
BIOL0031152015,02,动物学专题,生命科学学院,秋季学期,5,专业选修课,2,1,16,黄磊杰,理科楼501,100,BIOL0031142007
BIOL0031152018,01,动物学课程设计,生命科学学院,秋季学期,5,专业必修课,2,1,12,刘佳芳,理科楼518,80,
BIOL0031152018,02,动物学课程设计,生命科学学院,秋季学期,5,专业必修课,2,1,12,黄宇雯,实验楼406,90,
BIOL0031152018,03,动物学课程设计,生命科学学院,秋季学期,5,专业必修课,2,1,12,刘佳芳,综合楼223,80,
BIOL0031152018,04,动物学课程设计,生命科学学院,秋季学期,5,专业必修课,2,1,12,吴欣睿,信息楼107,100,
BIOL0031152018,05,动物学课程设计,生命科学学院,秋季学期,5,专业必修课,2,1,12,宋琪璐,综合楼424,70,
BIOL0031172010,02,细胞生物学实践,生命科学学院,秋季学期,7,专业必修课,2,3,12,李峰明,理科楼114,100,BIOL0031142007
BIOL0031172013,01,生命科学实验案例研究,生命科学学院,秋季学期,7,专业选修课,1.5,3,8,刘欣睿,理科楼113,60,BIOL0031122009
BIOL0031172016,01,生物课程与教学论实验,生命科学学院,秋季学期,7,专业选修课,2,1,14,刘佳芳,综合楼110,40,
BIOL0031172016,02,生物课程与教学论实验,生命科学学院,秋季学期,7,专业选修课,2,1,14,李华敏,信息楼323,40,
BIOL0031172016,03,生物课程与教学论实验,生命科学学院,秋季学期,7,专业选修课,2,1,14,高敏静,理科楼215,40,
BIOL0031172017,01,分子生物学专题,生命科学学院,秋季学期,7,专业必修课,3,1,18,马然欣,理科楼118,60,BIOL0031122003
BIOL0031172022,01,生命科学实验专题,生命科学学院,秋季学期,7,专业选修课,2,1,16,胡明佳,综合楼404,45,BIOL0031162002
BIOL0031172026,01,生物化学实践,生命科学学院,秋季学期,7,专业必修课,2.5,1,16,张睿伟,实验楼227,40,
BIOL0031172026,02,生物化学实践,生命科学学院,秋季学期,7,专业必修课,2.5,1,16,梁昕宇,理科楼217,40,
BIOL0031172026,03,生物化学实践,生命科学学院,秋季学期,7,专业必修课,2.5,1,16,吴悦昕,信息楼204,30,
BIOL0031172030,01,遗传学案例研究,生命科学学院,秋季学期,7,专业选修课,2,1,16,吴晨然,实验楼115,50,BIOL0031112021
BIOL0031172030,02,遗传学案例研究,生命科学学院,秋季学期,7,专业选修课,2,1,16,刘磊杰,理科楼521,60,BIOL0031112021
BIOL0031172030,03,遗传学案例研究,生命科学学院,秋季学期,7,专业选修课,2,1,16,周明佳,理科楼502,50,BIOL0031112021
BIOL0031172031,01,分子生物学,生命科学学院,秋季学期,7,专业必修课,3,1,16,陈璐华,理科楼417,90,BIOL0031112021
BIOL0031172031,03,分子生物学,生命科学学院,秋季学期,7,专业必修课,3,1,16,刘磊杰,实验楼219,120,BIOL0031112021
BIOL0031172031,04,分子生物学,生命科学学院,秋季学期,7,专业必修课,3,1,16,郑宁琳,理科楼510,120,BIOL0031112021
BIOL0031172031,05,分子生物学,生命科学学院,秋季学期,7,专业必修课,3,1,16,杨峰明,信息楼319,100,BIOL0031112021
BIOL0031172031,06,分子生物学,生命科学学院,秋季学期,7,专业必修课,3,1,16,宋琪璐,信息楼403,120,BIOL0031112021
ENVI0031112013,01,水环境保护实践,生态与环境科学学院,秋季学期,1,学科基础课,2,5,10,宋佳雯,理科楼305,35,
ENVI0031112013,03,水环境保护实践,生态与环境科学学院,秋季学期,1,学科基础课,2,5,10,林磊博,信息楼519,35,
ENVI0031112014,01,环境数据分析实践,生态与环境科学学院,秋季学期,1,学科基础课,1.5,1,8,何芳佳,信息楼410,80,
ENVI0031112014,02,环境数据分析实践,生态与环境科学学院,秋季学期,1,学科基础课,1.5,1,8,陈洋悦,信息楼326,80,
ENVI0031112014,03,环境数据分析实践,生态与环境科学学院,秋季学期,1,学科基础课,1.5,1,8,胡昕华,理科楼521,70,
ENVI0031112021,01,土壤环境学专题,生态与环境科学学院,秋季学期,1,专业必修课,2,1,12,李磊博,综合楼101,30,
ENVI0031112021,03,土壤环境学专题,生态与环境科学学院,秋季学期,1,专业必修课,2,1,12,吴琪明,实验楼324,60,
ENVI0031112025,01,水环境保护课程设计,生态与环境科学学院,秋季学期,1,学科基础课,2,1,14,林宇璐,综合楼125,100,
ENVI0031112025,02,水环境保护课程设计,生态与环境科学学院,秋季学期,1,学科基础课,2,1,14,陈楠宇,理科楼427,90,
ENVI0031112025,03,水环境保护课程设计,生态与环境科学学院,秋季学期,1,学科基础课,2,1,14,梁宁磊,信息楼219,90,
ENVI0031112025,05,水环境保护课程设计,生态与环境科学学院,秋季学期,1,学科基础课,2,1,14,李宇璐,实验楼514,110,
ENVI0031112032,03,环境影响评价案例研究,生态与环境科学学院,秋季学期,1,学科基础课,3,1,16,谢华宁,理科楼416,40,
ENVI0031132006,02,环境化学实验,生态与环境科学学院,秋季学期,3,专业必修课,2,5,10,张然琪,实验楼224,70,ENVI0031122001
ENVI0031132006,03,环境化学实验,生态与环境科学学院,秋季学期,3,专业必修课,2,5,10,谢伟敏,信息楼429,60,ENVI0031122001
ENVI0031132030,01,环境影响评价专题,生态与环境科学学院,秋季学期,3,专业选修课,2,1,16,宋佳雯,信息楼413,50,ENVI0031112026
ENVI0031132030,02,环境影响评价专题,生态与环境科学学院,秋季学期,3,专业选修课,2,1,16,吴伟敏,信息楼412,60,ENVI0031112026
ENVI0031172022,03,环境数据分析实验,生态与环境科学学院,秋季学期,7,专业必修课,3,1,16,罗宇璐,综合楼428,45,ENVI0031122008
ENVI0031172024,03,可持续发展概论实践,生态与环境科学学院,秋季学期,7,专业选修课,3,3,12,陈睿晨,实验楼302,120,ENVI0031122001
ENVI0031172031,01,环境化学,生态与环境科学学院,秋季学期,7,专业必修课,2,3,12,谢华宁,综合楼519,120,ENVI0031112025
ENVI0031172031,02,环境化学,生态与环境科学学院,秋季学期,7,专业必修课,2,3,12,马昕华,信息楼401,100,ENVI0031112025
ELEC0031112005,01,模拟电子技术实践,电子信息工程学院,秋季学期,1,学科基础课,3,5,10,孙晨楠,综合楼304,120,
ELEC0031112009,02,嵌入式开发专题,电子信息工程学院,秋季学期,1,专业必修课,3.5,3,12,杨磊宁,信息楼517,50,
ELEC0031152002,01,通信原理实验,电子信息工程学院,秋季学期,5,专业选修课,2,1,16,王宁静,综合楼206,45,STAT0031121004
ELEC0031152002,02,通信原理实验,电子信息工程学院,秋季学期,5,专业选修课,2,1,16,徐博悦,综合楼418,35,STAT0031121004
ELEC0031152007,01,通信原理实践,电子信息工程学院,秋季学期,5,专业必修课,2.5,5,10,赵敏晨,理科楼516,30,COMS0031121004
ELEC0031152007,02,通信原理实践,电子信息工程学院,秋季学期,5,专业必修课,2.5,5,10,胡洋佳,信息楼514,40,COMS0031121004
ELEC0031152019,03,嵌入式开发课程设计,电子信息工程学院,秋季学期,5,专业选修课,3,3,12,郭华雯,实验楼222,20,ELEC0031112005;ELEC0031122014
ELEC0031172015,01,机器人控制专题,电子信息工程学院,秋季学期,7,专业选修课,1,5,8,郑洋佳,实验楼123,110,ELEC0031122013
ELEC0031172015,02,机器人控制专题,电子信息工程学院,秋季学期,7,专业选修课,1,5,8,郑昕琳,综合楼501,100,ELEC0031122013
SOCI0031112002,01,社会政策实践,社会发展学院,秋季学期,1,学科基础课,3,5,10,林峰雯,社科楼410,100,
SOCI0031112002,02,社会政策实践,社会发展学院,秋季学期,1,学科基础课,3,5,10,郭磊然,法商楼322,100,
SOCI0031112002,03,社会政策实践,社会发展学院,秋季学期,1,学科基础课,3,5,10,张明静,公管楼201,110,
SOCI0031112002,04,社会政策实践,社会发展学院,秋季学期,1,学科基础课,3,5,10,何宁欣,法商楼522,100,
SOCI0031112029,01,社会工作概论案例研究,社会发展学院,秋季学期,1,专业必修课,2,9,8,黄宇昕,法商楼230,100,
SOCI0031112029,02,社会工作概论案例研究,社会发展学院,秋季学期,1,专业必修课,2,9,8,徐楠佳,法商楼514,80,
SOCI0031132001,02,社会政策实验,社会发展学院,秋季学期,3,专业必修课,2,9,8,马然宇,法商楼329,40,
SOCI0031132001,03,社会政策实验,社会发展学院,秋季学期,3,专业必修课,2,9,8,郭静睿,法商楼525,60,
SOCI0031132001,04,社会政策实验,社会发展学院,秋季学期,3,专业必修课,2,9,8,罗洁璐,法商楼214,40,
SOCI0031132001,05,社会政策实验,社会发展学院,秋季学期,3,专业必修课,2,9,8,朱佳宁,法商楼305,60,
SOCI0031132011,01,农村社会学案例研究,社会发展学院,秋季学期,3,专业选修课,1.5,9,8,罗琳楠,传播楼218,80,PHIL0031112010
SOCI0031132011,02,农村社会学案例研究,社会发展学院,秋季学期,3,专业选修课,1.5,9,8,刘佳宁,传播楼321,80,PHIL0031112010
SOCI0031132011,03,农村社会学案例研究,社会发展学院,秋季学期,3,专业选修课,1.5,9,8,罗洁璐,法商楼411,100,PHIL0031112010
SOCI0031132020,01,社会工作概论课程设计,社会发展学院,秋季学期,3,专业必修课,3,1,12,宋宇昕,法商楼512,130,SOCI0031112018;POLI0031122012
SOCI0031152008,01,城市社会学实验,社会发展学院,秋季学期,5,专业选修课,2,1,12,何楠佳,社科楼322,45,POLI0031132005
SOCI0031152008,02,城市社会学实验,社会发展学院,秋季学期,5,专业选修课,2,1,12,王洋琳,法商楼118,35,POLI0031132005
SOCI0031152010,01,社会调查方法实践,社会发展学院,秋季学期,5,专业必修课,2.5,1,14,宋琪芳,公管楼210,55,CHIN0031112006
SOCI0031152010,02,社会调查方法实践,社会发展学院,秋季学期,5,专业必修课,2.5,1,14,周博华,公管楼118,35,CHIN0031112006
SOCI0031152010,04,社会调查方法实践,社会发展学院,秋季学期,5,专业必修课,2.5,1,14,陈然宇,社科楼322,45,CHIN0031112006
SOCI0031152026,01,社会政策,社会发展学院,秋季学期,5,专业必修课,3.5,1,12,梁楠佳,法商楼416,35,
SOCI0031152026,02,社会政策,社会发展学院,秋季学期,5,专业必修课,3.5,1,12,徐楠佳,公管楼318,55,
SOCI0031172014,01,社区治理课程设计,社会发展学院,秋季学期,7,专业选修课,2.5,5,10,王昕伟,法商楼526,120,CHIN0031132009
SOCI0031172014,02,社区治理课程设计,社会发展学院,秋季学期,7,专业选修课,2.5,5,10,高杰磊,社科楼401,120,CHIN0031132009
SOCI0031172014,03,社区治理课程设计,社会发展学院,秋季学期,7,专业选修课,2.5,5,10,胡明静,传播楼508,110,CHIN0031132009
SOCI0031172015,01,人口学专题,社会发展学院,秋季学期,7,专业选修课,1.5,9,8,梁雯琪,公管楼403,30,CHIN0031132009;POLI0031112015
SOCI0031172015,02,人口学专题,社会发展学院,秋季学期,7,专业选修课,1.5,9,8,刘悦敏,社科楼416,20,CHIN0031132009;POLI0031112015
SOCI0031172017,01,社会调查方法课程设计,社会发展学院,秋季学期,7,专业选修课,1.5,1,8,王昕伟,公管楼209,70,SOCI0031152008
SOCI0031172021,03,人口学课程设计,社会发展学院,秋季学期,7,专业必修课,3.5,1,18,高璐晨,公管楼221,45,
SOCI0031172032,01,社会统计学专题,社会发展学院,秋季学期,7,专业选修课,1.5,5,8,林伟杰,法商楼116,120,CHIN0031162013;PHIL0031122022
SOCI0031172032,02,社会统计学专题,社会发展学院,秋季学期,7,专业选修课,1.5,5,8,高杰磊,社科楼509,130,CHIN0031162013;PHIL0031122022
ECON0031112013,01,金融市场学实践,经济与管理学院,秋季学期,1,学科基础课,1.5,1,12,谢琪芳,法商楼422,35,
ECON0031112013,02,金融市场学实践,经济与管理学院,秋季学期,1,学科基础课,1.5,1,12,梁敏峰,社科楼222,45,
ECON0031112013,03,金融市场学实践,经济与管理学院,秋季学期,1,学科基础课,1.5,1,12,黄晨明,传播楼230,65,
ECON0031112013,04,金融市场学实践,经济与管理学院,秋季学期,1,学科基础课,1.5,1,12,胡昕伟,公管楼410,55,
ECON0031132001,01,金融市场学实验,经济与管理学院,秋季学期,3,专业必修课,2,1,16,郑洋琳,社科楼528,100,
ECON0031132001,02,金融市场学实验,经济与管理学院,秋季学期,3,专业必修课,2,1,16,张敏峰,公管楼522,100,
ECON0031132001,03,金融市场学实验,经济与管理学院,秋季学期,3,专业必修课,2,1,16,吴静睿,法商楼425,80,
ECON0031132002,01,市场营销课程设计,经济与管理学院,秋季学期,3,专业必修课,2,5,10,吴宇昕,法商楼112,30,
ECON0031132002,02,市场营销课程设计,经济与管理学院,秋季学期,3,专业必修课,2,5,10,谢静睿,公管楼429,30,
ECON0031132002,03,市场营销课程设计,经济与管理学院,秋季学期,3,专业必修课,2,5,10,马楠佳,公管楼425,50,
ECON0031132002,04,市场营销课程设计,经济与管理学院,秋季学期,3,专业必修课,2,5,10,杨静睿,传播楼525,50,
ECON0031132010,01,微观经济学实践,经济与管理学院,秋季学期,3,专业必修课,3,5,10,梁敏峰,法商楼408,35,ECON0031122007;ECON0031122004
ECON0031132010,02,微观经济学实践,经济与管理学院,秋季学期,3,专业必修课,3,5,10,郑洋琳,法商楼127,55,ECON0031122007;ECON0031122004
ECON0031132010,03,微观经济学实践,经济与管理学院,秋季学期,3,专业必修课,3,5,10,罗宇昕,传播楼125,45,ECON0031122007;ECON0031122004
ECON0031152011,01,微观经济学,经济与管理学院,秋季学期,5,专业必修课,2,1,16,林磊然,传播楼408,70,
ECON0031152011,03,微观经济学,经济与管理学院,秋季学期,5,专业必修课,2,1,16,黄琳楠,传播楼501,90,
ECON0031152012,01,市场营销案例研究,经济与管理学院,秋季学期,5,专业选修课,3,5,10,林欣洋,社科楼516,140,ECON0031122004
STAT0031112001,01,应用回归分析课程设计,统计学院,秋季学期,1,学科基础课,3,1,12,杨静睿,实验楼527,140,
STAT0031112001,04,应用回归分析课程设计,统计学院,秋季学期,1,学科基础课,3,1,12,何博华,综合楼130,120,
STAT0031112001,05,应用回归分析课程设计,统计学院,秋季学期,1,学科基础课,3,1,12,王雯琪,理科楼422,110,
STAT0031112018,02,非参数统计,统计学院,秋季学期,1,学科基础课,3,1,16,王雯琪,综合楼213,50,
STAT0031112025,03,因果推断案例研究,统计学院,秋季学期,1,专业必修课,3.5,1,16,孙磊然,实验楼401,110,
STAT0031112025,05,因果推断案例研究,统计学院,秋季学期,1,专业必修课,3.5,1,16,赵宁欣,理科楼202,110,
STAT0031132003,01,生物统计导论实践,统计学院,秋季学期,3,专业必修课,1.5,1,12,黄晨明,理科楼104,80,STAT0031112001
STAT0031132003,02,生物统计导论实践,统计学院,秋季学期,3,专业必修课,1.5,1,12,李宇昕,信息楼423,80,STAT0031112001
STAT0031132003,03,生物统计导论实践,统计学院,秋季学期,3,专业必修课,1.5,1,12,宋欣洋,理科楼207,80,STAT0031112001
STAT0031132016,01,因果推断课程设计,统计学院,秋季学期,3,专业必修课,3,1,18,孙宇昕,信息楼318,30,STAT0031112001
STAT0031132016,02,因果推断课程设计,统计学院,秋季学期,3,专业必修课,3,1,18,吴峰雯,实验楼326,30,STAT0031112001
STAT0031132016,03,因果推断课程设计,统计学院,秋季学期,3,专业必修课,3,1,18,胡然宇,理科楼221,60,STAT0031112001
STAT0031132023,03,因果推断专题,统计学院,秋季学期,3,专业必修课,3,1,12,高楠佳,综合楼416,110,
STAT0031152021,01,实验设计实验,统计学院,秋季学期,5,专业选修课,2.5,9,8,孙磊然,实验楼521,30,STAT0031121004;STAT0031142013
STAT0031172009,02,应用回归分析专题,统计学院,秋季学期,7,专业选修课,2.5,1,16,梁雯琪,理科楼122,40,STAT0031132003
STAT0031172009,03,应用回归分析专题,统计学院,秋季学期,7,专业选修课,2.5,1,16,谢华博,综合楼223,40,STAT0031132003
STAT0031172011,02,贝叶斯统计专题,统计学院,秋季学期,7,专业必修课,2,1,14,郭悦敏,信息楼507,50,
STAT0031172014,01,多元统计分析,统计学院,秋季学期,7,专业选修课,1.5,1,12,谢洁璐,理科楼410,60,STAT0031142013
STAT0031172014,02,多元统计分析,统计学院,秋季学期,7,专业选修课,1.5,1,12,孙佳宁,理科楼219,60,STAT0031142013
ARTS0031112009,01,中国美术史案例研究,美术学院,秋季学期,1,专业必修课,2,5,10,王敏洁,设计楼406,120,
ARTS0031112009,02,中国美术史案例研究,美术学院,秋季学期,1,专业必修课,2,5,10,王然琪,音乐楼123,100,
ARTS0031112009,03,中国美术史案例研究,美术学院,秋季学期,1,专业必修课,2,5,10,吴欣杰,设计楼514,110,
ARTS0031112009,04,中国美术史案例研究,美术学院,秋季学期,1,专业必修课,2,5,10,吴悦芳,美术楼118,100,
ARTS0031112013,01,素描实验,美术学院,秋季学期,1,学科基础课,2,1,14,马宁磊,美术楼212,80,
ARTS0031112013,03,素描实验,美术学院,秋季学期,1,学科基础课,2,1,14,郑明伟,音乐楼227,70,
ARTS0031112013,04,素描实验,美术学院,秋季学期,1,学科基础课,2,1,14,罗佳雯,音乐楼209,50,
ARTS0031132001,01,雕塑基础,美术学院,秋季学期,3,专业选修课,1,3,8,胡宁磊,美术楼404,45,
ARTS0031132024,01,油画基础专题,美术学院,秋季学期,3,专业选修课,2,1,12,陈博琳,音乐楼526,120,
ARTS0031132024,02,油画基础专题,美术学院,秋季学期,3,专业选修课,2,1,12,何雯峰,音乐楼115,100,
ARTS0031152004,01,版画基础案例研究,美术学院,秋季学期,5,专业选修课,1.5,1,8,林琳昕,美术楼107,40,
ARTS0031152004,02,版画基础案例研究,美术学院,秋季学期,5,专业选修课,1.5,1,8,朱磊博,设计楼425,50,
ARTS0031152010,01,艺术概论专题,美术学院,秋季学期,5,专业选修课,2.5,9,8,谢宇璐,美术楼101,30,ARTS0031112009
ARTS0031152010,02,艺术概论专题,美术学院,秋季学期,5,专业选修课,2.5,9,8,梁璐欣,音乐楼203,40,ARTS0031112009
ARTS0031152028,01,艺术概论实践,美术学院,秋季学期,5,专业选修课,2,1,16,梁洋悦,美术楼322,50,ARTS0031142022
ARTS0031152028,02,艺术概论实践,美术学院,秋季学期,5,专业选修课,2,1,16,徐敏洁,美术楼111,30,ARTS0031142022
ARTS0031172026,01,色彩专题,美术学院,秋季学期,7,专业选修课,1.5,3,8,林晨睿,音乐楼210,20,ARTS0031152025
ARTS0031172026,02,色彩专题,美术学院,秋季学期,7,专业选修课,1.5,3,8,谢磊博,音乐楼517,30,ARTS0031152025
ARTS0031172029,01,外国美术史实验,美术学院,秋季学期,7,专业必修课,2,3,12,林琳昕,美术楼516,20,ARTS0031162015;ARTS0031122007
ARTS0031172029,02,外国美术史实验,美术学院,秋季学期,7,专业必修课,2,3,12,何洋悦,音乐楼110,20,ARTS0031162015;ARTS0031122007
ARTS0031172029,03,外国美术史实验,美术学院,秋季学期,7,专业必修课,2,3,12,罗欣杰,音乐楼209,30,ARTS0031162015;ARTS0031122007
ARTS0031172029,04,外国美术史实验,美术学院,秋季学期,7,专业必修课,2,3,12,胡睿晨,美术楼221,40,ARTS0031162015;ARTS0031122007
ARTS0031172031,01,版画基础实践,美术学院,秋季学期,7,专业选修课,1.5,1,12,黄峰洋,设计楼401,40,ARTS0031122021
COMS0031112004,01,分布式系统,计算机科学与技术学院,秋季学期,1,专业必修课,2,1,14,梁敏晨,信息楼304,80,
COMS0031112004,02,分布式系统,计算机科学与技术学院,秋季学期,1,专业必修课,2,1,14,周雯洁,信息楼202,80,
COMS0031112004,04,分布式系统,计算机科学与技术学院,秋季学期,1,专业必修课,2,1,14,周楠琪,实验楼216,80,
COMS0031112015,02,Web系统开发,计算机科学与技术学院,秋季学期,1,专业必修课,2,1,16,周睿欣,综合楼207,40,
COMS0031112015,03,Web系统开发,计算机科学与技术学院,秋季学期,1,专业必修课,2,1,16,高睿欣,综合楼509,40,
COMS0031112018,01,智能课程规划实践案例研究,计算机科学与技术学院,秋季学期,1,专业必修课,2,1,12,周雯洁,信息楼321,130,
COMS0031112018,03,智能课程规划实践案例研究,计算机科学与技术学院,秋季学期,1,专业必修课,2,1,12,周洋佳,综合楼121,120,
COMS0031112020,01,智能课程规划实践进阶,计算机科学与技术学院,秋季学期,1,学科基础课,2,9,8,罗佳洋,理科楼110,100,
COMS0031112020,02,智能课程规划实践进阶,计算机科学与技术学院,秋季学期,1,学科基础课,2,9,8,吴琪睿,信息楼322,100,
COMS0031112020,03,智能课程规划实践进阶,计算机科学与技术学院,秋季学期,1,学科基础课,2,9,8,刘琪睿,理科楼227,120,
COMS0031121004,03,程序设计原理与C语言,计算机科学与技术学院,秋季学期,1,学科基础课,3,1,16,罗磊宁,实验楼319,110,
COMS0031121004,05,程序设计原理与C语言,计算机科学与技术学院,秋季学期,1,学科基础课,3,1,16,胡洋佳,实验楼411,90,
COMS0031131026,01,计算机导论,计算机科学与技术学院,秋季学期,1,学科基础课,2,9,8,梁敏晨,实验楼521,80,
COMS0031131026,02,计算机导论,计算机科学与技术学院,秋季学期,1,学科基础课,2,9,8,梁然峰,信息楼504,90,
COMS0031131026,03,计算机导论,计算机科学与技术学院,秋季学期,1,学科基础课,2,9,8,谢伟芳,信息楼215,80,
COMS0031131026,04,计算机导论,计算机科学与技术学院,秋季学期,1,学科基础课,2,9,8,王博悦,实验楼115,70,
COMS0031131043,02,编程思维与实践,计算机科学与技术学院,秋季学期,3,专业必修课,2,1,12,郭峰杰,综合楼229,100,COMS0031121004
COMS0031131043,03,编程思维与实践,计算机科学与技术学院,秋季学期,3,专业必修课,2,1,12,王明华,信息楼213,70,COMS0031121004
COMS0031131043,04,编程思维与实践,计算机科学与技术学院,秋季学期,3,专业必修课,2,1,12,宋洁博,综合楼423,90,COMS0031121004
COMS0031131049,01,计算机组成与实践,计算机科学与技术学院,秋季学期,3,专业必修课,3,5,10,周洋佳,实验楼512,120,COMS0031121015
COMS0031132012,01,网络安全实践,计算机科学与技术学院,秋季学期,3,专业必修课,2,1,14,郑楠琪,信息楼302,60,
COMS0031132012,02,网络安全实践,计算机科学与技术学院,秋季学期,3,专业必修课,2,1,14,刘峰杰,综合楼103,50,
COMS0031132012,03,网络安全实践,计算机科学与技术学院,秋季学期,3,专业必修课,2,1,14,赵然峰,综合楼529,60,
COMS0031132022,01,分布式系统实验,计算机科学与技术学院,秋季学期,3,专业必修课,2.5,9,8,罗静昕,理科楼228,80,COMS0031121014;COMS0031122017
COMS0031132022,02,分布式系统实验,计算机科学与技术学院,秋季学期,3,专业必修课,2.5,9,8,林佳洋,理科楼330,50,COMS0031121014;COMS0031122017
COMS0031132022,03,分布式系统实验,计算机科学与技术学院,秋季学期,3,专业必修课,2.5,9,8,林悦明,实验楼204,50,COMS0031121014;COMS0031122017
COMS0031132022,04,分布式系统实验,计算机科学与技术学院,秋季学期,3,专业必修课,2.5,9,8,周睿欣,综合楼522,50,COMS0031121014;COMS0031122017
COMS0031132022,05,分布式系统实验,计算机科学与技术学院,秋季学期,3,专业必修课,2.5,9,8,林佳洋,实验楼402,50,COMS0031121014;COMS0031122017
COMS0031152002,01,移动应用开发实践,计算机科学与技术学院,秋季学期,5,专业必修课,2.5,1,14,刘峰杰,综合楼312,100,COMS0031121013
COMS0031152002,02,移动应用开发实践,计算机科学与技术学院,秋季学期,5,专业必修课,2.5,1,14,张杰伟,实验楼112,100,COMS0031121013
COMS0031152007,01,区块链技术课程设计,计算机科学与技术学院,秋季学期,5,专业必修课,2,1,12,郑昕琳,综合楼405,55,COMS0031131026;COMS0031131032
COMS0031152007,02,区块链技术课程设计,计算机科学与技术学院,秋季学期,5,专业必修课,2,1,12,高睿欣,信息楼422,55,COMS0031131026;COMS0031131032
COMS0031152007,03,区块链技术课程设计,计算机科学与技术学院,秋季学期,5,专业必修课,2,1,12,赵璐磊,实验楼414,65,COMS0031131026;COMS0031131032
COMS0031152007,04,区块链技术课程设计,计算机科学与技术学院,秋季学期,5,专业必修课,2,1,12,黄洁博,实验楼311,45,COMS0031131026;COMS0031131032
COMS0031152007,05,区块链技术课程设计,计算机科学与技术学院,秋季学期,5,专业必修课,2,1,12,马楠琪,理科楼323,35,COMS0031131026;COMS0031131032
COMS0031152016,01,Web系统开发实践,计算机科学与技术学院,秋季学期,5,专业选修课,2.5,9,8,高博悦,综合楼107,140,COMS0031131032
COMS0031152016,02,Web系统开发实践,计算机科学与技术学院,秋季学期,5,专业选修课,2.5,9,8,赵芳宇,信息楼308,140,COMS0031131032
COMS0031152016,03,Web系统开发实践,计算机科学与技术学院,秋季学期,5,专业选修课,2.5,9,8,高宁静,实验楼316,120,COMS0031131032
COMS0031152024,01,面向对象程序设计课程设计,计算机科学与技术学院,秋季学期,5,专业选修课,2,1,12,何敏晨,实验楼102,55,COMS0031121015;COMS0031142023
COMS0031152025,01,Web系统开发案例研究,计算机科学与技术学院,秋季学期,5,专业选修课,2,3,12,徐明华,信息楼211,80,COMS0031131053
COMS0031152025,02,Web系统开发案例研究,计算机科学与技术学院,秋季学期,5,专业选修课,2,3,12,郑洋佳,理科楼221,70,COMS0031131053
COMS0031172009,01,区块链技术专题,计算机科学与技术学院,秋季学期,7,专业必修课,2,3,12,郑洋佳,理科楼409,40,COMS0031131026
COMS0031172009,03,区块链技术专题,计算机科学与技术学院,秋季学期,7,专业必修课,2,3,12,孙悦明,实验楼407,50,COMS0031131026
COMS0031172010,01,计算机视觉实践,计算机科学与技术学院,秋季学期,7,专业选修课,2.5,5,10,张杰伟,信息楼119,60,COMS0031131037
COMS0031172010,02,计算机视觉实践,计算机科学与技术学院,秋季学期,7,专业选修课,2.5,5,10,杨欣敏,理科楼401,50,COMS0031131037
COMS0031172013,01,算法工程实践,计算机科学与技术学院,秋季学期,7,专业必修课,1.5,3,8,罗宇然,实验楼304,65,
COMS0031172013,02,算法工程实践,计算机科学与技术学院,秋季学期,7,专业必修课,1.5,3,8,徐芳宇,理科楼514,45,
COMS0031172013,03,算法工程实践,计算机科学与技术学院,秋季学期,7,专业必修课,1.5,3,8,黄华雯,理科楼411,55,
COMS0031172029,01,自然语言处理专题,计算机科学与技术学院,秋季学期,7,专业选修课,2,1,12,郑洋佳,综合楼520,100,COMS0031131037
COMS0031172029,03,自然语言处理专题,计算机科学与技术学院,秋季学期,7,专业选修课,2,1,12,陈明华,实验楼304,100,COMS0031131037
DESN0031112008,02,版式设计,设计学院,秋季学期,1,学科基础课,3,1,12,宋洁楠,设计楼401,100,
DESN0031112008,03,版式设计,设计学院,秋季学期,1,学科基础课,3,1,12,徐然悦,音乐楼220,100,
DESN0031112016,01,设计史专题,设计学院,秋季学期,1,学科基础课,2,5,10,朱琪杰,美术楼314,90,
DESN0031112016,02,设计史专题,设计学院,秋季学期,1,学科基础课,2,5,10,李晨敏,音乐楼315,90,
DESN0031112016,03,设计史专题,设计学院,秋季学期,1,学科基础课,2,5,10,罗悦洋,音乐楼120,90,
DESN0031132027,01,信息设计案例研究,设计学院,秋季学期,3,专业选修课,2.5,1,12,林悦洋,设计楼517,110,DESN0031112016
DESN0031132027,02,信息设计案例研究,设计学院,秋季学期,3,专业选修课,2.5,1,12,郭峰博,设计楼124,130,DESN0031112016
DESN0031132027,03,信息设计案例研究,设计学院,秋季学期,3,专业选修课,2.5,1,12,吴佳然,美术楼512,140,DESN0031112016
DESN0031132030,01,服务设计专题,设计学院,秋季学期,3,专业必修课,3.5,1,12,马明欣,音乐楼328,50,DESN0031122010;DESN0031112008
DESN0031132030,02,服务设计专题,设计学院,秋季学期,3,专业必修课,3.5,1,12,周明欣,设计楼524,80,DESN0031122010;DESN0031112008
DESN0031132033,02,用户研究实践,设计学院,秋季学期,3,专业必修课,2,9,8,刘宇睿,音乐楼414,20,DESN0031122010;DESN0031112008
DESN0031132033,03,用户研究实践,设计学院,秋季学期,3,专业必修课,2,9,8,宋洁楠,音乐楼528,30,DESN0031122010;DESN0031112008
DESN0031132033,04,用户研究实践,设计学院,秋季学期,3,专业必修课,2,9,8,王芳华,设计楼403,40,DESN0031122010;DESN0031112008
DESN0031152004,01,数字媒体设计实验,设计学院,秋季学期,5,专业必修课,2,1,14,张楠琳,设计楼230,140,
DESN0031152004,02,数字媒体设计实验,设计学院,秋季学期,5,专业必修课,2,1,14,孙峰博,设计楼505,110,
DESN0031152017,01,数字媒体设计课程设计,设计学院,秋季学期,5,专业必修课,2,1,12,张雯佳,设计楼408,120,DESN0031112016
DESN0031152017,03,数字媒体设计课程设计,设计学院,秋季学期,5,专业必修课,2,1,12,郭伟雯,美术楼127,120,DESN0031112016
DESN0031152017,04,数字媒体设计课程设计,设计学院,秋季学期,5,专业必修课,2,1,12,赵杰晨,设计楼303,100,DESN0031112016
DESN0031152017,05,数字媒体设计课程设计,设计学院,秋季学期,5,专业必修课,2,1,12,林洁楠,音乐楼507,100,DESN0031112016
DESN0031152023,02,交互设计实验,设计学院,秋季学期,5,专业必修课,2.5,1,12,杨琳明,设计楼528,100,DESN0031142020;DESN0031142006
DESN0031172009,01,设计概论实践,设计学院,秋季学期,7,专业选修课,2,5,10,罗佳然,美术楼105,110,
DESN0031172009,02,设计概论实践,设计学院,秋季学期,7,专业选修课,2,5,10,郭琪杰,美术楼309,90,
DESN0031172009,03,设计概论实践,设计学院,秋季学期,7,专业选修课,2,5,10,张洋伟,音乐楼423,110,
DESN0031172013,01,用户研究专题,设计学院,秋季学期,7,专业选修课,1.5,9,8,张昕磊,音乐楼118,40,DESN0031122010
DESN0031172015,01,图形创意课程设计,设计学院,秋季学期,7,专业必修课,3,1,14,胡睿琪,音乐楼523,50,DESN0031112008;DESN0031142006
DESN0031172015,03,图形创意课程设计,设计学院,秋季学期,7,专业必修课,3,1,14,高芳华,设计楼206,30,DESN0031112008;DESN0031142006
SOFT0031112004,02,软件项目管理,软件工程学院,秋季学期,1,专业必修课,2,1,12,孙磊博,综合楼227,65,
SOFT0031112013,01,低代码平台设计实验,软件工程学院,秋季学期,1,专业必修课,3,5,10,罗峰洋,理科楼502,50,
SOFT0031112018,01,软件项目管理专题,软件工程学院,秋季学期,1,学科基础课,1.5,5,8,谢洁然,理科楼201,100,
SOFT0031112018,02,软件项目管理专题,软件工程学院,秋季学期,1,学科基础课,1.5,5,8,高洋悦,信息楼501,120,
SOFT0031112018,03,软件项目管理专题,软件工程学院,秋季学期,1,学科基础课,1.5,5,8,周敏洁,信息楼113,100,
SOFT0031112018,04,软件项目管理专题,软件工程学院,秋季学期,1,学科基础课,1.5,5,8,黄欣杰,综合楼111,110,
SOFT0031112018,05,软件项目管理专题,软件工程学院,秋季学期,1,学科基础课,1.5,5,8,李琪明,信息楼421,100,
SOFT0031112018,06,软件项目管理专题,软件工程学院,秋季学期,1,学科基础课,1.5,5,8,郑芳佳,综合楼521,90,
SOFT0031112024,01,软件项目管理实验,软件工程学院,秋季学期,1,学科基础课,2.5,9,8,赵宁磊,实验楼409,60,
SOFT0031112024,02,软件项目管理实验,软件工程学院,秋季学期,1,学科基础课,2.5,9,8,孙琪明,综合楼330,70,
SOFT0031112024,03,软件项目管理实验,软件工程学院,秋季学期,1,学科基础课,2.5,9,8,吴洁然,信息楼316,50,
SOFT0031112024,06,软件项目管理实验,软件工程学院,秋季学期,1,学科基础课,2.5,9,8,郭佳雯,理科楼306,50,
SOFT0031132003,02,前端工程实践实验,软件工程学院,秋季学期,3,专业必修课,2,1,12,吴华宁,理科楼529,130,COMS0031131013
SOFT0031132017,02,低代码平台设计专题,软件工程学院,秋季学期,3,专业必修课,3,1,12,高楠宇,综合楼329,80,
SOFT0031152001,01,DevOps实践,软件工程学院,秋季学期,5,专业选修课,1.5,1,8,梁睿晨,实验楼408,120,STAT0031121004
SOFT0031152001,02,DevOps实践,软件工程学院,秋季学期,5,专业选修课,1.5,1,8,赵宁磊,信息楼419,90,STAT0031121004
SOFT0031152005,02,后端系统开发实践,软件工程学院,秋季学期,5,专业必修课,2.5,5,10,高楠宇,理科楼304,120,
SOFT0031152005,03,后端系统开发实践,软件工程学院,秋季学期,5,专业必修课,2.5,5,10,吴华宁,信息楼524,110,
SOFT0031172008,01,微服务架构实践,软件工程学院,秋季学期,7,专业必修课,1.5,3,8,胡芳佳,综合楼303,50,STAT0031121004
SOFT0031172008,02,微服务架构实践,软件工程学院,秋季学期,7,专业必修课,1.5,3,8,孙磊博,综合楼105,60,STAT0031121004
SOFT0031172008,03,微服务架构实践,软件工程学院,秋季学期,7,专业必修课,1.5,3,8,朱悦芳,信息楼107,40,STAT0031121004
SOFT0031172008,04,微服务架构实践,软件工程学院,秋季学期,7,专业必修课,1.5,3,8,陈洋悦,实验楼526,50,STAT0031121004
SOFT0031172008,05,微服务架构实践,软件工程学院,秋季学期,7,专业必修课,1.5,3,8,林琪明,综合楼213,40,STAT0031121004
MUSI0031112004,01,民族民间音乐课程设计,音乐学院,秋季学期,1,学科基础课,3,1,12,张洋晨,设计楼503,70,
MUSI0031112004,02,民族民间音乐课程设计,音乐学院,秋季学期,1,学科基础课,3,1,12,黄伟璐,音乐楼417,80,
MUSI0031112004,03,民族民间音乐课程设计,音乐学院,秋季学期,1,学科基础课,3,1,12,朱宇杰,音乐楼322,80,
MUSI0031112004,04,民族民间音乐课程设计,音乐学院,秋季学期,1,学科基础课,3,1,12,郭静雯,音乐楼410,100,
MUSI0031112004,05,民族民间音乐课程设计,音乐学院,秋季学期,1,学科基础课,3,1,12,孙洁敏,美术楼507,70,
MUSI0031132016,01,音乐教育心理学案例研究,音乐学院,秋季学期,3,专业选修课,1.5,3,8,马然静,美术楼411,60,MUSI0031122012;MUSI0031112004
MUSI0031132016,02,音乐教育心理学案例研究,音乐学院,秋季学期,3,专业选修课,1.5,3,8,黄峰楠,设计楼225,40,MUSI0031122012;MUSI0031112004
MUSI0031132024,01,西方音乐史实验,音乐学院,秋季学期,3,专业必修课,3,1,16,罗悦然,设计楼504,30,MUSI0031122014
MUSI0031152008,01,中国音乐史案例研究,音乐学院,秋季学期,5,专业必修课,3,1,16,罗晨宁,设计楼201,45,MUSI0031112004
MUSI0031152008,02,中国音乐史案例研究,音乐学院,秋季学期,5,专业必修课,3,1,16,郑宁佳,音乐楼206,45,MUSI0031112004
MUSI0031152018,03,音乐课程与教学论,音乐学院,秋季学期,5,专业必修课,2,1,14,赵楠磊,设计楼228,70,
MUSI0031152019,03,西方音乐史案例研究,音乐学院,秋季学期,5,专业必修课,3.5,1,12,梁璐悦,音乐楼126,60,MUSI0031142011
MUSI0031152028,02,作曲基础案例研究,音乐学院,秋季学期,5,专业选修课,2,1,12,孙洁敏,设计楼308,90,MUSI0031122020
MUSI0031172002,01,民族民间音乐,音乐学院,秋季学期,7,专业选修课,1,5,8,陈博洁,音乐楼319,90,
MUSI0031172002,02,民族民间音乐,音乐学院,秋季学期,7,专业选修课,1,5,8,谢佳睿,音乐楼218,90,
MUSI0031172003,01,西方音乐史,音乐学院,秋季学期,7,专业选修课,2,9,8,梁洋晨,美术楼201,110,
MUSI0031172003,02,西方音乐史,音乐学院,秋季学期,7,专业选修课,2,9,8,王璐悦,设计楼520,130,
MUSI0031172003,03,西方音乐史,音乐学院,秋季学期,7,专业选修课,2,9,8,郑明琪,设计楼525,110,
MUSI0031172009,01,视唱练耳,音乐学院,秋季学期,7,专业选修课,3,1,16,黄伟璐,设计楼430,30,MUSI0031112004
MUSI0031172009,02,视唱练耳,音乐学院,秋季学期,7,专业选修课,3,1,16,张楠磊,美术楼403,50,MUSI0031112004
MUSI0031172027,01,音乐课程与教学论案例研究,音乐学院,秋季学期,7,专业选修课,2,3,12,徐杰宇,美术楼303,50,MUSI0031152019;MUSI0031112004
MUSI0031172031,01,音乐教育心理学专题,音乐学院,秋季学期,7,专业选修课,2.5,1,16,王敏华,音乐楼513,100,
MUSI0031172031,02,音乐教育心理学专题,音乐学院,秋季学期,7,专业选修课,2.5,1,16,谢佳睿,音乐楼502,100,
MUSI0031172031,03,音乐教育心理学专题,音乐学院,秋季学期,7,专业选修课,2.5,1,16,郭静雯,美术楼208,100,
MARX0031112021,01,马克思主义基本原理专题,马克思主义学院,秋季学期,1,专业必修课,3,1,16,王楠欣,公管楼303,50,
MARX0031112021,04,马克思主义基本原理专题,马克思主义学院,秋季学期,1,专业必修课,3,1,16,王睿华,法商楼126,60,
MARX0031112028,02,思想政治课程与教学论专题,马克思主义学院,秋季学期,1,专业必修课,3,3,12,梁雯静,传播楼428,130,
MARX0031132001,02,科学社会主义实践,马克思主义学院,秋季学期,3,专业选修课,2,9,8,陈昕琪,传播楼205,60,
MARX0031132011,01,中国共产党历史,马克思主义学院,秋季学期,3,专业选修课,1.5,3,8,宋欣楠,社科楼414,70,HIST0031112011
MARX0031132011,02,中国共产党历史,马克思主义学院,秋季学期,3,专业选修课,1.5,3,8,何博峰,传播楼128,60,HIST0031112011
MARX0031132011,03,中国共产党历史,马克思主义学院,秋季学期,3,专业选修课,1.5,3,8,徐楠欣,传播楼216,70,HIST0031112011
MARX0031132016,01,思想道德与法治课程设计,马克思主义学院,秋季学期,3,专业选修课,2,9,8,郭晨博,社科楼415,35,HIST0031112004
MARX0031132026,01,形势与政策,马克思主义学院,秋季学期,3,专业选修课,2.5,9,8,林琪然,法商楼116,110,HIST0031122017
MARX0031132030,01,中国近现代史纲要实验,马克思主义学院,秋季学期,3,专业必修课,2,1,14,谢洁杰,社科楼402,45,HIST0031112011
MARX0031132030,02,中国近现代史纲要实验,马克思主义学院,秋季学期,3,专业必修课,2,1,14,高楠欣,社科楼126,45,HIST0031112011
MARX0031132030,03,中国近现代史纲要实验,马克思主义学院,秋季学期,3,专业必修课,2,1,14,吴洁杰,公管楼314,45,HIST0031112011
MARX0031152003,02,中国近现代史纲要,马克思主义学院,秋季学期,5,专业必修课,3,5,10,罗华芳,传播楼217,50,POLI0031132002
MARX0031152004,01,中国共产党历史专题,马克思主义学院,秋季学期,5,专业选修课,1.5,3,8,朱琳雯,社科楼205,70,
MARX0031152004,02,中国共产党历史专题,马克思主义学院,秋季学期,5,专业选修课,1.5,3,8,吴峰睿,法商楼521,100,
MARX0031152013,01,中国共产党历史实验,马克思主义学院,秋季学期,5,专业选修课,1.5,1,8,刘悦璐,法商楼225,40,SOCI0031132001
MARX0031152023,01,思想道德与法治,马克思主义学院,秋季学期,5,专业必修课,2,5,10,何芳晨,法商楼301,40,CHIN0031142012
MARX0031152024,01,中国近现代史纲要案例研究,马克思主义学院,秋季学期,5,专业选修课,1.5,1,12,赵博峰,社科楼501,50,SOCI0031142004
MARX0031152032,02,思想政治课程与教学论,马克思主义学院,秋季学期,5,专业选修课,2.5,1,14,梁雯静,公管楼503,90,PHIL0031142018
MARX0031152032,03,思想政治课程与教学论,马克思主义学院,秋季学期,5,专业选修课,2.5,1,14,孙静宁,传播楼513,70,PHIL0031142018
MARX0031152032,04,思想政治课程与教学论,马克思主义学院,秋季学期,5,专业选修课,2.5,1,14,李琪然,法商楼121,80,PHIL0031142018
MARX0031152032,05,思想政治课程与教学论,马克思主义学院,秋季学期,5,专业选修课,2.5,1,14,郭欣楠,公管楼316,100,PHIL0031142018
MARX0031172009,01,思想政治课程与教学论实践,马克思主义学院,秋季学期,7,专业选修课,2,3,12,梁雯静,法商楼116,65,MARX0031112005
MARX0031172027,01,毛泽东思想和中国特色社会主义理论体系概论专题,马克思主义学院,秋季学期,7,专业选修课,1,1,12,宋宇洋,法商楼502,120,
MARX0031172029,01,社会思潮研究实践,马克思主义学院,秋季学期,7,专业选修课,2,1,14,胡敏伟,法商楼108,40,
MARX0031172029,02,社会思潮研究实践,马克思主义学院,秋季学期,7,专业选修课,2,1,14,陈昕琪,公管楼127,40,
MARX0031172031,01,科学社会主义案例研究,马克思主义学院,秋季学期,7,专业选修课,3,1,12,吴华芳,公管楼224,65,SOCI0031152026
