course_basic_ID,course_sp_ID,day,beg,last
COMS0031131026,01,Fri,8,2
COMS0031161001,01,Wed,6,2
COMS0031161000,01,Tue,8,2
COMS0031161000,01,Fri,12,2
COMS0031161000,01,Wed,13,1
COMS0031121013,01,Mon,12,2
COMS0031121013,01,Tue,4,2
COMS0031121013,01,Thu,1,2
COMS0031121014,01,Mon,10,4
COMS0031121014,01,Sat,4,2
COMS0031121004,01,Thu,8,2
COMS0031121004,01,Fri,3,2
COMS0031131032,01,Wed,4,2
COMS0031131032,01,Fri,12,1
COMS0031121009,01,Thu,8,3
COMS0031121009,01,Wed,1,2
COMS0031121015,01,Fri,6,2
COMS0031121015,01,Mon,11,2
COMS0031121015,01,Tue,11,1
COMS0031131013,01,Wed,3,3
COMS0031131043,01,Mon,3,2
COMS0031131043,01,Tue,13,1
STAT0031121004,01,Tue,6,2
STAT0031121004,01,Mon,12,1
COMS0031131049,01,Fri,6,3
COMS0031131050,01,Sat,1,4
COMS0031131050,01,Fri,3,2
COMS0031131042,01,Thu,1,2
COMS0031131042,01,Mon,6,2
COMS0031131990,01,Mon,4,2
COMS0031131990,01,Fri,8,2
COMS0031131019,01,Fri,12,2
COMS0031131019,01,Thu,6,2
COMS0031131019,01,Mon,3,1
COMS0031131036,01,Thu,6,3
COMS0031131037,01,Mon,3,3
COMS0031131037,01,Sat,11,2
COMS0031131051,01,Fri,1,2
COMS0031131051,01,Mon,4,2
COMS0031131051,01,Tue,13,1
COMS0031131052,01,Mon,3,2
COMS0031131052,01,Wed,9,2
COMS0031131053,01,Wed,9,2
COMS0031131053,01,Mon,13,1
SPRT0031182001,01,Mon,1,2
SPRT0031182001,01,Fri,2,1
BIOL0031152001,01,Fri,12,2
ARTS0031132001,01,Wed,4,1
SPED0031142001,01,Wed,3,2
POLI0031142001,01,Wed,11,3
MATH0031182001,01,Thu,6,2
CLAS0031172001,01,Thu,9,2
CLAS0031172001,01,Tue,13,1
SOCI0031132001,01,Mon,1,2
SOCI0031132001,01,Wed,2,1
DATA0031122001,01,Mon,3,2
MARX0031132001,01,Mon,12,2
MARX0031132001,01,Wed,12,1
ECON0031132001,01,Fri,8,2
COMS0031152001,01,Wed,9,2
COMS0031152001,01,Tue,6,1
DESN0031152001,01,Fri,6,2
DESN0031152001,01,Tue,11,2
PSYC0031172001,01,Thu,8,2
ARTS0031132002,01,Tue,6,2
ARTS0031132002,01,Fri,3,1
PREE0031142001,01,Fri,8,3
HIST0031162001,01,Thu,3,2
HIST0031162001,01,Tue,3,2
BIOL0031162002,01,Fri,8,2
BIOL0031162002,01,Wed,4,2
BIOL0031162002,01,Tue,2,1
TEAC0031182001,01,Wed,8,3
PREE0031152002,01,Thu,6,2
AINT0031172001,01,Mon,1,1
HIST0031122002,01,Mon,4,2
PREE0031112003,01,Thu,12,2
PREE0031112003,01,Mon,1,2
PREE0031112003,01,Fri,10,1
COMM0031122001,01,Thu,9,2
COMM0031122001,01,Wed,13,1
PHYS0031132001,01,Mon,9,2
PHYS0031132001,01,Sat,12,1
DESN0031162002,01,Wed,6,3
PREE0031172004,01,Mon,6,2
PREE0031172004,01,Fri,9,2
DESN0031182003,01,Fri,12,2
LIBR0031122001,01,Fri,4,2
PRIM0031112001,01,Mon,6,2
PRIM0031112001,01,Tue,4,1
MARX0031162002,01,Fri,3,2
MARX0031162002,01,Wed,8,2
POLI0031132002,01,Mon,4,1
URBN0031142001,01,Wed,3,2
MUSI0031182001,01,Sat,11,2
EDUC0031142001,01,Thu,6,2
COMM0031112002,01,Fri,8,2
DESN0031152004,01,Tue,1,2
DESN0031182005,01,Tue,11,2
DESN0031182005,01,Mon,1,1
COMS0031152002,01,Thu,6,2
COMS0031162003,01,Wed,4,2
COMS0031162003,01,Thu,8,1
ENVI0031122001,01,Mon,8,2
ENVI0031122001,01,Thu,12,2
SOCI0031112002,01,Fri,11,3
GEOG0031142001,01,Thu,1,2
COMM0031142003,01,Wed,4,2
COMM0031142003,01,Thu,10,1
MARX0031152003,01,Mon,3,2
MARX0031152003,01,Tue,8,2
PSYC0031172002,01,Tue,3,2
PSYC0031172002,01,Thu,1,1
GEOG0031162002,01,Wed,8,2
GEOG0031162002,01,Fri,12,1
BIOL0031122003,01,Wed,11,2
BIOL0031122003,01,Mon,3,2
BIOL0031122003,01,Sat,2,1
DATA0031122002,01,Thu,11,3
DATA0031122002,01,Wed,6,2
MUSI0031172002,01,Tue,3,1
COMM0031142004,01,Tue,10,1
COMM0031182005,01,Fri,3,2
AINT0031162002,01,Mon,1,3
PSYC0031142003,01,Sun,6,2
DESN0031142006,01,Thu,12,2
DESN0031142006,01,Mon,6,1
LAWS0031182001,01,Wed,1,2
LAWS0031182001,01,Thu,1,1
POLI0031152003,01,Fri,12,2
POLI0031152003,01,Mon,3,1
SPRT0031142002,01,Mon,6,2
DESN0031182007,01,Mon,1,3
DESN0031182007,01,Thu,12,2
ENVI0031182002,01,Mon,11,2
URBN0031182002,01,Wed,9,2
PRIM0031182002,01,Fri,7,1
HIST0031122003,01,Tue,12,2
HIST0031122003,01,Mon,7,1
LANG0031122001,01,Tue,3,3
LANG0031122001,01,Fri,4,2
CHEM0031132001,01,Tue,11,3
BIOL0031112004,01,Mon,11,3
BIOL0031112004,01,Wed,8,2
SPRT0031122003,01,Wed,4,2
HIST0031112004,01,Mon,4,2
STAT0031112001,01,Thu,11,3
ENVI0031142003,01,Tue,6,2
ENVI0031142003,01,Sun,11,1
COMM0031162006,01,Sat,8,2
PSYC0031182004,01,Tue,11,2
PSYC0031182004,01,Mon,9,2
PSYC0031182004,01,Fri,4,1
PSYC0031132005,01,Mon,1,2
PSYC0031132005,01,Tue,9,2
ENVI0031182004,01,Tue,11,2
SOFT0031152001,01,Fri,6,2
CHIN0031152001,01,Tue,3,2
CHIN0031152001,01,Thu,4,2
DATA0031172003,01,Mon,12,2
MARX0031152004,01,Mon,12,1
HIST0031142005,01,Mon,11,1
SOCI0031172003,01,Wed,11,2
SOCI0031172003,01,Fri,7,1
POLI0031132004,01,Mon,13,1
DESN0031112008,01,Fri,11,2
DESN0031112008,01,Mon,2,1
ELEC0031122001,01,Sun,1,3
POLI0031132005,01,Mon,6,2
POLI0031132005,01,Tue,9,2
POLI0031132005,01,Wed,3,1
PRIM0031112003,01,Thu,11,2
DESN0031172009,01,Tue,1,2
ELEC0031152002,01,Tue,3,2
ARTS0031162003,01,Fri,9,2
URBN0031152003,01,Thu,12,2
URBN0031152003,01,Mon,3,2
PUBA0031122001,01,Mon,6,3
PUBA0031122001,01,Wed,11,2
MUSI0031172003,01,Tue,9,2
COMS0031112004,01,Mon,9,2
CHIN0031152002,01,Tue,4,2
ECON0031132002,01,Tue,3,2
SPRT0031142004,01,Mon,12,2
MATH0031162002,01,Mon,1,2
SPED0031122002,01,Wed,12,2
HIST0031142006,01,Wed,12,2
HIST0031142006,01,Thu,6,1
POLI0031182006,01,Thu,2,1
POLI0031152007,01,Mon,6,3
DESN0031122010,01,Wed,1,3
HIST0031172007,01,Fri,11,3
CHIN0031182003,01,Mon,3,1
CLAS0031142002,01,Fri,9,2
MATH0031172003,01,Mon,1,2
MATH0031172003,01,Thu,8,2
SOCI0031142004,01,Wed,11,2
SOCI0031142004,01,Mon,6,1
DESN0031182011,01,Fri,7,1
MUSI0031112004,01,Wed,8,3
CHIN0031182004,01,Mon,3,3
HIST0031142008,01,Thu,8,2
HIST0031112009,01,Sat,11,3
ECON0031142003,01,Mon,12,2
CHIN0031122005,01,Fri,6,2
PHYS0031182002,01,Fri,3,2
EDUC0031112002,01,Thu,7,4
EDUC0031112002,01,Tue,8,2
BIOL0031182005,01,Mon,3,2
PHIL0031172001,01,Fri,4,2
PHIL0031172001,01,Wed,12,1
CHEM0031132002,01,Tue,3,2
CHEM0031132002,01,Wed,3,2
PHYS0031122003,01,Mon,1,2
PHYS0031122003,01,Tue,12,2
TEAC0031142002,01,Thu,11,2
TEAC0031142002,01,Tue,3,2
URBN0031182004,01,Wed,3,1
TEAC0031122003,01,Wed,3,4
TEAC0031122003,01,Thu,1,2
SOFT0031182002,01,Wed,8,2
SOFT0031182002,01,Thu,11,1
ELEC0031122003,01,Sat,8,3
MUSI0031132005,01,Thu,11,2
MUSI0031132005,01,Wed,6,2
CLAS0031172003,01,Sun,8,1
PHYS0031112004,01,Thu,1,2
PHYS0031112004,01,Tue,4,2
CHIN0031112006,01,Mon,11,2
CHIN0031112006,01,Fri,13,1
DESN0031182012,01,Mon,4,2
PSYC0031142006,01,Thu,8,2
PSYC0031142006,01,Fri,3,1
LAWS0031172002,01,Thu,11,2
ENVI0031132005,01,Thu,11,2
ENVI0031132005,01,Fri,8,2
ENVI0031132006,01,Mon,6,2
ENVI0031132006,01,Fri,2,1
CHEM0031122003,01,Thu,12,2
CHEM0031122003,01,Tue,8,2
MARX0031112005,01,Fri,4,2
MARX0031112005,01,Thu,4,2
CHIN0031172007,01,Tue,12,2
CHIN0031172007,01,Thu,9,1
DESN0031172013,01,Thu,3,2
SPED0031122003,01,Tue,11,2
SPED0031122003,01,Wed,10,1
ECON0031122004,01,Sat,3,2
ENVI0031142007,01,Wed,3,3
MATH0031142004,01,Thu,9,2
PHYS0031172005,01,Tue,6,2
ARTS0031152004,01,Thu,8,1
PHIL0031162002,01,Fri,9,2
CLAS0031142004,01,Thu,6,2
LAWS0031112003,01,Wed,6,2
TEAC0031122004,01,Thu,4,2
TEAC0031122004,01,Fri,8,2
HIST0031162010,01,Sat,1,2
HIST0031162010,01,Mon,9,2
MUSI0031172006,01,Wed,6,3
MUSI0031172006,01,Thu,12,2
MARX0031122006,01,Mon,11,2
MARX0031122006,01,Tue,3,2
MARX0031162007,01,Tue,1,3
LANG0031162002,01,Wed,1,3
TEAC0031132005,01,Wed,6,2
TEAC0031132005,01,Tue,6,1
CHEM0031112004,01,Mon,11,2
CHEM0031112004,01,Sun,10,1
URBN0031162005,01,Fri,11,2
BIOL0031112006,01,Wed,11,1
CHEM0031172005,01,Mon,8,2
CHEM0031172005,01,Thu,5,1
PUBA0031172002,01,Tue,6,2
MATH0031132005,01,Sat,3,3
PSYC0031132007,01,Mon,1,2
PSYC0031132007,01,Tue,6,1
STAT0031162002,01,Tue,5,1
STAT0031132003,01,Mon,10,1
STAT0031182004,01,Mon,11,2
STAT0031182004,01,Fri,2,1
DESN0031162014,01,Fri,12,2
DESN0031162014,01,Tue,9,1
PSYC0031152008,01,Fri,12,2
PHIL0031142003,01,Fri,11,3
PHIL0031142003,01,Tue,9,2
CLAS0031182005,01,Tue,6,2
LIBR0031132002,01,Mon,6,2
LIBR0031132002,01,Wed,4,2
PHIL0031112004,01,Thu,4,2
PHIL0031112004,01,Sat,1,2
PHIL0031162005,01,Thu,12,2
PHIL0031162005,01,Tue,3,2
COMS0031182005,01,Thu,12,2
PSYC0031122009,01,Wed,6,2
PSYC0031122009,01,Mon,12,1
PREE0031122005,01,Sun,1,1
SPED0031132004,01,Thu,8,2
SPED0031132004,01,Mon,5,1
SOFT0031132003,01,Mon,8,2
SOFT0031132003,01,Thu,7,1
COMS0031142006,01,Wed,8,2
COMS0031142006,01,Tue,10,1
LIBR0031172003,01,Wed,1,2
COMM0031142007,01,Wed,8,2
GEOG0031112003,01,Tue,6,3
GEOG0031112003,01,Fri,3,2
PREE0031132006,01,Fri,1,2
URBN0031142006,01,Tue,9,2
URBN0031142006,01,Mon,10,1
MUSI0031162007,01,Wed,3,2
BIOL0031142007,01,Thu,8,2
BIOL0031142007,01,Sat,1,2
ENVI0031122008,01,Mon,9,2
ENVI0031122008,01,Wed,9,2
DATA0031142004,01,Tue,3,2
POLI0031142008,01,Fri,3,2
POLI0031142008,01,Mon,1,2
DESN0031172015,01,Wed,8,3
EDUC0031182003,01,Wed,6,3
PREE0031182007,01,Sat,8,1
SOCI0031122005,01,Wed,9,2
PRIM0031132004,01,Sat,3,3
STAT0031162005,01,Thu,3,2
AINT0031132003,01,Fri,1,2
AINT0031132003,01,Thu,7,1
MARX0031122008,01,Tue,8,3
MARX0031122008,01,Mon,9,2
MUSI0031152008,01,Mon,11,3
SPED0031162005,01,Sun,6,2
SPED0031162005,01,Tue,3,1
ARTS0031122005,01,Wed,8,2
ARTS0031122005,01,Fri,4,2
ARTS0031122005,01,Thu,8,1
ENVI0031182009,01,Mon,3,2
SOCI0031142006,01,Fri,9,2
MUSI0031172009,01,Wed,6,3
ARTS0031172006,01,Tue,3,2
ARTS0031172006,01,Wed,3,2
LIBR0031172004,01,Sun,13,1
STAT0031182006,01,Thu,11,2
STAT0031182006,01,Fri,13,1
PREE0031142008,01,Fri,6,2
COMM0031162008,01,Wed,1,1
MATH0031132006,01,Wed,6,2
MATH0031132006,01,Fri,8,2
MATH0031132006,01,Sat,4,1
PHIL0031162006,01,Thu,3,3
TEAC0031182006,01,Wed,7,1
TEAC0031122007,01,Mon,12,2
TEAC0031122007,01,Tue,1,1
DATA0031152005,01,Mon,1,2
PSYC0031152010,01,Thu,1,2
PSYC0031152010,01,Fri,6,1
ARTS0031122007,01,Wed,3,3
POLI0031182009,01,Tue,9,1
AINT0031152004,01,Mon,8,2
AINT0031152004,01,Fri,8,2
AINT0031152004,01,Tue,7,1
SPRT0031152005,01,Wed,8,2
SOFT0031112004,01,Thu,1,2
SOFT0031112004,01,Wed,9,1
LANG0031142003,01,Fri,8,2
PHIL0031152007,01,Wed,11,2
AINT0031142005,01,Thu,9,2
SOCI0031182007,01,Fri,3,2
ENVI0031112010,01,Wed,8,2
ENVI0031112010,01,Tue,9,2
ENVI0031112010,01,Thu,1,2
HIST0031112011,01,Mon,3,3
PREE0031152009,01,Mon,12,2
MUSI0031172010,01,Tue,4,2
MUSI0031172010,01,Thu,11,1
CLAS0031132006,01,Tue,3,2
CLAS0031132006,01,Sat,6,2
MUSI0031142011,01,Wed,3,2
URBN0031132007,01,Sat,3,3
COMS0031152007,01,Fri,6,2
STAT0031142007,01,Mon,1,2
STAT0031142007,01,Wed,5,1
LAWS0031172004,01,Mon,8,3
TEAC0031122008,01,Tue,4,1
DESN0031112016,01,Fri,4,2
SPED0031182006,01,Sat,1,3
LANG0031112004,01,Tue,3,2
LANG0031112004,01,Fri,5,1
COMS0031142008,01,Tue,6,2
URBN0031142008,01,Thu,3,3
URBN0031142008,01,Fri,3,2
COMM0031132009,01,Mon,3,1
EDUC0031162004,01,Fri,12,2
SPRT0031112006,01,Fri,12,2
SPRT0031112006,01,Wed,9,2
SPRT0031162007,01,Wed,4,2
SPRT0031162007,01,Thu,5,1
DATA0031182006,01,Mon,6,3
URBN0031142009,01,Wed,1,2
CHIN0031162008,01,Tue,7,1
MARX0031172009,01,Thu,12,2
SOCI0031152008,01,Wed,12,2
COMM0031132010,01,Fri,8,2
COMM0031132010,01,Thu,4,1
SOFT0031152005,01,Wed,4,2
SOFT0031152005,01,Thu,6,1
DATA0031122007,01,Thu,3,1
DATA0031152008,01,Thu,1,2
AINT0031122006,01,Wed,11,2
SPED0031112007,01,Fri,3,2
PREE0031152010,01,Wed,1,2
LAWS0031122005,01,Wed,8,3
SPRT0031132008,01,Fri,9,2
SPRT0031132008,01,Wed,6,1
ARTS0031162008,01,Mon,6,3
PUBA0031112003,01,Mon,8,3
CHEM0031132006,01,Thu,4,2
ECON0031182005,01,Wed,11,2
CLAS0031142007,01,Fri,8,2
EDUC0031112005,01,Wed,6,2
ENVI0031142011,01,Wed,3,2
PRIM0031112005,01,Fri,8,2
SPED0031112008,01,Sat,11,3
SPED0031112008,01,Mon,11,2
URBN0031142010,01,Mon,12,2
URBN0031142010,01,Sat,9,1
URBN0031182011,01,Wed,12,2
COMS0031172009,01,Thu,6,2
STAT0031132008,01,Tue,9,2
STAT0031132008,01,Mon,7,1
SPRT0031132009,01,Thu,11,1
MARX0031122010,01,Fri,1,2
MARX0031122010,01,Tue,10,1
ELEC0031162004,01,Thu,8,1
MARX0031132011,01,Mon,12,2
ECON0031162006,01,Mon,11,3
AINT0031152007,01,Thu,6,2
LIBR0031162005,01,Fri,5,1
COMM0031182011,01,Sun,9,2
MUSI0031122012,01,Wed,8,3
MUSI0031122012,01,Thu,3,2
MARX0031142012,01,Tue,12,2
BIOL0031152008,01,Tue,9,2
BIOL0031152008,01,Thu,11,2
MARX0031152013,01,Thu,12,2
LANG0031182005,01,Thu,7,1
CHEM0031162007,01,Tue,9,2
SOFT0031122006,01,Mon,6,2
LAWS0031172006,01,Tue,7,1
URBN0031112012,01,Wed,3,4
URBN0031112012,01,Tue,6,2
GEOG0031152004,01,Thu,8,2
GEOG0031152004,01,Wed,5,1
ARTS0031112009,01,Wed,12,2
CLAS0031152008,01,Sat,6,2
CLAS0031152008,01,Fri,4,2
ELEC0031112005,01,Fri,8,3
POLI0031122010,01,Tue,1,2
POLI0031122010,01,Wed,8,2
SOCI0031172009,01,Fri,9,2
SOCI0031172009,01,Mon,13,1
CHEM0031132008,01,Mon,8,3
CHEM0031182009,01,Wed,6,1
MUSI0031122013,01,Sat,3,2
POLI0031162011,01,Wed,11,2
POLI0031122012,01,Mon,11,3
POLI0031122012,01,Fri,4,2
MARX0031142014,01,Tue,3,3
CHIN0031132009,01,Mon,11,3
COMS0031172010,01,Thu,8,2
SOCI0031152010,01,Mon,3,2
CLAS0031152009,01,Thu,1,3
CLAS0031152009,01,Tue,4,2
LAWS0031112007,01,Wed,3,2
LAWS0031112007,01,Tue,6,2
LAWS0031112007,01,Sun,2,1
POLI0031182013,01,Fri,4,2
MATH0031152007,01,Tue,12,2
PSYC0031172011,01,Tue,1,3
BIOL0031122009,01,Mon,8,2
BIOL0031122009,01,Fri,10,1
AINT0031142008,01,Tue,4,2
ELEC0031182006,01,Thu,6,2
ELEC0031182006,01,Fri,3,1
ENVI0031142012,01,Thu,3,3
CHEM0031152010,01,Thu,3,3
PHIL0031172008,01,Fri,1,2
SOFT0031132007,01,Thu,11,2
SOFT0031132007,01,Wed,1,1
PHIL0031162009,01,Sat,6,2
SOFT0031172008,01,Wed,3,2
PHIL0031112010,01,Thu,6,2
DATA0031122009,01,Tue,8,2
DATA0031122009,01,Wed,11,2
DATA0031122009,01,Sun,13,1
MATH0031122008,01,Thu,1,2
ARTS0031152010,01,Mon,3,2
PHIL0031172011,01,Sat,1,2
STAT0031172009,01,Mon,11,2
STAT0031172009,01,Fri,6,1
ARTS0031152011,01,Tue,8,2
ARTS0031152011,01,Wed,9,2
SPRT0031172010,01,Wed,3,2
SPRT0031172010,01,Thu,8,1
ARTS0031162012,01,Fri,8,2
PHYS0031142006,01,Tue,9,2
PHYS0031142006,01,Wed,6,1
HIST0031152012,01,Wed,6,2
CLAS0031142010,01,Mon,4,2
CLAS0031142010,01,Wed,5,1
STAT0031112010,01,Fri,4,2
STAT0031112010,01,Sat,4,2
COMS0031182011,01,Fri,4,1
ARTS0031112013,01,Tue,8,2
SOCI0031132011,01,Tue,11,2
DATA0031182010,01,Wed,3,3
AINT0031112009,01,Tue,9,2
AINT0031112009,01,Fri,6,1
PSYC0031172012,01,Wed,5,1
COMM0031162012,01,Thu,8,2
GEOG0031152005,01,Fri,11,3
GEOG0031162006,01,Fri,8,2
PSYC0031122013,01,Wed,8,2
PSYC0031122013,01,Fri,8,2
PSYC0031122013,01,Thu,13,1
GEOG0031142007,01,Mon,6,2
GEOG0031142007,01,Thu,1,1
CHEM0031142011,01,Tue,3,3
CHEM0031142011,01,Thu,11,2
PHIL0031152012,01,Fri,6,2
PHIL0031152012,01,Tue,13,1
PUBA0031122004,01,Fri,11,3
LIBR0031142006,01,Wed,8,2
CHEM0031152012,01,Thu,11,1
MARX0031152015,01,Thu,8,2
MARX0031152015,01,Sun,13,1
PUBA0031152005,01,Thu,6,2
PSYC0031132014,01,Thu,6,2
PSYC0031132014,01,Wed,12,1
DATA0031142011,01,Wed,4,2
DATA0031142011,01,Fri,6,2
STAT0031172011,01,Mon,1,2
STAT0031172011,01,Tue,6,1
EDUC0031112006,01,Mon,3,3
EDUC0031112006,01,Thu,3,2
GEOG0031122008,01,Thu,10,4
GEOG0031122008,01,Tue,1,2
SPED0031122009,01,Thu,8,2
SPED0031122009,01,Fri,3,1
COMM0031122013,01,Wed,13,1
PRIM0031152006,01,Wed,6,2
PRIM0031152006,01,Mon,3,2
MARX0031132016,01,Tue,12,2
SPED0031152010,01,Wed,8,3
SOCI0031162012,01,Thu,11,2
SOCI0031162012,01,Wed,13,1
BIOL0031172010,01,Fri,3,2
BIOL0031172010,01,Thu,5,1
MARX0031162017,01,Fri,4,2
URBN0031142013,01,Thu,8,2
URBN0031142013,01,Fri,6,2
MUSI0031122014,01,Wed,12,2
URBN0031182014,01,Mon,6,2
CLAS0031172011,01,Mon,10,1
DATA0031132012,01,Fri,1,2
DATA0031142013,01,Mon,3,2
DATA0031142013,01,Tue,3,1
PRIM0031152007,01,Mon,4,2
SPRT0031122011,01,Mon,6,2
PHIL0031112013,01,Thu,12,2
HIST0031152013,01,Thu,12,2
PRIM0031172008,01,Fri,8,2
PRIM0031172008,01,Wed,2,1
TEAC0031162009,01,Thu,6,1
ENVI0031112013,01,Fri,9,2
LAWS0031122008,01,Fri,3,2
LAWS0031122008,01,Wed,11,2
LAWS0031122008,01,Thu,1,1
CHEM0031132013,01,Fri,9,2
MATH0031182009,01,Thu,9,2
PHIL0031182014,01,Wed,12,2
PHIL0031182014,01,Thu,11,2
MUSI0031112015,01,Thu,8,2
MUSI0031112015,01,Tue,4,2
PREE0031152011,01,Tue,8,2
PREE0031152011,01,Wed,3,1
CLAS0031152012,01,Thu,4,2
SOCI0031162013,01,Wed,8,2
LANG0031152006,01,Mon,9,2
LANG0031152006,01,Fri,6,1
ELEC0031152007,01,Mon,9,2
URBN0031172015,01,Wed,1,2
URBN0031172015,01,Mon,9,1
DESN0031152017,01,Mon,9,2
URBN0031152016,01,Mon,6,2
URBN0031152016,01,Sun,3,2
PUBA0031132006,01,Wed,8,2
PUBA0031132006,01,Sat,9,2
PUBA0031132006,01,Thu,13,1
LIBR0031172007,01,Mon,3,2
LIBR0031172007,01,Tue,7,1
POLI0031182014,01,Fri,1,2
CHIN0031132010,01,Wed,8,2
CHIN0031132010,01,Thu,6,2
GEOG0031172009,01,Tue,3,2
GEOG0031172009,01,Mon,6,2
PREE0031172012,01,Mon,3,1
LAWS0031132009,01,Wed,9,2
LAWS0031132009,01,Mon,4,2
SOCI0031172014,01,Fri,11,2
LAWS0031142010,01,Tue,12,2
SPRT0031152012,01,Wed,6,2
LANG0031132007,01,Mon,3,2
LAWS0031152011,01,Mon,8,2
LAWS0031152011,01,Tue,3,2
PUBA0031162007,01,Fri,12,2
PUBA0031172008,01,Tue,6,3
PUBA0031172008,01,Fri,1,2
COMS0031132012,01,Mon,8,2
COMS0031172013,01,Thu,3,2
LANG0031142008,01,Tue,6,2
GEOG0031152010,01,Wed,12,1
BIOL0031182011,01,Wed,6,2
BIOL0031182011,01,Mon,1,1
PREE0031112013,01,Wed,8,1
DATA0031162014,01,Mon,4,2
DATA0031162014,01,Tue,11,1
PREE0031152014,01,Wed,1,2
PREE0031152014,01,Thu,12,1
HIST0031172014,01,Tue,4,2
HIST0031172014,01,Wed,9,1
EDUC0031112007,01,Thu,8,1
PREE0031162015,01,Tue,11,2
PREE0031162015,01,Mon,4,2
PREE0031162015,01,Fri,3,1
PHYS0031112007,01,Wed,6,3
PHYS0031112007,01,Fri,12,2
LIBR0031152008,01,Wed,4,2
LIBR0031152008,01,Thu,12,2
ENVI0031112014,01,Thu,12,2
BIOL0031122012,01,Wed,1,2
BIOL0031122012,01,Fri,4,2
BIOL0031172013,01,Mon,7,1
STAT0031182012,01,Wed,3,1
PHYS0031122008,01,Mon,11,3
ECON0031122007,01,Mon,3,2
ECON0031122007,01,Thu,6,2
ECON0031122007,01,Wed,1,1
ELEC0031162008,01,Fri,4,2
SOFT0031142009,01,Thu,4,2
PUBA0031112009,01,Wed,3,2
EDUC0031152008,01,Tue,4,1
PUBA0031132010,01,Fri,11,1
GEOG0031172011,01,Thu,6,1
LAWS0031122012,01,Thu,3,2
LAWS0031122012,01,Mon,9,2
SOFT0031162010,01,Mon,3,3
COMM0031172014,01,Tue,1,2
COMM0031182015,01,Thu,12,2
SPED0031142011,01,Sun,12,2
SPED0031142011,01,Fri,9,2
BIOL0031162014,01,Wed,1,2
BIOL0031162014,01,Mon,4,2
COMS0031162014,01,Mon,4,2
COMS0031162014,01,Sat,13,1
LANG0031142009,01,Tue,9,1
BIOL0031152015,01,Fri,4,2
AINT0031132010,01,Thu,6,2
AINT0031132010,01,Sat,3,2
POLI0031112015,01,Fri,6,2
POLI0031112015,01,Mon,1,2
POLI0031112015,01,Tue,9,1
COMS0031112015,01,Tue,4,2
COMS0031112015,01,Wed,11,1
COMS0031152016,01,Thu,1,2
GEOG0031112012,01,Sun,3,3
GEOG0031112012,01,Tue,6,2
SOCI0031172015,01,Wed,9,2
POLI0031122016,01,Thu,6,2
MATH0031172010,01,Tue,4,2
MATH0031172010,01,Thu,11,1
TEAC0031112010,01,Fri,6,2
ELEC0031112009,01,Tue,9,2
ELEC0031112009,01,Wed,9,1
LIBR0031112009,01,Fri,6,3
LIBR0031112009,01,Thu,1,2
SOFT0031122011,01,Tue,3,2
CHEM0031112014,01,Fri,1,2
CHEM0031182015,01,Sat,9,2
CHEM0031182015,01,Mon,12,1
COMS0031122017,01,Wed,1,2
MATH0031142011,01,Wed,9,2
MATH0031142011,01,Thu,8,1
STAT0031142013,01,Sat,6,2
STAT0031142013,01,Wed,7,1
PREE0031122016,01,Thu,6,3
PREE0031122016,01,Sun,6,2
URBN0031132017,01,Thu,8,2
ARTS0031142014,01,Wed,1,1
TEAC0031142011,01,Tue,6,2
TEAC0031142011,01,Mon,11,1
PRIM0031132009,01,Tue,4,2
ARTS0031162015,01,Wed,11,2
ARTS0031162015,01,Mon,3,1
PHIL0031182015,01,Wed,3,3
PHIL0031182015,01,Mon,6,2
PRIM0031142010,01,Thu,11,2
PRIM0031142010,01,Mon,1,2
PRIM0031142010,01,Fri,6,1
SOFT0031122012,01,Fri,6,2
LAWS0031172013,01,Wed,6,3
ELEC0031162010,01,Tue,3,2
SOCI0031142016,01,Fri,1,2
LIBR0031172010,01,Thu,6,1
SPED0031112012,01,Tue,8,3
SOFT0031112013,01,Mon,1,3
CHEM0031132016,01,Sun,11,2
TEAC0031172012,01,Fri,8,2
HIST0031132015,01,Mon,11,2
HIST0031132015,01,Thu,9,1
POLI0031142017,01,Fri,11,2
POLI0031142017,01,Wed,6,2
COMS0031112018,01,Mon,6,2
DESN0031182018,01,Fri,3,2
DESN0031182018,01,Thu,10,1
SOFT0031182014,01,Mon,8,2
SOFT0031182014,01,Thu,6,2
PREE0031112017,01,Thu,11,2
SOCI0031172017,01,Fri,4,1
SPRT0031162013,01,Fri,4,2
HIST0031132016,01,Wed,4,2
PRIM0031152011,01,Thu,6,2
PRIM0031152011,01,Fri,9,2
HIST0031122017,01,Mon,8,2
HIST0031122017,01,Tue,4,1
COMS0031142019,01,Wed,8,2
EDUC0031162009,01,Fri,11,2
EDUC0031162009,01,Tue,4,1
DESN0031162019,01,Wed,6,2
BIOL0031172016,01,Thu,9,2
MUSI0031132016,01,Thu,9,2
HIST0031162018,01,Wed,8,2
HIST0031162018,01,Thu,11,1
PHIL0031172016,01,Tue,8,2
TEAC0031122013,01,Tue,3,2
POLI0031142018,01,Sat,4,2
POLI0031152019,01,Tue,4,2
POLI0031152019,01,Thu,2,1
TEAC0031142014,01,Mon,4,2
TEAC0031142014,01,Tue,8,1
HIST0031122019,01,Thu,6,2
HIST0031122019,01,Sat,9,1
PHYS0031122009,01,Fri,1,2
PHYS0031122009,01,Mon,6,1
MATH0031112012,01,Mon,1,2
PHIL0031132017,01,Tue,11,2
PHIL0031132017,01,Wed,6,2
PSYC0031132015,01,Fri,12,1
EDUC0031182010,01,Tue,9,2
PSYC0031152016,01,Wed,9,1
CHIN0031122011,01,Tue,8,2
CHIN0031122011,01,Wed,12,2
CHIN0031122011,01,Thu,2,1
EDUC0031162011,01,Sun,3,2
CHIN0031142012,01,Sat,9,2
TEAC0031152015,01,Tue,3,2
SOFT0031122015,01,Thu,12,2
STAT0031172014,01,Tue,2,1
ARTS0031122016,01,Tue,12,2
ARTS0031122016,01,Thu,9,2
ENVI0031142015,01,Wed,11,3
PHYS0031172010,01,Tue,9,2
AINT0031142011,01,Sat,11,3
SPRT0031132014,01,Mon,4,2
DESN0031142020,01,Wed,12,2
LIBR0031162011,01,Fri,9,2
LAWS0031172014,01,Mon,9,2
MATH0031162013,01,Thu,13,1
STAT0031132015,01,Thu,9,2
STAT0031132015,01,Mon,12,2
STAT0031132015,01,Fri,4,1
CLAS0031182013,01,Thu,3,1
PRIM0031172012,01,Wed,11,2
PRIM0031172012,01,Sat,2,1
ECON0031122008,01,Thu,8,2
ECON0031122008,01,Tue,11,1
PSYC0031182017,01,Wed,6,2
PSYC0031182017,01,Mon,9,2
COMM0031112016,01,Fri,6,3
PRIM0031112013,01,Tue,9,2
PRIM0031112013,01,Mon,1,1
CHEM0031162017,01,Tue,9,1
POLI0031152020,01,Wed,3,3
COMM0031142017,01,Fri,9,2
COMM0031142017,01,Mon,4,2
PREE0031172018,01,Tue,3,3
COMS0031112020,01,Thu,9,2
LANG0031112010,01,Mon,1,2
LANG0031112010,01,Thu,11,2
BIOL0031172017,01,Mon,1,3
ENVI0031152016,01,Mon,1,2
ENVI0031152016,01,Wed,9,1
LIBR0031172012,01,Wed,4,2
LIBR0031172012,01,Fri,9,2
ARTS0031182017,01,Mon,1,2
STAT0031132016,01,Thu,3,3
PRIM0031172014,01,Fri,13,1
ELEC0031182011,01,Tue,1,2
ELEC0031182011,01,Wed,11,2
LANG0031152011,01,Tue,10,1
MUSI0031162017,01,Sat,6,1
DATA0031142015,01,Wed,6,2
SPED0031172013,01,Wed,11,2
DESN0031162021,01,Mon,3,1
CHIN0031162013,01,Tue,9,2
CHIN0031162013,01,Wed,8,1
CHIN0031132014,01,Thu,12,2
CHIN0031132014,01,Sat,6,2
CHIN0031132014,01,Sun,13,1
SOCI0031112018,01,Tue,12,2
SOCI0031112018,01,Sat,6,2
SOCI0031112018,01,Mon,6,1
PREE0031112019,01,Tue,9,2
PREE0031112019,01,Thu,12,2
PRIM0031122015,01,Mon,6,2
PRIM0031122015,01,Fri,8,1
SOFT0031142016,01,Tue,9,2
SOFT0031142016,01,Fri,13,1
COMS0031162021,01,Wed,1,2
SOCI0031182019,01,Thu,11,2
SOCI0031182019,01,Wed,12,2
CHIN0031122015,01,Mon,9,2
CHIN0031122015,01,Wed,13,1
CHIN0031132016,01,Mon,12,2
ARTS0031182018,01,Wed,1,1
PREE0031172020,01,Thu,9,2
PHYS0031182011,01,Wed,3,2
MATH0031112014,01,Mon,4,2
HIST0031142020,01,Mon,11,1
MARX0031172018,01,Mon,6,2
MARX0031172018,01,Thu,6,1
CLAS0031172014,01,Fri,12,2
CLAS0031172014,01,Mon,8,1
ELEC0031182012,01,Mon,9,2
ENVI0031132017,01,Mon,1,3
ENVI0031132017,01,Fri,3,2
PHYS0031152012,01,Wed,1,2
PHYS0031152012,01,Thu,9,2
LAWS0031152015,01,Tue,3,2
LAWS0031152015,01,Thu,12,1
PUBA0031162011,01,Fri,6,2
SPED0031132014,01,Tue,11,2
SOCI0031132020,01,Fri,3,3
STAT0031112017,01,Mon,1,2
STAT0031112017,01,Wed,6,1
TEAC0031122016,01,Sat,6,2
TEAC0031122016,01,Thu,12,1
SPED0031182015,01,Wed,1,3
MARX0031172019,01,Wed,6,3
MARX0031172019,01,Fri,12,2
PUBA0031112012,01,Mon,3,3
PUBA0031112012,01,Fri,8,2
MARX0031182020,01,Wed,9,1
PREE0031132021,01,Tue,3,1
PSYC0031162018,01,Sat,6,2
PSYC0031162018,01,Tue,4,1
GEOG0031182013,01,Mon,1,3
LAWS0031172016,01,Thu,3,2
LAWS0031172016,01,Wed,6,2
PHYS0031182013,01,Mon,8,2
PHYS0031182013,01,Wed,8,1
SPED0031122016,01,Thu,6,2
SPED0031122016,01,Mon,6,2
GEOG0031132014,01,Fri,11,2
GEOG0031132014,01,Thu,3,1
ARTS0031142019,01,Mon,8,2
MUSI0031152018,01,Thu,4,2
MUSI0031152018,01,Tue,13,1
DESN0031142022,01,Thu,1,3
BIOL0031152018,01,Wed,3,2
PRIM0031172016,01,Mon,9,2
CLAS0031122015,01,Fri,8,1
CHIN0031142017,01,Thu,1,3
TEAC0031152017,01,Wed,6,2
SOCI0031172021,01,Fri,11,2
SOCI0031172021,01,Mon,4,2
CHIN0031142018,01,Thu,3,2
CHIN0031142018,01,Tue,11,2
SPED0031172017,01,Thu,12,2
COMS0031132022,01,Fri,6,2
EDUC0031142012,01,Sat,8,3
COMM0031112018,01,Thu,8,2
COMM0031112018,01,Mon,1,1
ECON0031162009,01,Tue,4,1
DESN0031152023,01,Thu,9,2
DESN0031152023,01,Fri,12,1
BIOL0031162019,01,Mon,12,2
COMS0031142023,01,Mon,3,2
COMS0031142023,01,Tue,3,2
COMS0031142023,01,Thu,12,1
PRIM0031132017,01,Tue,3,2
PRIM0031132017,01,Thu,11,1
MARX0031112021,01,Wed,11,3
MATH0031182015,01,Thu,9,2
MATH0031182015,01,Wed,9,1
PREE0031172022,01,Tue,3,1
GEOG0031122015,01,Fri,1,3
GEOG0031122015,01,Thu,9,2
MATH0031132016,01,Thu,1,2
PSYC0031162019,01,Thu,9,2
PSYC0031162019,01,Wed,6,2
AINT0031182012,01,Mon,1,3
MUSI0031152019,01,Fri,6,2
MUSI0031152019,01,Mon,6,2
AINT0031112013,01,Wed,6,2
ARTS0031162020,01,Mon,9,2
ARTS0031162020,01,Tue,6,1
DESN0031142024,01,Thu,5,1
CHEM0031132018,01,Thu,6,3
LANG0031132012,01,Fri,4,1
SPED0031172018,01,Sun,12,2
GEOG0031132016,01,Fri,12,2
ARTS0031122021,01,Wed,8,3
ARTS0031122021,01,Tue,9,2
HIST0031142021,01,Sat,3,3
SOFT0031132017,01,Fri,12,2
SOFT0031132017,01,Mon,12,1
PUBA0031162013,01,Fri,9,2
GEOG0031112017,01,Wed,11,2
GEOG0031112017,01,Mon,12,2
MUSI0031122020,01,Tue,8,3
BIOL0031162020,01,Thu,12,2
URBN0031142018,01,Wed,12,2
CHIN0031122019,01,Sun,6,2
BIOL0031112021,01,Wed,8,2
BIOL0031112021,01,Tue,7,1
CHIN0031162020,01,Wed,12,2
ENVI0031122018,01,Wed,11,2
SOCI0031162022,01,Mon,11,2
SOCI0031162022,01,Wed,11,2
CHIN0031112021,01,Wed,12,2
ECON0031132010,01,Wed,3,3
DATA0031112016,01,Tue,9,2
LIBR0031152013,01,Thu,1,1
MATH0031162017,01,Thu,8,3
LANG0031182013,01,Mon,4,2
MUSI0031122021,01,Thu,6,2
MUSI0031122021,01,Mon,1,2
HIST0031112022,01,Thu,4,2
PHIL0031142018,01,Wed,3,2
PHIL0031142018,01,Tue,4,2
STAT0031112018,01,Wed,8,2
STAT0031112018,01,Tue,11,2
SOFT0031112018,01,Mon,12,1
CHIN0031172022,01,Fri,11,2
CHIN0031172022,01,Mon,8,1
STAT0031112019,01,Mon,1,2
STAT0031112019,01,Tue,5,1
POLI0031142021,01,Tue,8,2
POLI0031142021,01,Mon,9,1
MATH0031162018,01,Mon,4,2
ENVI0031162019,01,Mon,12,2
AINT0031162014,01,Mon,11,2
CHIN0031132023,01,Thu,4,2
PREE0031122023,01,Wed,8,2
SOFT0031182019,01,Tue,12,1
STAT0031122020,01,Tue,3,2
COMM0031152019,01,Tue,8,2
COMM0031152019,01,Thu,12,2
ENVI0031142020,01,Thu,9,1
ENVI0031112021,01,Thu,4,2
CHIN0031142024,01,Tue,12,2
PRIM0031112018,01,Sat,6,2
PRIM0031112018,01,Mon,4,2
PRIM0031112018,01,Fri,11,1
LIBR0031162014,01,Mon,1,2
PREE0031182024,01,Fri,4,2
PREE0031182024,01,Thu,11,2
EDUC0031172013,01,Thu,4,2
EDUC0031172013,01,Tue,11,2
ARTS0031142022,01,Tue,11,2
ARTS0031142022,01,Wed,12,1
LAWS0031142017,01,Wed,11,2
CHIN0031142025,01,Mon,1,3
MUSI0031182022,01,Mon,6,2
MUSI0031182022,01,Fri,10,1
MUSI0031142023,01,Wed,8,3
POLI0031132022,01,Fri,9,2
POLI0031132022,01,Thu,4,1
ENVI0031172022,01,Mon,12,2
ENVI0031172022,01,Wed,6,2
URBN0031162019,01,Fri,3,2
PUBA0031132014,01,Wed,4,2
PUBA0031132014,01,Thu,8,2
ECON0031152011,01,Wed,1,2
MUSI0031132024,01,Mon,3,3
PUBA0031122015,01,Wed,4,2
SPRT0031172015,01,Wed,6,2
SPRT0031172015,01,Mon,8,1
PHIL0031152019,01,Fri,6,2
ENVI0031142023,01,Tue,9,2
PSYC0031132020,01,Thu,12,2
TEAC0031172018,01,Mon,6,2
PHIL0031172020,01,Mon,4,2
PRIM0031182019,01,Thu,4,2
PRIM0031182019,01,Mon,13,1
URBN0031172020,01,Mon,1,2
URBN0031172020,01,Sat,8,1
LAWS0031112018,01,Fri,1,3
LAWS0031112018,01,Wed,6,2
MARX0031182022,01,Wed,8,2
PSYC0031142021,01,Thu,6,1
EDUC0031132014,01,Sun,11,2
EDUC0031132014,01,Thu,4,2
CHEM0031182019,01,Tue,3,2
CHEM0031182019,01,Sun,8,1
BIOL0031172022,01,Thu,12,2
URBN0031142021,01,Fri,4,2
URBN0031142021,01,Tue,3,2
PHIL0031162021,01,Sun,3,2
PHIL0031162021,01,Thu,4,1
STAT0031152021,01,Tue,3,2
COMS0031152024,01,Tue,3,2
COMS0031152025,01,Mon,1,2
SOCI0031162023,01,Sat,8,2
SOCI0031162023,01,Mon,8,2
PREE0031152025,01,Mon,4,2
PREE0031152025,01,Wed,9,1
EDUC0031122015,01,Mon,1,2
EDUC0031122015,01,Tue,4,2
HIST0031172023,01,Sun,6,3
ECON0031152012,01,Tue,11,3
AINT0031132015,01,Mon,6,2
AINT0031132015,01,Tue,10,1
SPED0031172019,01,Fri,11,2
SPED0031172019,01,Wed,6,1
SOCI0031172024,01,Fri,1,2
SOCI0031172024,01,Mon,7,1
ARTS0031182023,01,Tue,2,1
PRIM0031142020,01,Mon,8,2
PRIM0031142020,01,Sun,3,1
TEAC0031162019,01,Sat,8,2
ENVI0031172024,01,Wed,9,2
ENVI0031172024,01,Thu,7,1
HIST0031112024,01,Fri,8,2
HIST0031112024,01,Thu,11,2
SPED0031182020,01,Thu,9,2
COMS0031162026,01,Tue,5,1
HIST0031172025,01,Fri,1,2
HIST0031172025,01,Thu,4,1
SPRT0031182016,01,Wed,6,3
LANG0031162014,01,Mon,3,3
CLAS0031122016,01,Wed,6,3
ELEC0031122013,01,Tue,12,2
URBN0031122022,01,Wed,11,2
URBN0031122022,01,Mon,3,2
URBN0031122022,01,Thu,4,1
ECON0031112013,01,Thu,5,1
MUSI0031132025,01,Fri,8,2
MUSI0031132025,01,Wed,4,2
DESN0031182025,01,Wed,9,2
DESN0031182025,01,Mon,3,2
ENVI0031112025,01,Mon,8,2
LAWS0031142019,01,Wed,6,2
LAWS0031142019,01,Fri,1,2
HIST0031172026,01,Mon,1,2
HIST0031172026,01,Wed,6,2
MUSI0031182026,01,Fri,3,2
PREE0031152026,01,Fri,6,1
EDUC0031172016,01,Fri,3,2
CHIN0031132026,01,Sat,11,3
CLAS0031132017,01,Thu,12,2
CLAS0031132017,01,Wed,12,2
AINT0031112016,01,Thu,4,2
AINT0031112016,01,Tue,12,2
PSYC0031182022,01,Wed,3,2
PSYC0031182022,01,Sun,4,1
GEOG0031132018,01,Sat,4,2
GEOG0031132018,01,Thu,6,2
TEAC0031182020,01,Tue,6,3
ENVI0031112026,01,Sun,11,2
ENVI0031112026,01,Wed,1,2
BIOL0031182023,01,Mon,4,2
ARTS0031132024,01,Tue,12,2
BIOL0031142024,01,Tue,6,3
COMS0031182027,01,Wed,9,2
COMS0031182027,01,Thu,10,1
POLI0031182023,01,Thu,4,2
SOFT0031142020,01,Fri,8,2
PREE0031162027,01,Mon,8,2
ECON0031132014,01,Wed,9,2
ECON0031132014,01,Mon,6,2
MARX0031152023,01,Wed,6,2
PHIL0031122022,01,Wed,9,2
PHIL0031122022,01,Fri,4,1
LIBR0031152015,01,Fri,12,2
LIBR0031152015,01,Mon,6,1
SPED0031132021,01,Fri,8,2
LAWS0031182020,01,Thu,1,3
LAWS0031182020,01,Mon,4,2
EDUC0031182017,01,Mon,9,2
PHYS0031142014,01,Sat,11,2
PHYS0031142014,01,Thu,5,1
TEAC0031182021,01,Thu,8,2
TEAC0031182021,01,Wed,12,2
SOCI0031122025,01,Thu,9,2
SOCI0031122025,01,Tue,6,1
MARX0031152024,01,Tue,9,2
LAWS0031182021,01,Sun,8,3
ENVI0031182027,01,Sun,7,1
MARX0031112025,01,Thu,4,2
MARX0031112025,01,Wed,6,2
TEAC0031182022,01,Tue,4,2
SPRT0031142017,01,Fri,4,2
SPRT0031142017,01,Wed,4,1
MARX0031132026,01,Wed,3,2
URBN0031182023,01,Wed,9,2
GEOG0031142019,01,Mon,3,2
GEOG0031142019,01,Fri,6,1
SPED0031112022,01,Fri,1,4
SPED0031112022,01,Wed,11,2
PHYS0031132015,01,Tue,9,2
AINT0031182017,01,Wed,9,2
AINT0031182017,01,Tue,12,1
CLAS0031162018,01,Tue,1,2
DESN0031142026,01,Sat,4,2
DESN0031142026,01,Wed,3,2
DESN0031142026,01,Tue,1,1
CHEM0031182020,01,Tue,4,2
MATH0031112019,01,Sat,12,2
MATH0031112019,01,Tue,8,1
GEOG0031112020,01,Wed,12,2
GEOG0031112020,01,Mon,3,1
HIST0031162027,01,Mon,4,1
BIOL0031122025,01,Fri,4,2
BIOL0031122025,01,Mon,13,1
SOFT0031142021,01,Mon,12,2
PHYS0031132016,01,Tue,8,2
SOCI0031152026,01,Wed,6,3
ELEC0031122014,01,Sat,11,2
ELEC0031122014,01,Mon,8,1
SPRT0031122018,01,Wed,1,1
LAWS0031162022,01,Tue,12,2
GEOG0031152021,01,Sat,6,3
PSYC0031122023,01,Tue,4,2
PSYC0031122023,01,Thu,8,2
PSYC0031122023,01,Wed,6,2
PREE0031182028,01,Wed,3,2
PREE0031182028,01,Mon,7,1
CHEM0031142021,01,Tue,4,1
MUSI0031172027,01,Thu,8,2
MARX0031172027,01,Thu,2,1
HIST0031132028,01,Wed,8,2
POLI0031162024,01,Mon,11,2
MUSI0031152028,01,Sun,11,2
MUSI0031152028,01,Fri,5,1
URBN0031112024,01,Tue,12,2
URBN0031112024,01,Sat,8,1
COMS0031112028,01,Sat,4,2
COMS0031112028,01,Tue,8,2
COMS0031112028,01,Wed,11,1
MATH0031172020,01,Mon,8,2
ELEC0031172015,01,Thu,9,1
ARTS0031152025,01,Fri,6,2
ARTS0031152025,01,Mon,8,2
EDUC0031132018,01,Thu,3,2
EDUC0031132018,01,Mon,1,1
CHIN0031152027,01,Thu,9,2
CHIN0031152027,01,Mon,11,1
CHEM0031142022,01,Mon,4,2
ARTS0031172026,01,Fri,6,2
CLAS0031152019,01,Thu,12,2
POLI0031112025,01,Wed,8,3
PREE0031162029,01,Fri,1,3
MARX0031112028,01,Thu,11,2
MARX0031112028,01,Fri,6,2
AINT0031182018,01,Wed,8,2
SPRT0031122019,01,Tue,1,2
SPRT0031122019,01,Fri,5,1
PHYS0031182017,01,Mon,3,2
PHYS0031182017,01,Fri,6,1
CHIN0031122028,01,Thu,4,2
EDUC0031142019,01,Fri,1,3
EDUC0031142019,01,Wed,8,2
DESN0031132027,01,Fri,12,2
LAWS0031122023,01,Thu,3,2
LAWS0031122023,01,Mon,2,1
TEAC0031172023,01,Mon,3,2
EDUC0031182020,01,Mon,1,2
CHEM0031182023,01,Wed,11,2
CHEM0031182023,01,Mon,4,2
ARTS0031182027,01,Tue,12,2
HIST0031172029,01,Thu,9,2
HIST0031172029,01,Fri,5,1
CHEM0031132024,01,Thu,3,2
CHEM0031132024,01,Tue,1,2
CLAS0031172020,01,Thu,1,3
LANG0031132015,01,Wed,6,1
SOFT0031162022,01,Sun,4,2
ECON0031182015,01,Sun,11,2
MARX0031172029,01,Wed,6,2
MARX0031132030,01,Mon,8,2
ELEC0031182016,01,Tue,9,2
ELEC0031182016,01,Thu,6,1
COMM0031132020,01,Tue,1,2
COMM0031132020,01,Wed,7,1
COMM0031152021,01,Fri,3,2
COMM0031152021,01,Wed,12,2
COMM0031152021,01,Mon,7,1
ENVI0031162028,01,Tue,9,2
ENVI0031162028,01,Mon,13,1
LANG0031122016,01,Tue,6,2
ARTS0031152028,01,Fri,4,2
PUBA0031162016,01,Wed,1,2
PUBA0031162016,01,Fri,8,2
PUBA0031162016,01,Mon,8,1
LANG0031142017,01,Fri,8,3
MUSI0031162029,01,Tue,11,2
POLI0031112026,01,Tue,11,2
URBN0031182025,01,Mon,13,1
CHIN0031152029,01,Fri,8,2
ENVI0031122029,01,Wed,3,4
ENVI0031122029,01,Fri,1,2
PSYC0031132024,01,Sat,8,3
PUBA0031132017,01,Thu,6,2
PHYS0031142018,01,Wed,4,2
PHYS0031142018,01,Thu,9,2
STAT0031162022,01,Tue,6,2
LAWS0031142024,01,Mon,12,2
PHYS0031132019,01,Mon,12,2
PHYS0031132019,01,Wed,8,1
COMM0031152022,01,Thu,12,2
COMM0031152022,01,Wed,11,2
CLAS0031142021,01,Thu,11,3
CLAS0031142021,01,Sun,3,2
SPRT0031152020,01,Fri,6,2
SPRT0031152020,01,Thu,12,1
STAT0031132023,01,Thu,3,2
STAT0031132023,01,Wed,1,1
SOCI0031182027,01,Fri,4,2
GEOG0031182022,01,Tue,12,2
GEOG0031182022,01,Thu,8,2
PRIM0031112021,01,Wed,8,2
MARX0031172031,01,Mon,3,3
PHYS0031162020,01,Thu,8,2
PHYS0031162020,01,Tue,1,2
URBN0031162026,01,Fri,6,2
URBN0031162026,01,Sat,13,1
ENVI0031132030,01,Mon,1,2
PHIL0031122023,01,Tue,1,3
PHIL0031122023,01,Thu,6,2
COMM0031112023,01,Tue,6,2
COMM0031112023,01,Mon,11,2
PSYC0031152025,01,Sat,2,1
DESN0031182028,01,Fri,8,2
DESN0031182028,01,Tue,11,1
LIBR0031162016,01,Thu,3,2
LIBR0031162016,01,Wed,1,1
PHYS0031152021,01,Thu,9,2
PHYS0031152021,01,Sat,8,1
STAT0031162024,01,Mon,11,2
STAT0031162024,01,Thu,11,2
COMM0031122024,01,Wed,12,2
SOCI0031162028,01,Wed,11,1
DESN0031162029,01,Sat,1,2
DESN0031162029,01,Tue,3,2
PRIM0031142022,01,Mon,4,1
PREE0031122030,01,Fri,11,2
PREE0031122030,01,Thu,7,1
LAWS0031172025,01,Thu,1,2
LAWS0031172025,01,Fri,1,1
DATA0031112017,01,Tue,6,2
DATA0031112017,01,Wed,13,1
AINT0031162019,01,Fri,3,3
AINT0031162019,01,Sat,1,2
BIOL0031172026,01,Mon,4,2
POLI0031162027,01,Wed,3,2
POLI0031162027,01,Mon,11,2
COMM0031172025,01,Wed,1,2
PHIL0031142024,01,Tue,9,2
LANG0031172018,01,Fri,9,2
MUSI0031122030,01,Thu,11,2
MUSI0031122030,01,Tue,9,1
GEOG0031112023,01,Wed,6,3
GEOG0031112023,01,Mon,1,2
COMS0031172029,01,Fri,8,2
PUBA0031112018,01,Sun,6,3
PUBA0031112018,01,Wed,8,2
LIBR0031162017,01,Tue,1,2
LIBR0031162017,01,Fri,12,2
SPED0031122023,01,Wed,9,2
PHIL0031122025,01,Tue,4,2
SPED0031182024,01,Tue,6,2
SPED0031182024,01,Mon,6,2
SPED0031182024,01,Wed,2,1
DATA0031182018,01,Tue,4,1
PHIL0031182026,01,Fri,11,2
CHIN0031182030,01,Mon,6,2
CHIN0031182030,01,Tue,11,2
CHIN0031132031,01,Fri,6,2
AINT0031112020,01,Thu,1,3
AINT0031112020,01,Wed,9,2
PHYS0031112022,01,Wed,3,4
PHYS0031112022,01,Fri,3,2
SOFT0031142023,01,Mon,9,2
DATA0031112019,01,Fri,11,2
DATA0031112019,01,Wed,4,2
CLAS0031162022,01,Tue,6,3
LAWS0031172026,01,Tue,9,2
LAWS0031142027,01,Thu,6,2
EDUC0031122021,01,Thu,8,2
SOCI0031112029,01,Sat,4,2
SOFT0031112024,01,Fri,1,2
COMS0031152030,01,Tue,9,2
COMS0031152030,01,Thu,2,1
LIBR0031172018,01,Tue,8,2
LIBR0031172018,01,Mon,8,2
SPRT0031132021,01,Fri,3,2
SPRT0031132021,01,Mon,8,1
ARTS0031172029,01,Mon,11,2
HIST0031122030,01,Thu,3,3
HIST0031122030,01,Tue,12,2
CHIN0031182032,01,Tue,8,2
SOFT0031182025,01,Fri,7,1
CLAS0031182023,01,Wed,11,2
STAT0031112025,01,Tue,1,2
STAT0031112025,01,Wed,3,2
SOCI0031182030,01,Wed,3,3
CHEM0031162025,01,Thu,4,2
CHEM0031162025,01,Fri,5,1
BIOL0031172027,01,Thu,6,2
BIOL0031172027,01,Sat,7,1
CLAS0031182024,01,Tue,12,2
CLAS0031182025,01,Tue,12,2
LANG0031122019,01,Mon,4,2
MATH0031122021,01,Wed,9,2
MATH0031122021,01,Fri,7,1
SPRT0031112022,01,Sat,8,2
SPRT0031112022,01,Wed,4,1
URBN0031142027,01,Sat,4,2
ENVI0031172031,01,Thu,11,2
LAWS0031142028,01,Fri,3,2
CLAS0031112026,01,Wed,10,1
PHIL0031172027,01,Sat,4,2
PHIL0031172027,01,Tue,8,1
SPED0031182025,01,Mon,4,2
PUBA0031122019,01,Thu,8,2
PUBA0031122019,01,Fri,9,1
PREE0031172031,01,Mon,8,2
ELEC0031132017,01,Mon,9,2
ELEC0031132017,01,Thu,9,2
MUSI0031172031,01,Tue,9,2
CHEM0031112026,01,Tue,8,2
CHEM0031112026,01,Mon,6,2
CHEM0031112026,01,Wed,11,1
TEAC0031112024,01,Mon,1,2
SOFT0031162026,01,Wed,12,2
LIBR0031162019,01,Wed,3,2
CHIN0031152033,01,Wed,12,2
CHIN0031152033,01,Thu,1,2
DESN0031132030,01,Thu,6,3
ENVI0031112032,01,Thu,9,2
ENVI0031112032,01,Wed,6,2
PHIL0031142028,01,Thu,9,2
PHIL0031142028,01,Mon,10,1
SOCI0031142031,01,Thu,2,1
POLI0031162028,01,Thu,8,2
DESN0031142031,01,Mon,5,1
COMM0031122026,01,Wed,7,4
COMM0031122026,01,Fri,6,2
URBN0031132028,01,Sun,6,2
MUSI0031142032,01,Mon,8,2
MUSI0031142032,01,Thu,11,1
PUBA0031142020,01,Wed,11,2
PUBA0031142020,01,Thu,10,1
COMM0031152027,01,Mon,11,2
CHEM0031152027,01,Tue,9,2
CHEM0031152027,01,Wed,9,1
BIOL0031182028,01,Tue,6,2
PHYS0031122023,01,Thu,8,2
PHYS0031122023,01,Tue,5,1
PSYC0031172026,01,Sat,11,3
URBN0031152029,01,Fri,6,2
URBN0031152029,01,Wed,8,1
POLI0031132029,01,Thu,4,2
POLI0031132029,01,Fri,5,1
CLAS0031162027,01,Fri,4,2
CLAS0031162027,01,Mon,11,1
CLAS0031132028,01,Mon,4,2
CLAS0031132028,01,Fri,3,1
PUBA0031152021,01,Tue,8,3
PHYS0031172024,01,Wed,8,2
PHYS0031172024,01,Tue,7,1
SPRT0031162023,01,Tue,9,2
SPRT0031152024,01,Mon,6,3
COMS0031122031,01,Mon,9,2
LAWS0031142029,01,Mon,11,3
LAWS0031142029,01,Thu,3,2
PUBA0031112022,01,Mon,3,3
BIOL0031122029,01,Thu,11,2
BIOL0031122029,01,Wed,4,2
BIOL0031122029,01,Mon,2,1
DATA0031182020,01,Wed,11,2
SPED0031152026,01,Thu,9,2
SOCI0031172032,01,Sun,10,1
PHIL0031172029,01,Thu,12,2
PHIL0031172029,01,Mon,12,2
HIST0031122031,01,Thu,8,2
HIST0031122031,01,Sat,8,1
CHIN0031132034,01,Sat,4,1
LIBR0031182020,01,Wed,6,2
LIBR0031182020,01,Tue,9,2
LIBR0031182020,01,Mon,3,1
MATH0031122022,01,Thu,8,2
MATH0031122022,01,Sun,8,1
ARTS0031122030,01,Thu,6,2
ARTS0031122030,01,Mon,13,1
CHEM0031152028,01,Tue,6,2
CHIN0031142035,01,Thu,3,1
ELEC0031122018,01,Wed,6,2
ELEC0031122018,01,Thu,9,2
ELEC0031122018,01,Sat,4,1
LIBR0031172021,01,Thu,6,2
LAWS0031132030,01,Thu,1,2
LAWS0031132030,01,Wed,12,2
BIOL0031172030,01,Tue,6,2
MATH0031142023,01,Tue,11,2
MATH0031142023,01,Thu,1,1
AINT0031152021,01,Wed,9,2
AINT0031152021,01,Mon,3,1
PUBA0031122023,01,Mon,3,3
PUBA0031122023,01,Tue,4,2
COMS0031132032,01,Thu,4,2
COMS0031132032,01,Mon,7,1
ELEC0031152019,01,Tue,12,2
ELEC0031152019,01,Mon,8,2
COMS0031122033,01,Tue,11,2
COMS0031122033,01,Fri,11,2
COMM0031122028,01,Tue,3,4
COMM0031122028,01,Sat,1,2
LAWS0031132031,01,Fri,1,2
CHEM0031142029,01,Thu,4,2
CHEM0031152030,01,Fri,9,2
ARTS0031172031,01,Tue,3,1
PUBA0031132024,01,Wed,4,2
PUBA0031132024,01,Thu,6,2
LANG0031172020,01,Thu,8,2
COMM0031132029,01,Thu,9,2
COMM0031132029,01,Tue,9,1
BIOL0031172031,01,Mon,6,3
GEOG0031112024,01,Wed,12,2
LANG0031112021,01,Wed,6,2
LANG0031112021,01,Tue,1,1
MARX0031152032,01,Fri,12,2
MARX0031152032,01,Tue,4,1
CHIN0031122036,01,Wed,8,3
HIST0031132032,01,Wed,12,2
HIST0031132032,01,Fri,9,2
POLI0031152030,01,Mon,11,3
CHEM0031172031,01,Tue,8,2
CHIN0031142037,01,Thu,5,1
PSYC0031182027,01,Fri,6,3
LANG0031152022,01,Thu,3,3
DESN0031182032,01,Mon,11,1
COMM0031122030,01,Mon,3,2
PRIM0031172023,01,Fri,12,1
EDUC0031122022,01,Wed,12,2
EDUC0031122022,01,Tue,6,1
PREE0031182032,01,Tue,3,3
PRIM0031132024,01,Thu,12,1
DESN0031132033,01,Wed,6,2
DESN0031132033,01,Mon,11,1
AINT0031182022,01,Mon,10,1
URBN0031182030,01,Fri,3,2
BIOL0031112004,02,Sat,9,2
BIOL0031112004,02,Tue,3,2
DESN0031142006,02,Thu,8,2
DESN0031142006,02,Mon,9,1
EDUC0031182003,02,Fri,12,2
EDUC0031182003,02,Thu,11,2
GEOG0031112020,02,Tue,6,2
GEOG0031112020,02,Wed,4,2
ARTS0031142014,02,Thu,8,1
PSYC0031172026,02,Fri,8,3
PUBA0031112018,02,Tue,4,2
PUBA0031112018,02,Wed,6,2
PUBA0031112018,02,Fri,12,1
ELEC0031122001,02,Thu,12,2
ELEC0031122001,02,Sun,3,2
EDUC0031182010,02,Thu,3,2
STAT0031132003,02,Fri,8,2
SOCI0031142006,02,Mon,4,2
SOCI0031142006,02,Fri,5,1
COMS0031161001,02,Mon,1,2
COMS0031161001,02,Tue,8,1
PHIL0031142024,02,Thu,1,2
PRIM0031152006,02,Thu,3,2
PRIM0031152006,02,Tue,9,1
ENVI0031142015,02,Tue,12,2
ENVI0031142015,02,Mon,11,1
ENVI0031142003,02,Tue,12,2
LANG0031132007,02,Tue,4,2
LAWS0031142019,02,Mon,3,2
LAWS0031142019,02,Wed,3,2
CLAS0031122015,02,Fri,4,1
LAWS0031122023,02,Mon,1,2
MATH0031162017,02,Wed,6,2
MATH0031162017,02,Fri,3,1
CHEM0031152012,02,Mon,8,1
CLAS0031172011,02,Sat,10,1
HIST0031122002,02,Wed,11,2
COMS0031172029,02,Mon,11,2
COMS0031172029,02,Wed,13,1
STAT0031172011,02,Mon,3,2
PREE0031162029,02,Tue,3,2
PREE0031162029,02,Fri,4,2
HIST0031112011,02,Thu,11,2
HIST0031112011,02,Tue,4,2
SOFT0031112018,02,Fri,12,1
COMS0031162021,02,Thu,12,2
CLAS0031162018,02,Fri,9,2
CLAS0031162018,02,Wed,3,1
BIOL0031152008,02,Mon,11,3
CLAS0031182024,02,Mon,3,2
BIOL0031172031,02,Mon,8,2
BIOL0031172031,02,Thu,2,1
DESN0031142024,02,Mon,8,1
SOCI0031182027,02,Wed,3,2
PSYC0031172011,02,Tue,8,2
PSYC0031172011,02,Wed,8,2
AINT0031152021,02,Tue,9,2
CHIN0031122011,02,Sun,6,3
CHIN0031122011,02,Thu,11,2
PUBA0031132006,02,Mon,1,2
PUBA0031132006,02,Fri,6,2
PUBA0031132006,02,Wed,2,1
ENVI0031122018,02,Wed,6,2
PHIL0031122022,02,Mon,3,2
PHIL0031122022,02,Tue,11,2
SOFT0031122011,02,Fri,6,1
PHIL0031182015,02,Tue,11,3
PHIL0031182015,02,Fri,6,2
CHEM0031132001,02,Wed,1,3
POLI0031122016,02,Mon,1,2
POLI0031122016,02,Thu,3,1
DESN0031182007,02,Sun,3,3
DESN0031182007,02,Tue,3,2
DESN0031152023,02,Tue,9,2
PSYC0031152008,02,Thu,9,2
PSYC0031152008,02,Tue,10,1
CLAS0031142021,02,Mon,12,2
CLAS0031142021,02,Tue,12,2
PSYC0031182022,02,Wed,6,3
ENVI0031172031,02,Fri,6,2
DATA0031122007,02,Sat,1,2
ELEC0031182011,02,Tue,11,2
ELEC0031182011,02,Thu,4,2
DATA0031162014,02,Fri,6,2
COMS0031131019,02,Tue,1,2
COMS0031131019,02,Sun,12,2
PSYC0031132024,02,Fri,3,3
DATA0031112019,02,Wed,1,3
DATA0031112019,02,Tue,6,2
CLAS0031162027,02,Thu,3,2
COMS0031142019,02,Fri,3,2
DESN0031182005,02,Mon,4,2
PREE0031122023,02,Thu,3,2
PUBA0031122004,02,Wed,11,2
PUBA0031122004,02,Sat,9,2
CHIN0031182003,02,Fri,10,1
PRIM0031182019,02,Wed,12,2
PRIM0031182019,02,Mon,4,1
CHEM0031182009,02,Fri,13,1
MUSI0031132005,02,Mon,6,2
MUSI0031132005,02,Tue,1,1
GEOG0031112017,02,Fri,3,2
GEOG0031112017,02,Sat,9,2
LAWS0031182020,02,Wed,6,2
LAWS0031182020,02,Mon,12,2
LAWS0031182020,02,Tue,11,1
MATH0031172003,02,Tue,4,2
MATH0031172003,02,Fri,7,1
DATA0031122009,02,Tue,6,2
DATA0031122009,02,Thu,3,2
DATA0031122009,02,Mon,8,1
BIOL0031162019,02,Thu,8,2
BIOL0031162019,02,Tue,9,1
MARX0031152023,02,Wed,9,2
MARX0031152023,02,Tue,6,1
POLI0031152003,02,Mon,9,2
POLI0031152003,02,Tue,8,1
PHIL0031182014,02,Fri,6,3
STAT0031162005,02,Mon,1,2
ENVI0031122001,02,Thu,1,2
ENVI0031122001,02,Tue,8,2
ARTS0031172006,02,Sat,11,2
ARTS0031172006,02,Mon,5,1
COMM0031142003,02,Tue,9,2
COMM0031142003,02,Thu,4,2
ENVI0031182004,02,Mon,6,2
MUSI0031182001,02,Fri,9,2
ECON0031182005,02,Mon,1,2
ECON0031182005,02,Wed,7,1
MARX0031122008,02,Tue,1,3
MARX0031122008,02,Mon,6,2
DESN0031152004,02,Thu,3,2
MARX0031182022,02,Sat,1,2
POLI0031132029,02,Sun,8,2
COMS0031112015,02,Tue,6,2
SOCI0031112018,02,Thu,9,2
SOCI0031112018,02,Tue,8,2
CHIN0031132034,02,Mon,9,1
SOFT0031182002,02,Fri,4,2
MATH0031122021,02,Mon,11,2
MATH0031122021,02,Tue,13,1
PREE0031112013,02,Tue,7,1
MUSI0031122012,02,Mon,8,3
MUSI0031122012,02,Tue,11,2
COMS0031121015,02,Tue,3,3
COMS0031121015,02,Wed,12,2
PRIM0031112013,02,Thu,3,2
PRIM0031112013,02,Mon,12,1
COMS0031131037,02,Fri,4,2
COMS0031131037,02,Mon,8,2
COMS0031131037,02,Thu,11,1
SOFT0031132003,02,Fri,8,2
MARX0031132030,02,Tue,3,2
SPED0031182020,02,Wed,11,2
SPED0031182020,02,Tue,9,1
MATH0031162013,02,Tue,10,1
URBN0031112024,02,Sat,1,2
URBN0031112024,02,Fri,6,2
MUSI0031172009,02,Mon,6,3
POLI0031162011,02,Fri,4,2
LAWS0031142028,02,Wed,4,2
LAWS0031172026,02,Fri,1,1
URBN0031162026,02,Thu,8,2
URBN0031162026,02,Fri,11,1
STAT0031132016,02,Tue,8,3
CHIN0031122015,02,Mon,12,2
CHIN0031122015,02,Tue,12,1
HIST0031142021,02,Mon,11,2
HIST0031142021,02,Wed,13,1
CHIN0031112021,02,Mon,1,2
LANG0031112010,02,Mon,8,2
LANG0031112010,02,Fri,1,2
LANG0031112010,02,Tue,13,1
PREE0031152014,02,Tue,8,2
PREE0031152014,02,Fri,11,1
CHIN0031122019,02,Tue,3,2
CHIN0031122019,02,Sat,4,1
MARX0031112025,02,Mon,3,2
MARX0031112025,02,Fri,6,2
LIBR0031122001,02,Thu,12,2
PREE0031112019,02,Tue,9,2
PREE0031112019,02,Mon,6,2
PREE0031112019,02,Wed,7,1
ENVI0031112026,02,Thu,3,3
ENVI0031112026,02,Wed,3,2
PUBA0031132014,02,Mon,1,3
PUBA0031132014,02,Fri,6,2
ELEC0031112009,02,Thu,3,3
PREE0031172022,02,Mon,2,1
MATH0031112014,02,Thu,9,2
DATA0031152008,02,Tue,12,2
PUBA0031122023,02,Fri,3,4
PUBA0031122023,02,Wed,8,2
TEAC0031142011,02,Tue,1,3
BIOL0031112021,02,Fri,8,2
BIOL0031112021,02,Wed,9,1
CHIN0031122036,02,Mon,3,3
PSYC0031142021,02,Wed,3,1
PSYC0031132014,02,Mon,3,2
URBN0031162019,02,Wed,11,2
URBN0031162019,02,Thu,10,1
PRIM0031142022,02,Fri,4,1
URBN0031132017,02,Mon,5,1
PUBA0031162007,02,Mon,1,2
PUBA0031162007,02,Wed,8,1
SOFT0031142016,02,Mon,11,3
ARTS0031122007,02,Fri,11,3
SOCI0031142016,02,Mon,1,2
SOCI0031142016,02,Tue,11,1
AINT0031112013,02,Mon,3,2
ARTS0031152010,02,Wed,11,2
SPED0031152010,02,Tue,1,3
LAWS0031122012,02,Mon,1,2
LAWS0031122012,02,Tue,3,1
STAT0031112025,02,Thu,4,2
STAT0031112025,02,Mon,5,1
PUBA0031172008,02,Tue,6,2
PUBA0031172008,02,Mon,3,2
COMS0031162014,02,Tue,6,3
AINT0031112020,02,Mon,4,2
AINT0031112020,02,Tue,3,2
AINT0031112020,02,Thu,10,1
PHIL0031162002,02,Tue,12,2
COMS0031172010,02,Sat,9,2
MARX0031132001,02,Fri,6,2
PUBA0031112003,02,Tue,1,2
PUBA0031112003,02,Wed,11,1
COMS0031112018,02,Fri,6,2
COMS0031112018,02,Wed,11,1
COMS0031152030,02,Thu,6,2
COMS0031152030,02,Mon,3,1
SPRT0031122019,02,Thu,3,2
SPRT0031122019,02,Fri,4,1
SOFT0031122012,02,Tue,13,1
COMM0031132009,02,Tue,6,1
SOCI0031162023,02,Sun,6,3
AINT0031112016,02,Wed,3,3
PUBA0031122019,02,Thu,6,2
PUBA0031122019,02,Sun,13,1
URBN0031182025,02,Tue,5,1
ELEC0031132017,02,Thu,12,2
ELEC0031132017,02,Sat,3,2
ELEC0031132017,02,Wed,3,1
LANG0031142008,02,Mon,6,2
LANG0031142008,02,Tue,8,1
COMS0031131042,02,Wed,4,2
COMS0031131042,02,Tue,11,1
PREE0031152002,02,Mon,4,2
SPRT0031162007,02,Wed,12,2
GEOG0031132018,02,Fri,1,3
PHIL0031152007,02,Sat,1,2
SPED0031112022,02,Fri,1,3
SPED0031112022,02,Sun,11,2
CHIN0031142037,02,Wed,8,1
CHEM0031112014,02,Fri,1,2
CHEM0031112014,02,Wed,8,1
MUSI0031172027,02,Wed,12,2
MUSI0031172027,02,Fri,7,1
PHIL0031152012,02,Sat,1,2
HIST0031132016,02,Tue,4,2
HIST0031132016,02,Thu,1,1
DESN0031182018,02,Thu,3,2
DESN0031182018,02,Tue,13,1
EDUC0031112006,02,Thu,9,2
EDUC0031112006,02,Fri,8,2
EDUC0031112006,02,Tue,12,1
PHYS0031142006,02,Fri,11,2
ENVI0031142023,02,Wed,11,2
ENVI0031142023,02,Mon,4,1
MATH0031132006,02,Tue,8,2
MATH0031132006,02,Wed,11,2
MATH0031132006,02,Mon,11,1
LAWS0031172006,02,Thu,10,1
DESN0031182032,02,Mon,7,1
DESN0031132033,02,Mon,11,2
LANG0031152022,02,Sat,3,3
CHEM0031172005,02,Fri,12,2
TEAC0031172023,02,Tue,6,2
EDUC0031182017,02,Wed,11,2
ENVI0031142020,02,Tue,6,1
CLAS0031152019,02,Sat,5,1
SPED0031172017,02,Wed,1,2
PSYC0031132007,02,Wed,3,2
PSYC0031132007,02,Tue,9,1
CLAS0031132028,02,Wed,6,3
COMM0031112016,02,Wed,1,3
MUSI0031152028,02,Fri,1,2
PHYS0031112022,02,Tue,10,4
PHYS0031112022,02,Thu,11,2
PREE0031112003,02,Tue,8,3
PREE0031112003,02,Wed,12,2
STAT0031182006,02,Wed,11,2
STAT0031182006,02,Thu,1,2
MATH0031182001,02,Mon,12,2
MATH0031182001,02,Tue,5,1
LAWS0031142027,02,Tue,6,2
SPRT0031142017,02,Mon,1,2
SPRT0031142017,02,Sat,8,2
PREE0031152010,02,Thu,1,2
ELEC0031162004,02,Wed,12,1
SOCI0031172032,02,Mon,9,2
CHIN0031142017,02,Mon,11,3
ARTS0031132002,02,Thu,3,2
ARTS0031132002,02,Fri,6,1
DESN0031182028,02,Tue,11,2
LIBR0031152008,02,Fri,11,2
LIBR0031152008,02,Sat,11,2
PHIL0031112004,02,Tue,3,2
PHIL0031112004,02,Thu,11,2
LANG0031122001,02,Tue,6,3
LANG0031122001,02,Sat,1,2
PHYS0031182002,02,Wed,3,2
PHYS0031182002,02,Mon,5,1
ECON0031122007,02,Wed,1,3
ECON0031122007,02,Mon,11,2
STAT0031142007,02,Fri,6,2
STAT0031142007,02,Mon,13,1
SOFT0031112013,02,Fri,6,2
SOFT0031112013,02,Thu,3,1
CHIN0031172022,02,Thu,11,2
LIBR0031112009,02,Sun,3,2
LIBR0031112009,02,Fri,4,2
LIBR0031112009,02,Wed,6,2
MARX0031152032,02,Tue,11,2
DATA0031182018,02,Thu,11,1
COMS0031131990,02,Thu,11,2
COMS0031131990,02,Tue,1,2
COMS0031131990,02,Wed,1,1
PHYS0031122023,02,Mon,11,2
SPED0031122003,02,Mon,6,2
SPED0031122003,02,Wed,1,1
PHYS0031172010,02,Mon,8,2
CHEM0031182020,02,Tue,9,2
CHIN0031142018,02,Thu,9,2
CHIN0031142018,02,Fri,5,1
HIST0031162027,02,Sat,5,1
SPRT0031172010,02,Thu,8,2
SPRT0031172010,02,Mon,3,1
DATA0031182010,02,Mon,8,3
AINT0031112009,02,Mon,8,2
DATA0031132012,02,Mon,8,2
EDUC0031122015,02,Tue,11,2
EDUC0031122015,02,Thu,1,2
MATH0031122008,02,Tue,3,2
AINT0031132010,02,Fri,1,3
LAWS0031142029,02,Fri,11,3
LAWS0031142029,02,Thu,6,2
URBN0031112012,02,Thu,7,4
URBN0031112012,02,Mon,12,2
ELEC0031152007,02,Tue,3,2
CLAS0031162022,02,Mon,8,2
CLAS0031162022,02,Wed,4,1
SOFT0031182019,02,Fri,10,1
ENVI0031162019,02,Wed,6,2
LAWS0031142017,02,Fri,3,2
LAWS0031172013,02,Wed,9,2
LAWS0031172013,02,Fri,11,2
LANG0031142003,02,Fri,6,2
GEOG0031162006,02,Tue,1,2
GEOG0031162006,02,Mon,3,1
CHEM0031142022,02,Sat,11,2
SPED0031122023,02,Sat,12,2
POLI0031132004,02,Tue,6,2
CHEM0031182019,02,Wed,12,2
CHEM0031182019,02,Mon,6,1
COMS0031162003,02,Mon,12,2
COMS0031162003,02,Wed,9,1
PSYC0031182017,02,Mon,9,2
PSYC0031182017,02,Thu,8,2
POLI0031112025,02,Fri,9,2
POLI0031112025,02,Mon,2,1
BIOL0031172016,02,Thu,1,2
PHIL0031162009,02,Wed,4,2
SPRT0031142004,02,Fri,4,2
LAWS0031112018,02,Fri,3,3
LAWS0031112018,02,Wed,6,2
STAT0031182012,02,Fri,3,1
BIOL0031162002,02,Wed,12,2
BIOL0031162002,02,Thu,1,2
BIOL0031162002,02,Fri,1,1
SOFT0031152005,02,Wed,1,2
COMS0031182011,02,Fri,2,1
HIST0031132015,02,Thu,3,2
COMS0031112004,02,Mon,4,2
AINT0031162002,02,Thu,8,3
MARX0031172029,02,Sun,4,2
COMS0031131026,02,Thu,6,2
CLAS0031182023,02,Thu,4,2
CLAS0031182023,02,Sat,4,1
SPRT0031162023,02,Fri,8,2
LANG0031152006,02,Mon,6,3
MUSI0031172010,02,Wed,12,2
MUSI0031172010,02,Fri,7,1
CLAS0031142007,02,Tue,12,2
PSYC0031172002,02,Fri,4,2
PSYC0031172002,02,Thu,13,1
LIBR0031162019,02,Tue,12,2
PHIL0031112013,02,Mon,1,2
ARTS0031162012,02,Tue,9,2
ECON0031182015,02,Mon,3,2
MARX0031142012,02,Thu,13,1
PHIL0031152019,02,Thu,12,2
PREE0031132021,02,Tue,2,1
AINT0031182012,02,Wed,9,2
AINT0031182012,02,Thu,13,1
DATA0031142013,02,Wed,12,2
DATA0031142013,02,Fri,7,1
POLI0031152019,02,Tue,1,2
POLI0031152019,02,Fri,9,1
COMM0031142007,02,Tue,4,2
MATH0031132016,02,Thu,4,2
MATH0031132016,02,Fri,4,1
SPED0031122002,02,Tue,11,2
SPED0031122002,02,Thu,11,1
ARTS0031152004,02,Sun,5,1
MATH0031142023,02,Wed,8,3
CHIN0031132026,02,Mon,3,2
CHIN0031132026,02,Thu,4,2
ENVI0031112010,02,Fri,8,3
ENVI0031112010,02,Wed,1,2
TEAC0031122016,02,Sat,6,3
BIOL0031172030,02,Tue,3,2
ENVI0031132017,02,Thu,8,3
ENVI0031132017,02,Wed,12,2
COMM0031162008,02,Wed,7,1
CHIN0031152027,02,Thu,12,2
CHIN0031152027,02,Fri,6,1
HIST0031172026,02,Thu,8,2
HIST0031172026,02,Fri,13,1
COMS0031121004,02,Tue,1,2
COMS0031121004,02,Wed,12,1
LIBR0031182020,02,Wed,9,2
LIBR0031182020,02,Tue,9,2
BIOL0031162014,02,Wed,11,2
BIOL0031162014,02,Tue,6,2
BIOL0031162014,02,Sun,6,1
CLAS0031112026,02,Tue,4,2
COMS0031152007,02,Tue,12,2
TEAC0031162019,02,Sun,8,2
GEOG0031112003,02,Wed,11,2
GEOG0031112003,02,Tue,3,2
GEOG0031112003,02,Fri,3,2
ENVI0031122008,02,Wed,12,2
ENVI0031122008,02,Thu,3,2
PUBA0031162013,02,Thu,3,2
URBN0031182002,02,Fri,12,2
ELEC0031182006,02,Tue,6,2
TEAC0031152015,02,Wed,1,2
ECON0031132010,02,Thu,3,3
CHEM0031132018,02,Wed,6,3
DESN0031162014,02,Wed,3,3
COMS0031131043,02,Thu,6,2
MUSI0031152008,02,Thu,11,3
ELEC0031172015,02,Thu,6,1
STAT0031112001,02,Thu,6,2
STAT0031112001,02,Mon,4,2
TEAC0031132005,02,Wed,4,2
GEOG0031152004,02,Mon,8,2
PREE0031122005,02,Sat,6,1
PHIL0031172016,02,Thu,1,2
TEAC0031122013,02,Wed,8,2
PUBA0031162011,02,Sat,12,2
PHIL0031142003,02,Wed,8,3
PHIL0031142003,02,Tue,9,2
BIOL0031172017,02,Mon,6,2
BIOL0031172017,02,Thu,1,2
PREE0031172012,02,Mon,6,1
TEAC0031142014,02,Tue,4,2
CHEM0031132006,02,Mon,11,2
CHEM0031132006,02,Thu,2,1
MATH0031132005,02,Wed,6,2
MATH0031132005,02,Tue,9,2
COMM0031142004,02,Wed,4,1
LAWS0031132030,02,Mon,1,3
DATA0031122002,02,Thu,10,4
DATA0031122002,02,Tue,1,2
SPRT0031152005,02,Mon,4,2
LANG0031182013,02,Fri,12,2
SOFT0031182014,02,Thu,11,2
SOFT0031182014,02,Wed,8,2
CHIN0031132009,02,Mon,4,2
CHIN0031132009,02,Wed,2,1
PUBA0031112012,02,Tue,9,2
PUBA0031112012,02,Fri,1,2
COMS0031122017,02,Wed,6,2
COMS0031122017,02,Fri,10,1
SOCI0031162028,02,Wed,8,2
MATH0031112012,02,Thu,1,2
STAT0031112019,02,Thu,12,2
STAT0031112019,02,Tue,6,2
BIOL0031142024,02,Wed,8,3
MUSI0031132024,02,Fri,8,2
MUSI0031132024,02,Thu,13,1
PHYS0031142018,02,Wed,1,2
PHYS0031142018,02,Tue,5,1
COMM0031132010,02,Thu,1,2
SPED0031182025,02,Thu,6,2
SPED0031182025,02,Wed,5,1
TEAC0031122003,02,Wed,9,2
TEAC0031122003,02,Thu,9,2
TEAC0031122003,02,Fri,1,2
ENVI0031142011,02,Tue,4,2
MUSI0031172031,02,Wed,4,2
AINT0031142011,02,Wed,1,3
URBN0031172015,02,Fri,8,2
SOCI0031132011,02,Mon,4,1
MUSI0031112015,02,Wed,8,2
MUSI0031112015,02,Fri,4,2
MARX0031112005,02,Thu,11,3
MARX0031112005,02,Tue,12,2
COMS0031132032,02,Fri,11,2
COMS0031132032,02,Wed,3,1
URBN0031182004,02,Mon,6,1
URBN0031142008,02,Thu,9,2
URBN0031142008,02,Wed,3,2
URBN0031142008,02,Mon,1,1
PRIM0031132009,02,Fri,6,2
PREE0031182028,02,Fri,4,2
PREE0031182028,02,Tue,10,1
PSYC0031132005,02,Wed,3,2
PSYC0031132005,02,Tue,12,2
PHIL0031112010,02,Mon,6,1
ARTS0031142019,02,Tue,8,2
SOCI0031112029,02,Sat,1,2
COMS0031131053,02,Fri,1,3
ENVI0031112014,02,Mon,2,1
ECON0031132001,02,Tue,1,2
SOCI0031172021,02,Tue,8,2
SOCI0031172021,02,Wed,9,2
SOCI0031112002,02,Sun,8,3
HIST0031132032,02,Mon,9,2
HIST0031132032,02,Tue,4,2
HIST0031132032,02,Thu,5,1
SPED0031182024,02,Wed,1,2
SPED0031182024,02,Mon,8,2
SPED0031182024,02,Thu,1,1
PRIM0031152011,02,Fri,4,2
PRIM0031152011,02,Sat,7,1
PREE0031152011,02,Wed,11,2
PREE0031152011,02,Fri,6,1
MARX0031122006,02,Tue,8,2
MARX0031122006,02,Mon,8,1
ELEC0031122013,02,Thu,11,2
ELEC0031122013,02,Mon,10,1
PHIL0031182026,02,Mon,6,2
COMS0031121009,02,Tue,9,2
COMS0031121009,02,Fri,6,2
COMS0031121009,02,Mon,10,1
SOFT0031152001,02,Mon,9,1
PHIL0031172027,02,Wed,12,2
SOCI0031162013,02,Tue,4,2
SOCI0031162013,02,Wed,5,1
PRIM0031142010,02,Thu,3,3
PRIM0031142010,02,Tue,9,2
GEOG0031142007,02,Tue,6,3
GEOG0031182013,02,Fri,1,3
HIST0031112022,02,Fri,4,2
LAWS0031152015,02,Wed,1,2
CHEM0031112026,02,Fri,8,2
CHEM0031112026,02,Thu,11,2
COMM0031122030,02,Thu,4,2
MUSI0031152018,02,Mon,12,2
MUSI0031152018,02,Fri,12,1
ECON0031112013,02,Tue,11,1
MUSI0031142032,02,Wed,8,2
SPRT0031162013,02,Wed,9,2
ARTS0031172026,02,Mon,11,1
SOCI0031132001,02,Wed,6,2
ARTS0031182017,02,Fri,1,2
STAT0031132015,02,Thu,1,3
STAT0031132015,02,Mon,6,2
STAT0031172014,02,Thu,7,1
ECON0031132014,02,Wed,6,2
ECON0031132014,02,Fri,12,2
POLI0031182006,02,Tue,4,2
PSYC0031132020,02,Mon,3,2
ARTS0031122021,02,Thu,10,4
ARTS0031122021,02,Mon,11,2
ENVI0031112032,02,Wed,11,2
ENVI0031112032,02,Mon,9,2
TEAC0031112010,02,Fri,3,2
TEAC0031112010,02,Thu,2,1
HIST0031142005,02,Fri,9,1
ARTS0031182027,02,Tue,1,2
LAWS0031112003,02,Fri,12,2
SOCI0031122025,02,Sat,1,3
POLI0031182009,02,Mon,11,1
PUBA0031122015,02,Wed,9,2
BIOL0031182023,02,Thu,9,2
CHEM0031182023,02,Wed,6,3
ARTS0031162008,02,Wed,11,2
ARTS0031162008,02,Sat,9,2
PREE0031172018,02,Fri,4,2
PREE0031172018,02,Tue,9,2
CLAS0031152008,02,Tue,1,2
CLAS0031152008,02,Mon,1,2
LAWS0031182001,02,Fri,3,2
COMS0031121013,02,Thu,11,3
COMS0031121013,02,Fri,9,2
PREE0031152009,02,Thu,1,2
LAWS0031122005,02,Thu,9,2
LAWS0031122005,02,Mon,11,2
BIOL0031122029,02,Tue,1,2
BIOL0031122029,02,Fri,11,2
DESN0031162021,02,Mon,7,1
COMS0031152002,02,Wed,1,2
DESN0031182012,02,Wed,3,2
PHIL0031172029,02,Wed,12,2
PHIL0031172029,02,Thu,12,2
SOCI0031152008,02,Fri,1,2
POLI0031112026,02,Fri,12,2
POLI0031112026,02,Wed,12,1
DESN0031152017,02,Tue,12,2
DESN0031152017,02,Wed,8,1
PHIL0031142018,02,Tue,11,2
PHIL0031142018,02,Thu,6,2
CLAS0031172014,02,Fri,4,2
CLAS0031172014,02,Wed,13,1
PRIM0031172012,02,Fri,11,3
AINT0031142005,02,Fri,6,2
AINT0031142005,02,Mon,2,1
PREE0031172004,02,Thu,9,2
PREE0031172004,02,Sat,9,2
DATA0031122001,02,Tue,11,2
COMM0031182005,02,Sat,12,2
SOCI0031152010,02,Wed,1,2
GEOG0031132014,02,Fri,9,2
GEOG0031132014,02,Tue,7,1
URBN0031142009,02,Thu,11,2
SOFT0031142009,02,Wed,8,2
URBN0031162005,02,Tue,3,2
POLI0031152007,02,Tue,11,2
POLI0031152007,02,Fri,4,2
SOFT0031112024,02,Mon,6,2
EDUC0031172016,02,Thu,3,2
ARTS0031182018,02,Mon,7,1
SPED0031132021,02,Sat,1,2
URBN0031122022,02,Mon,12,2
URBN0031122022,02,Thu,11,2
SPED0031132014,02,Thu,12,2
SOCI0031182030,02,Mon,8,3
PUBA0031132010,02,Fri,4,2
PRIM0031142020,02,Wed,12,2
PRIM0031142020,02,Sat,3,1
GEOG0031142001,02,Fri,3,2
HIST0031142020,02,Mon,6,1
COMM0031132029,02,Fri,12,2
COMM0031132029,02,Tue,9,1
COMM0031162006,02,Tue,4,2
GEOG0031152010,02,Sat,9,1
MUSI0031182022,02,Wed,8,2
MUSI0031182022,02,Thu,12,1
MUSI0031122021,02,Tue,8,3
MUSI0031122021,02,Mon,6,2
LIBR0031162011,02,Tue,9,2
SPRT0031112022,02,Fri,6,2
SPRT0031112022,02,Wed,9,1
EDUC0031172013,02,Sat,9,2
EDUC0031172013,02,Tue,7,1
PHYS0031122009,02,Tue,9,2
PHYS0031122009,02,Mon,8,2
CLAS0031182013,02,Mon,11,2
EDUC0031132018,02,Tue,4,2
EDUC0031132018,02,Mon,9,2
PHYS0031132016,02,Thu,1,2
POLI0031112015,02,Thu,4,2
POLI0031112015,02,Mon,3,2
BIOL0031182011,02,Wed,11,2
PHIL0031132017,02,Mon,11,2
PHIL0031132017,02,Wed,8,2
PHIL0031132017,02,Fri,3,1
CHEM0031142011,02,Mon,6,3
CHEM0031142011,02,Fri,1,2
URBN0031142006,02,Tue,12,2
URBN0031142006,02,Sun,3,2
COMM0031152022,02,Fri,11,3
ECON0031122004,02,Wed,11,2
LANG0031142017,02,Tue,3,3
PUBA0031132024,02,Wed,6,3
COMM0031132020,02,Thu,1,2
COMM0031132020,02,Mon,1,2
PHYS0031132001,02,Tue,9,2
PHYS0031132001,02,Sat,3,2
STAT0031162024,02,Thu,3,3
CLAS0031152012,02,Fri,1,2
COMS0031112020,02,Fri,1,2
PRIM0031172023,02,Tue,12,1
ENVI0031182027,02,Thu,2,1
HIST0031112009,02,Sun,11,2
HIST0031112009,02,Mon,6,2
PHYS0031152021,02,Wed,3,2
DATA0031142004,02,Mon,9,2
ELEC0031182012,02,Tue,4,2
POLI0031132005,02,Tue,8,2
POLI0031132005,02,Mon,6,2
POLI0031132005,02,Fri,7,1
SPRT0031172015,02,Sun,1,3
LIBR0031132002,02,Tue,11,2
LIBR0031132002,02,Wed,3,2
SOCI0031142031,02,Mon,3,2
PUBA0031112022,02,Wed,4,2
PUBA0031112022,02,Mon,4,2
MATH0031172020,02,Fri,8,2
COMM0031112023,02,Fri,11,3
CLAS0031152009,02,Wed,12,2
CLAS0031152009,02,Thu,4,2
CLAS0031152009,02,Mon,6,1
ELEC0031122003,02,Fri,9,2
ELEC0031122003,02,Thu,8,1
COMM0031122001,02,Mon,4,2
ARTS0031152011,02,Tue,8,3
ARTS0031152011,02,Wed,6,2
COMM0031122028,02,Mon,3,4
COMM0031122028,02,Fri,6,2
BIOL0031162020,02,Thu,8,2
BIOL0031162020,02,Wed,8,1
SOFT0031172008,02,Fri,7,1
PUBA0031152005,02,Wed,9,2
PUBA0031152005,02,Mon,6,1
MARX0031162017,02,Mon,9,2
PSYC0031182004,02,Wed,6,2
PSYC0031182004,02,Tue,3,2
PREE0031162027,02,Wed,9,2
PREE0031162027,02,Thu,9,1
PRIM0031112005,02,Mon,3,2
STAT0031142013,02,Wed,4,2
STAT0031142013,02,Fri,1,1
CHIN0031172007,02,Thu,11,3
CHIN0031182004,02,Mon,11,2
CHIN0031182004,02,Thu,11,2
PRIM0031112003,02,Tue,11,2
MUSI0031172002,02,Thu,10,1
CLAS0031172001,02,Mon,9,2
CLAS0031172001,02,Fri,6,1
STAT0031121004,02,Mon,11,2
STAT0031121004,02,Sat,12,1
POLI0031152020,02,Fri,3,2
POLI0031152020,02,Wed,7,1
COMM0031172025,02,Mon,1,2
HIST0031162010,02,Thu,8,3
ELEC0031182016,02,Mon,3,2
HIST0031122017,02,Sat,3,2
MARX0031132011,02,Wed,2,1
CHEM0031142029,02,Mon,12,2
COMS0031182027,02,Sat,9,2
LANG0031172018,02,Mon,1,2
CLAS0031142010,02,Thu,1,3
ENVI0031172024,02,Wed,9,2
ENVI0031172024,02,Fri,6,2
MUSI0031172006,02,Fri,3,2
MUSI0031172006,02,Tue,12,2
MUSI0031172006,02,Sat,12,1
DATA0031112017,02,Thu,3,2
DATA0031112017,02,Mon,9,2
CHIN0031142035,02,Mon,4,1
CHEM0031152030,02,Thu,3,2
SPED0031182006,02,Thu,1,2
SPED0031182006,02,Fri,6,1
LAWS0031112007,02,Fri,6,2
LAWS0031112007,02,Thu,1,2
LAWS0031112007,02,Mon,6,1
SOCI0031142004,02,Mon,11,2
DATA0031142015,02,Fri,12,2
MUSI0031142023,02,Fri,9,2
MUSI0031142023,02,Thu,11,1
SPRT0031182001,02,Wed,9,2
CHEM0031152028,02,Fri,11,2
BIOL0031142007,02,Fri,11,2
BIOL0031142007,02,Thu,4,1
STAT0031112010,02,Mon,11,3
STAT0031112010,02,Tue,6,2
ARTS0031152025,02,Wed,6,2
ARTS0031152025,02,Mon,3,1
PRIM0031172016,02,Thu,11,2
SPRT0031182016,02,Tue,3,2
SPRT0031182016,02,Thu,1,1
MUSI0031162017,02,Wed,3,1
AINT0031142008,02,Thu,3,2
CHEM0031132013,02,Wed,1,2
CHEM0031132013,02,Mon,11,1
PHYS0031112004,02,Mon,6,2
PHYS0031112004,02,Thu,3,2
COMM0031122024,02,Mon,1,2
MUSI0031172003,02,Thu,12,2
COMS0031142023,02,Mon,8,3
COMS0031142023,02,Wed,9,2
SPRT0031122011,02,Sat,12,2
SPRT0031122003,02,Wed,3,2
SPRT0031122003,02,Fri,11,1
LAWS0031152011,02,Wed,1,2
LAWS0031152011,02,Mon,4,1
PREE0031112017,02,Thu,8,2
PREE0031112017,02,Fri,1,1
STAT0031172009,02,Tue,8,2
LANG0031112021,02,Wed,3,2
LANG0031112021,02,Thu,10,1
ENVI0031132006,02,Sat,1,2
COMS0031121014,02,Mon,11,3
COMS0031121014,02,Fri,9,2
CHEM0031172031,02,Mon,1,2
CLAS0031182025,02,Sat,3,2
SOFT0031122006,02,Thu,9,2
SOFT0031122006,02,Wed,13,1
MUSI0031162007,02,Fri,12,2
EDUC0031142012,02,Tue,11,3
ECON0031162006,02,Tue,11,2
ECON0031162006,02,Sun,12,2
SPRT0031132014,02,Tue,1,2
PSYC0031152025,02,Fri,10,1
LAWS0031122008,02,Thu,6,2
LAWS0031122008,02,Wed,1,2
LAWS0031122008,02,Fri,1,1
AINT0031132015,02,Tue,4,2
AINT0031132015,02,Wed,4,1
CHIN0031162008,02,Fri,6,1
PREE0031122030,02,Wed,8,2
PHIL0031172008,02,Mon,4,2
PHYS0031152012,02,Wed,11,2
PHYS0031152012,02,Mon,3,2
SPED0031142011,02,Tue,1,3
SPED0031142011,02,Wed,12,2
SOFT0031122015,02,Wed,9,2
SOFT0031122015,02,Thu,12,1
SPRT0031152024,02,Wed,1,2
SPRT0031152024,02,Tue,8,1
CHEM0031152010,02,Mon,3,2
CHEM0031152010,02,Wed,6,2
SPED0031172018,02,Wed,9,2
EDUC0031142019,02,Thu,1,3
EDUC0031142019,02,Wed,9,2
DESN0031142020,02,Thu,3,2
CHEM0031152027,02,Fri,12,2
PSYC0031142003,02,Fri,11,2
PSYC0031142003,02,Tue,4,1
ARTS0031162003,02,Fri,1,1
CHEM0031162025,02,Fri,4,2
CHEM0031162025,02,Wed,12,1
MARX0031152003,02,Tue,1,3
TEAC0031142002,02,Thu,4,2
TEAC0031142002,02,Mon,3,2
COMS0031132022,02,Wed,11,2
POLI0031142017,02,Tue,3,3
POLI0031142017,02,Fri,8,2
SOCI0031122005,02,Wed,1,2
CHIN0031122028,02,Tue,12,2
GEOG0031142019,02,Tue,12,2
GEOG0031142019,02,Fri,12,1
SOCI0031152026,02,Tue,8,3
LANG0031172020,02,Mon,3,2
DESN0031122010,02,Wed,11,3
ARTS0031122016,02,Tue,1,3
ARTS0031122016,02,Mon,4,2
MATH0031152007,02,Mon,4,2
COMS0031131049,02,Wed,9,2
COMS0031131049,02,Tue,4,1
POLI0031182014,02,Wed,4,2
DESN0031112016,02,Fri,8,2
CHEM0031132002,02,Sat,12,2
CHEM0031132002,02,Tue,11,1
LAWS0031142024,02,Mon,11,2
GEOG0031132016,02,Thu,8,2
ENVI0031132030,02,Thu,9,2
LIBR0031172018,02,Mon,6,2
LIBR0031172018,02,Fri,8,1
PHYS0031172024,02,Fri,9,2
COMS0031131051,02,Thu,1,2
COMS0031131051,02,Fri,6,2
LANG0031182005,02,Wed,5,1
TEAC0031122007,02,Thu,6,3
PHIL0031172020,02,Thu,4,2
LANG0031112004,02,Sat,3,2
LANG0031112004,02,Thu,12,2
URBN0031142021,02,Fri,4,2
URBN0031142021,02,Sun,7,1
POLI0031122012,02,Tue,3,2
POLI0031122012,02,Mon,3,2
LIBR0031152015,02,Fri,11,2
LIBR0031152015,02,Tue,7,1
MARX0031172019,02,Mon,6,2
MARX0031172019,02,Tue,1,2
MARX0031172019,02,Thu,6,1
COMS0031131036,02,Mon,11,3
PHYS0031182017,02,Fri,9,2
PHYS0031182017,02,Wed,1,2
COMS0031142006,02,Mon,11,3
ARTS0031112013,02,Fri,1,2
ARTS0031112013,02,Mon,9,1
ENVI0031172022,02,Wed,8,2
ENVI0031172022,02,Fri,3,1
MUSI0031182026,02,Fri,8,2
LIBR0031172007,02,Wed,4,2
EDUC0031112007,02,Wed,6,1
PREE0031162015,02,Tue,11,3
PREE0031162015,02,Sat,6,2
SOCI0031172003,02,Wed,12,2
SOCI0031172003,02,Thu,7,1
PRIM0031112001,02,Thu,12,2
SOFT0031142021,02,Tue,1,2
GEOG0031112012,02,Mon,9,2
GEOG0031112012,02,Thu,4,2
GEOG0031112012,02,Sat,9,1
LANG0031122016,02,Wed,8,2
TEAC0031182006,02,Fri,4,2
DATA0031112016,02,Wed,1,2
SOFT0031182025,02,Mon,6,2
SPRT0031132021,02,Mon,8,2
SPED0031112007,02,Thu,9,2
POLI0031142001,02,Mon,6,3
DESN0031162002,02,Thu,8,2
DESN0031162002,02,Mon,8,1
SOFT0031132007,02,Fri,12,2
SOFT0031132007,02,Tue,9,2
CHIN0031152001,02,Fri,3,2
CHIN0031152001,02,Wed,3,2
SOCI0031132020,02,Thu,6,2
SOCI0031132020,02,Sat,5,1
HIST0031172025,02,Thu,11,2
HIST0031172014,02,Tue,11,3
GEOG0031122015,02,Mon,3,2
GEOG0031122015,02,Fri,8,2
GEOG0031122015,02,Tue,8,1
COMS0031152016,02,Wed,6,2
COMS0031112028,02,Fri,3,3
COMS0031112028,02,Wed,6,2
ARTS0031162020,02,Tue,4,2
GEOG0031172011,02,Tue,10,1
MUSI0031152019,02,Tue,9,2
MUSI0031152019,02,Sat,5,1
TEAC0031172018,02,Wed,13,1
SPED0031122009,02,Wed,1,2
SPED0031122009,02,Fri,1,1
DESN0031152001,02,Fri,4,2
DESN0031152001,02,Wed,9,2
DESN0031152001,02,Mon,10,1
ENVI0031112025,02,Thu,3,2
POLI0031142008,02,Fri,1,2
POLI0031142008,02,Thu,4,1
DESN0031172015,02,Sat,11,2
DESN0031172015,02,Tue,8,2
URBN0031142001,02,Thu,12,1
TEAC0031122008,02,Tue,6,1
COMM0031152019,02,Fri,8,2
COMM0031152019,02,Thu,6,1
PRIM0031112018,02,Mon,1,3
PRIM0031112018,02,Tue,4,2
CHIN0031112006,02,Fri,9,2
CHIN0031112006,02,Thu,6,1
SOFT0031142023,02,Wed,6,2
COMM0031182011,02,Tue,3,2
COMM0031182011,02,Sat,3,1
TEAC0031172012,02,Mon,11,2
URBN0031152003,02,Thu,11,3
POLI0031162027,02,Wed,12,2
POLI0031162027,02,Fri,10,1
MUSI0031122013,02,Thu,4,2
POLI0031142018,02,Thu,4,2
URBN0031182030,02,Mon,9,2
STAT0031162002,02,Wed,2,1
BIOL0031172026,02,Thu,3,2
ARTS0031122005,02,Thu,1,2
ARTS0031122005,02,Tue,3,2
ARTS0031122005,02,Wed,8,1
ENVI0031112021,02,Tue,3,2
ENVI0031112021,02,Mon,9,1
HIST0031162001,02,Wed,8,2
HIST0031162001,02,Fri,2,1
HIST0031122019,02,Wed,6,2
HIST0031122019,02,Fri,3,2
COMS0031131032,02,Fri,11,3
DESN0031112008,02,Fri,11,3
POLI0031122010,02,Fri,3,2
POLI0031122010,02,Thu,11,2
LANG0031122019,02,Mon,8,2
DESN0031172009,02,Fri,12,2
LAWS0031142010,02,Mon,3,2
ELEC0031122018,02,Thu,8,2
ELEC0031122018,02,Tue,6,2
DESN0031132027,02,Fri,9,2
SPED0031122016,02,Tue,8,3
SPED0031122016,02,Wed,4,2
STAT0031122020,02,Wed,3,2
ENVI0031142012,02,Sat,1,2
ENVI0031142012,02,Mon,11,2
ARTS0031132024,02,Fri,11,2
TEAC0031182021,02,Fri,8,2
TEAC0031182021,02,Thu,3,2
MATH0031112019,02,Wed,3,2
MATH0031112019,02,Tue,3,1
CHIN0031162013,02,Tue,3,2
CHIN0031162013,02,Fri,6,2
PRIM0031132004,02,Fri,1,2
PRIM0031132004,02,Wed,9,2
PRIM0031132024,02,Mon,3,1
GEOG0031152005,02,Fri,6,2
GEOG0031152005,02,Sat,3,2
POLI0031132002,02,Mon,7,1
CHEM0031122003,02,Thu,8,2
CHEM0031122003,02,Fri,11,1
COMM0031142017,02,Wed,12,2
COMM0031142017,02,Thu,8,2
URBN0031142010,02,Tue,4,2
URBN0031142010,02,Fri,1,2
PRIM0031172008,02,Mon,6,2
PRIM0031172008,02,Thu,5,1
BIOL0031112006,02,Wed,8,1
BIOL0031182005,02,Mon,6,2
MUSI0031112004,02,Mon,6,3
SOFT0031112004,02,Wed,11,2
CHEM0031112004,02,Mon,6,2
CHEM0031112004,02,Tue,9,2
CHIN0031162020,02,Wed,11,2
CHIN0031162020,02,Tue,12,1
SPED0031172013,02,Tue,8,2
SPED0031172013,02,Sun,4,1
TEAC0031122004,02,Mon,8,3
TEAC0031122004,02,Tue,3,2
PSYC0031122013,02,Mon,6,2
PSYC0031122013,02,Sat,9,2
LIBR0031162014,02,Sat,11,2
PHYS0031132015,02,Thu,6,2
PHYS0031132015,02,Tue,9,1
EDUC0031112002,02,Wed,1,4
EDUC0031112002,02,Thu,8,2
COMS0031161000,02,Tue,4,2
COMS0031161000,02,Thu,8,2
COMS0031161000,02,Fri,12,1
ECON0031152011,02,Mon,3,2
ECON0031152011,02,Fri,12,1
COMM0031152027,02,Thu,1,2
COMM0031152027,02,Tue,8,1
DATA0031142011,02,Fri,4,2
DATA0031142011,02,Wed,8,2
CLAS0031132017,02,Mon,6,2
CLAS0031132017,02,Tue,1,2
STAT0031112017,02,Thu,11,2
STAT0031112017,02,Fri,12,1
SOFT0031132017,02,Sat,3,3
EDUC0031162004,02,Thu,3,1
SPED0031132004,02,Mon,6,3
PHYS0031122008,02,Tue,4,2
PHYS0031122008,02,Fri,12,2
MUSI0031142011,02,Sat,9,2
STAT0031112018,02,Mon,3,3
LIBR0031172012,02,Tue,9,2
LIBR0031172012,02,Thu,3,2
PUBA0031152021,02,Wed,4,2
PUBA0031152021,02,Tue,12,2
CHIN0031142024,02,Tue,6,2
MUSI0031122030,02,Mon,8,2
CHIN0031142012,02,Wed,12,2
POLI0031152030,02,Wed,6,3
BIOL0031122025,02,Fri,9,2
CHEM0031162007,02,Wed,4,2
CHEM0031162007,02,Tue,4,1
CHIN0031132014,02,Fri,9,2
CHIN0031132014,02,Tue,11,2
CHIN0031132014,02,Wed,1,1
ECON0031122008,02,Thu,11,3
ENVI0031122029,02,Thu,12,2
ENVI0031122029,02,Tue,8,2
ENVI0031122029,02,Mon,12,2
ECON0031142003,02,Wed,10,1
PHIL0031122023,02,Wed,6,4
PHIL0031122023,02,Thu,12,2
AINT0031122006,02,Mon,6,2
PREE0031182032,02,Fri,6,3
MATH0031142011,02,Wed,3,2
CHIN0031152033,02,Mon,6,3
PSYC0031132015,02,Mon,8,1
CLAS0031142004,02,Fri,3,2
CLAS0031142004,02,Thu,6,1
STAT0031182004,02,Thu,8,2
DESN0031142022,02,Fri,6,2
DESN0031142022,02,Mon,6,2
MUSI0031132016,02,Fri,7,1
BIOL0031152018,02,Thu,1,2
PUBA0031112009,02,Tue,3,2
ARTS0031152028,02,Wed,6,2
HIST0031152013,02,Sat,12,2
CHIN0031152029,02,Mon,9,2
PHIL0031162006,02,Wed,8,3
COMS0031122031,02,Wed,7,1
HIST0031132028,02,Fri,3,2
GEOG0031112024,02,Tue,9,2
POLI0031162028,02,Mon,9,2
DESN0031162029,02,Thu,12,2
DESN0031162029,02,Mon,1,2
DESN0031162029,02,Fri,6,1
ECON0031132002,02,Tue,9,2
EDUC0031122021,02,Mon,3,2
ARTS0031172029,02,Mon,3,2
ARTS0031162015,02,Tue,3,3
CHIN0031122005,02,Tue,8,2
CHIN0031122005,02,Thu,13,1
CHIN0031132016,02,Tue,11,2
ARTS0031122030,02,Tue,3,3
COMS0031132012,02,Fri,9,2
CHEM0031132008,02,Fri,11,2
CHEM0031132008,02,Tue,3,1
COMS0031131013,02,Fri,11,3
ARTS0031182023,02,Thu,11,2
URBN0031182014,02,Mon,4,2
PSYC0031122023,02,Sat,1,3
PSYC0031122023,02,Thu,1,2
PHIL0031122025,02,Tue,3,1
MARX0031122010,02,Wed,12,2
PHIL0031142028,02,Mon,8,2
PHIL0031142028,02,Tue,5,1
CHEM0031142021,02,Sat,8,2
AINT0031162019,02,Tue,1,2
AINT0031162019,02,Wed,4,2
AINT0031162019,02,Mon,7,1
SPRT0031112006,02,Wed,8,3
SPRT0031142002,02,Mon,11,1
PUBA0031122001,02,Thu,11,3
PUBA0031122001,02,Tue,8,2
CLAS0031172020,02,Tue,6,2
CLAS0031172020,02,Wed,12,2
COMM0031122013,02,Tue,8,2
LANG0031152011,02,Tue,3,2
CLAS0031122016,02,Tue,1,3
ELEC0031152002,02,Mon,8,2
HIST0031112004,02,Fri,6,2
HIST0031112004,02,Thu,9,1
BIOL0031172010,02,Tue,11,2
MARX0031162007,02,Sun,11,2
MARX0031162007,02,Mon,6,2
PREE0031122016,02,Wed,4,2
PREE0031122016,02,Tue,12,2
PREE0031122016,02,Mon,6,1
COMS0031131052,02,Fri,11,2
COMS0031131052,02,Mon,1,1
ARTS0031112009,02,Tue,9,2
MARX0031172018,02,Wed,1,2
MARX0031172018,02,Mon,5,1
MARX0031112021,02,Tue,3,2
MARX0031112021,02,Sat,9,1
COMM0031182015,02,Mon,12,2
COMM0031182015,02,Thu,11,1
GEOG0031122008,02,Tue,3,4
GEOG0031122008,02,Wed,9,2
SOCI0031172015,02,Fri,1,1
PRIM0031182002,02,Tue,12,1
ELEC0031122014,02,Mon,12,2
URBN0031142027,02,Fri,1,2
PHYS0031182013,02,Fri,11,2
CHIN0031152002,02,Thu,6,2
CHIN0031152002,02,Tue,1,1
BIOL0031152001,02,Wed,12,2
COMM0031172014,02,Wed,12,2
ENVI0031112013,02,Tue,9,2
ENVI0031112013,02,Thu,9,1
DESN0031182025,02,Wed,12,2
DESN0031182025,02,Mon,4,2
MATH0031182009,02,Thu,11,2
BIOL0031152015,02,Wed,6,2
COMS0031172013,02,Wed,9,1
LAWS0031172004,02,Tue,6,2
LAWS0031172004,02,Mon,11,2
STAT0031132023,02,Fri,9,2
STAT0031132023,02,Thu,12,2
HIST0031122003,02,Thu,4,2
HIST0031122003,02,Sat,7,1
PHYS0031122003,02,Wed,3,2
PHYS0031122003,02,Mon,3,2
PHYS0031122003,02,Fri,11,1
HIST0031112024,02,Thu,4,2
HIST0031112024,02,Tue,7,1
PHYS0031112007,02,Tue,9,2
PHYS0031112007,02,Fri,11,2
PHYS0031112007,02,Mon,1,1
TEAC0031112024,02,Mon,8,2
PREE0031142008,02,Mon,3,2
PREE0031142008,02,Sun,12,1
SPED0031112008,02,Fri,6,2
SPED0031112008,02,Tue,8,2
TEAC0031182022,02,Mon,11,2
TEAC0031182022,02,Fri,12,1
PRIM0031112021,02,Wed,9,2
PRIM0031112021,02,Thu,2,1
MUSI0031122020,02,Thu,1,2
MUSI0031122020,02,Tue,4,2
EDUC0031122022,02,Fri,11,2
EDUC0031122022,02,Tue,8,1
SOFT0031162026,02,Fri,6,2
DATA0031152005,02,Thu,6,2
MARX0031152004,02,Mon,11,1
MARX0031142014,02,Wed,1,2
MARX0031142014,02,Mon,6,1
MARX0031112028,02,Thu,8,3
PUBA0031142020,02,Tue,4,2
PUBA0031142020,02,Fri,1,1
COMS0031131050,02,Tue,11,3
COMS0031131050,02,Fri,8,2
COMM0031152021,02,Thu,4,2
COMM0031152021,02,Wed,11,2
GEOG0031112023,02,Thu,12,2
GEOG0031112023,02,Tue,3,2
GEOG0031112023,02,Mon,3,1
DESN0031142026,02,Wed,8,3
DESN0031142026,02,Fri,9,2
PUBA0031162016,02,Wed,3,3
PUBA0031162016,02,Thu,11,2
PRIM0031132017,02,Mon,6,3
LIBR0031152013,02,Wed,9,1
URBN0031152016,02,Mon,3,2
URBN0031152016,02,Tue,3,2
EDUC0031142001,02,Tue,9,2
CHEM0031132024,02,Mon,4,2
CHEM0031132024,02,Sun,6,2
CHEM0031132024,02,Thu,1,1
ELEC0031162008,02,Sat,3,2
ELEC0031162008,02,Mon,9,1
HIST0031122031,02,Sat,3,2
HIST0031122031,02,Wed,9,2
PHIL0031172001,02,Thu,9,2
PHIL0031172001,02,Wed,12,2
LIBR0031172010,02,Tue,11,1
URBN0031142018,02,Tue,11,2
COMM0031112002,02,Thu,1,2
COMS0031122033,02,Mon,11,3
COMS0031122033,02,Thu,1,2
ELEC0031112005,02,Mon,12,2
ELEC0031112005,02,Thu,3,2
EDUC0031112005,02,Mon,6,2
EDUC0031112005,02,Wed,3,1
BIOL0031122012,02,Fri,9,2
BIOL0031122012,02,Tue,5,1
ELEC0031152019,02,Wed,8,2
ELEC0031152019,02,Mon,8,1
DATA0031172003,02,Mon,9,2
AINT0031152004,02,Fri,12,2
AINT0031152004,02,Mon,1,2
AINT0031152004,02,Wed,4,1
LAWS0031132031,02,Wed,12,1
SPED0031112012,02,Mon,8,2
SPED0031112012,02,Sun,11,1
LANG0031162002,02,Tue,3,3
PREE0031172020,02,Mon,12,2
EDUC0031132014,02,Fri,9,2
EDUC0031132014,02,Tue,4,2
LIBR0031142006,02,Tue,12,2
ARTS0031142022,02,Thu,6,2
ARTS0031142022,02,Tue,5,1
PRIM0031172014,02,Wed,1,2
HIST0031172029,02,Wed,3,2
PREE0031152026,02,Fri,12,1
BIOL0031122003,02,Wed,3,2
BIOL0031122003,02,Thu,1,2
PRIM0031122015,02,Tue,11,2
COMM0031122026,02,Sat,3,4
COMM0031122026,02,Mon,1,2
SPRT0031132008,02,Wed,6,2
SPRT0031132008,02,Thu,9,1
SPRT0031122018,02,Fri,6,1
PSYC0031122009,02,Mon,1,2
COMM0031112018,02,Fri,4,2
COMM0031112018,02,Tue,4,1
COMM0031162012,02,Wed,6,2
URBN0031152029,02,Tue,3,3
PUBA0031132017,02,Wed,8,2
PUBA0031132017,02,Fri,12,1
GEOG0031172009,02,Wed,9,2
GEOG0031172009,02,Sat,12,1
LAWS0031172025,02,Sat,9,2
COMS0031172009,02,Thu,4,2
COMS0031172009,02,Tue,4,1
MUSI0031122014,02,Tue,4,2
SOFT0031142020,02,Fri,8,1
COMS0031152025,02,Fri,12,2
PHYS0031132019,02,Mon,12,2
POLI0031142021,02,Mon,4,2
POLI0031142021,02,Tue,9,1
LAWS0031172016,02,Mon,8,2
LAWS0031172016,02,Wed,4,2
LAWS0031182021,02,Mon,11,3
STAT0031162022,02,Thu,3,2
LANG0031162014,02,Fri,12,2
LANG0031162014,02,Wed,11,2
COMS0031142008,02,Tue,12,2
AINT0031152007,02,Thu,4,2
BIOL0031122009,02,Fri,9,2
PSYC0031152010,02,Fri,12,2
URBN0031182023,02,Fri,3,2
URBN0031182023,02,Mon,11,1
GEOG0031162002,02,Wed,11,2
CHIN0031132010,02,Fri,3,3
HIST0031122030,02,Thu,3,3
HIST0031122030,02,Wed,6,2
TEAC0031182020,02,Fri,6,3
PREE0031152025,02,Thu,8,3
MATH0031122022,02,Thu,6,2
CLAS0031132006,02,Wed,11,3
DESN0031132030,02,Sun,6,3
URBN0031172020,02,Tue,6,3
BIOL0031112004,03,Tue,8,2
BIOL0031112004,03,Fri,1,2
DESN0031142006,03,Wed,6,2
DESN0031142006,03,Mon,11,1
EDUC0031182003,03,Thu,3,3
GEOG0031112020,03,Mon,8,2
GEOG0031112020,03,Tue,8,2
ARTS0031142014,03,Thu,1,1
PUBA0031112018,03,Thu,8,2
PUBA0031112018,03,Fri,3,2
PUBA0031112018,03,Wed,3,1
ELEC0031122001,03,Thu,9,2
ELEC0031122001,03,Wed,7,1
STAT0031132003,03,Sat,5,1
COMS0031161001,03,Fri,6,2
PHIL0031142024,03,Tue,4,2
PRIM0031152006,03,Wed,3,2
PRIM0031152006,03,Thu,1,1
CLAS0031122015,03,Thu,7,1
LAWS0031122023,03,Tue,12,2
CHEM0031152012,03,Wed,3,2
CLAS0031172011,03,Thu,13,1
HIST0031122002,03,Wed,12,2
COMS0031172029,03,Tue,8,2
HIST0031112011,03,Wed,6,3
SOFT0031112018,03,Mon,10,1
BIOL0031152008,03,Mon,9,2
BIOL0031152008,03,Thu,8,1
BIOL0031172031,03,Fri,1,3
SOCI0031182027,03,Tue,9,2
SOCI0031182027,03,Sun,5,1
AINT0031152021,03,Fri,4,2
CHIN0031122011,03,Fri,3,2
CHIN0031122011,03,Mon,1,2
PUBA0031132006,03,Sat,1,3
PUBA0031132006,03,Thu,4,2
ENVI0031122018,03,Wed,3,2
PHIL0031122022,03,Sat,11,2
PHIL0031122022,03,Fri,5,1
SOFT0031122011,03,Thu,4,1
POLI0031122016,03,Mon,1,2
CLAS0031142021,03,Mon,4,2
CLAS0031142021,03,Tue,3,2
CLAS0031142021,03,Fri,10,1
ELEC0031182011,03,Tue,11,3
ELEC0031182011,03,Mon,3,2
DATA0031162014,03,Mon,9,2
DATA0031162014,03,Fri,5,1
COMS0031131019,03,Tue,4,2
COMS0031131019,03,Wed,8,2
COMS0031131019,03,Mon,8,1
PSYC0031132024,03,Tue,9,2
PSYC0031132024,03,Wed,12,2
DATA0031112019,03,Wed,8,3
DATA0031112019,03,Tue,1,2
DESN0031182005,03,Tue,12,2
PREE0031122023,03,Wed,1,2
PRIM0031182019,03,Mon,8,2
PRIM0031182019,03,Fri,11,2
CHEM0031182009,03,Thu,5,1
GEOG0031112017,03,Tue,3,2
GEOG0031112017,03,Fri,3,2
LAWS0031182020,03,Mon,3,2
LAWS0031182020,03,Fri,11,2
LAWS0031182020,03,Thu,6,1
DATA0031122009,03,Thu,6,3
DATA0031122009,03,Fri,9,2
BIOL0031162019,03,Tue,11,2
MARX0031152023,03,Thu,9,2
MARX0031152023,03,Sun,5,1
POLI0031152003,03,Sun,3,2
POLI0031152003,03,Mon,12,2
PHIL0031182014,03,Tue,11,2
PHIL0031182014,03,Sun,4,2
ENVI0031122001,03,Mon,3,3
ENVI0031122001,03,Tue,1,2
ARTS0031172006,03,Sat,1,2
ARTS0031172006,03,Wed,3,1
COMM0031142003,03,Mon,4,2
COMM0031142003,03,Thu,5,1
ENVI0031182004,03,Tue,1,2
ECON0031182005,03,Tue,6,2
MARX0031122008,03,Fri,8,3
MARX0031122008,03,Mon,1,2
MARX0031182022,03,Thu,12,2
POLI0031132029,03,Mon,3,2
POLI0031132029,03,Fri,1,1
COMS0031112015,03,Fri,12,2
CHIN0031132034,03,Mon,1,1
MATH0031122021,03,Tue,9,2
MATH0031122021,03,Mon,9,2
PREE0031112013,03,Mon,3,2
MUSI0031122012,03,Fri,3,2
MUSI0031122012,03,Sat,1,2
COMS0031121015,03,Tue,11,3
COMS0031121015,03,Mon,11,2
PRIM0031112013,03,Thu,6,2
PRIM0031112013,03,Wed,3,1
COMS0031131037,03,Wed,11,2
COMS0031131037,03,Fri,3,2
SOFT0031132003,03,Mon,11,2
SOFT0031132003,03,Wed,13,1
MARX0031132030,03,Fri,12,2
SPED0031182020,03,Wed,9,2
SPED0031182020,03,Mon,2,1
MATH0031162013,03,Thu,3,2
URBN0031112024,03,Wed,3,3
LAWS0031172026,03,Mon,3,1
URBN0031162026,03,Tue,3,3
STAT0031132016,03,Fri,1,3
CHIN0031122015,03,Wed,6,2
CHIN0031122015,03,Fri,4,2
HIST0031142021,03,Tue,3,3
CHIN0031112021,03,Fri,3,2
CHIN0031112021,03,Mon,2,1
LANG0031112010,03,Mon,6,2
LANG0031112010,03,Tue,11,2
PREE0031152014,03,Tue,11,2
PREE0031152014,03,Fri,9,2
CHIN0031122019,03,Mon,9,2
MARX0031112025,03,Thu,6,2
MARX0031112025,03,Tue,4,2
LIBR0031122001,03,Fri,11,2
PREE0031112019,03,Fri,6,2
PREE0031112019,03,Mon,12,2
ENVI0031112026,03,Fri,1,2
ENVI0031112026,03,Tue,11,2
ENVI0031112026,03,Thu,11,1
PUBA0031132014,03,Wed,3,2
PUBA0031132014,03,Tue,8,2
MATH0031112014,03,Mon,8,2
MATH0031112014,03,Thu,5,1
DATA0031152008,03,Fri,4,2
PUBA0031122023,03,Sun,11,3
PUBA0031122023,03,Thu,4,2
TEAC0031142011,03,Fri,3,2
TEAC0031142011,03,Wed,11,2
CHIN0031122036,03,Fri,3,3
PSYC0031132014,03,Thu,12,2
PRIM0031142022,03,Tue,10,1
URBN0031132017,03,Tue,5,1
SOFT0031142016,03,Fri,8,2
SOFT0031142016,03,Sun,5,1
ARTS0031122007,03,Mon,1,3
AINT0031112013,03,Fri,4,2
ARTS0031152010,03,Thu,12,2
ARTS0031152010,03,Mon,3,1
SPED0031152010,03,Fri,1,2
SPED0031152010,03,Wed,1,1
LAWS0031122012,03,Fri,12,2
LAWS0031122012,03,Wed,8,1
STAT0031112025,03,Wed,1,3
PUBA0031172008,03,Tue,6,3
PUBA0031172008,03,Thu,6,2
AINT0031112020,03,Thu,12,2
AINT0031112020,03,Tue,11,2
AINT0031112020,03,Wed,8,1
PUBA0031112003,03,Tue,11,3
COMS0031112018,03,Tue,3,2
SPRT0031122019,03,Mon,8,2
SOFT0031122012,03,Tue,12,1
COMM0031132009,03,Thu,13,1
SOCI0031162023,03,Wed,1,2
SOCI0031162023,03,Thu,3,2
AINT0031112016,03,Thu,8,2
AINT0031112016,03,Wed,4,2
PUBA0031122019,03,Thu,8,3
LANG0031142008,03,Thu,6,2
LANG0031142008,03,Tue,2,1
COMS0031131042,03,Fri,11,3
PREE0031152002,03,Thu,9,2
GEOG0031132018,03,Sat,8,2
GEOG0031132018,03,Fri,9,2
PHIL0031152007,03,Tue,1,2
PHIL0031152007,03,Wed,6,1
SPED0031112022,03,Fri,6,4
SPED0031112022,03,Thu,4,2
CHIN0031142037,03,Mon,4,1
CHEM0031112014,03,Fri,12,2
CHEM0031112014,03,Tue,5,1
EDUC0031112006,03,Tue,11,2
EDUC0031112006,03,Fri,11,2
DESN0031132033,03,Thu,11,2
LANG0031152022,03,Wed,1,2
LANG0031152022,03,Sat,1,2
TEAC0031172023,03,Sat,1,2
EDUC0031182017,03,Thu,4,2
CLAS0031152019,03,Mon,2,1
PSYC0031132007,03,Tue,3,3
COMM0031112016,03,Tue,8,3
PHYS0031112022,03,Mon,6,4
PHYS0031112022,03,Thu,11,2
PREE0031112003,03,Fri,1,2
PREE0031112003,03,Thu,4,2
STAT0031182006,03,Tue,3,2
STAT0031182006,03,Wed,4,2
MATH0031182001,03,Thu,11,2
LAWS0031142027,03,Tue,4,2
SPRT0031142017,03,Tue,4,2
SPRT0031142017,03,Thu,11,1
PREE0031152010,03,Fri,11,2
PREE0031152010,03,Wed,2,1
CHIN0031142017,03,Thu,4,2
CHIN0031142017,03,Mon,9,1
LIBR0031152008,03,Thu,1,3
PHIL0031112004,03,Mon,12,2
PHIL0031112004,03,Tue,9,2
LANG0031122001,03,Fri,4,2
LANG0031122001,03,Sun,9,2
LANG0031122001,03,Wed,9,1
PHYS0031182002,03,Mon,6,2
ECON0031122007,03,Mon,6,2
ECON0031122007,03,Wed,8,2
CHIN0031172022,03,Wed,8,2
LIBR0031112009,03,Mon,6,3
LIBR0031112009,03,Fri,1,2
MARX0031152032,03,Thu,12,2
COMS0031131990,03,Fri,6,2
COMS0031131990,03,Tue,4,2
COMS0031131990,03,Wed,5,1
PHYS0031122023,03,Tue,4,2
PHYS0031122023,03,Sat,2,1
PHYS0031172010,03,Thu,8,2
CHIN0031142018,03,Tue,1,2
CHIN0031142018,03,Wed,12,2
SPRT0031172010,03,Tue,8,2
SPRT0031172010,03,Sat,9,1
DATA0031182010,03,Wed,9,2
DATA0031182010,03,Mon,4,2
AINT0031112009,03,Wed,11,2
DATA0031132012,03,Wed,3,2
MATH0031122008,03,Thu,9,2
MATH0031122008,03,Tue,2,1
AINT0031132010,03,Thu,6,2
AINT0031132010,03,Wed,4,2
LAWS0031142029,03,Tue,6,3
LAWS0031142029,03,Fri,4,2
URBN0031112012,03,Tue,6,3
URBN0031112012,03,Thu,8,2
SOFT0031182019,03,Sun,12,1
ENVI0031162019,03,Wed,9,2
LAWS0031172013,03,Fri,9,2
LAWS0031172013,03,Mon,12,2
SPED0031122023,03,Mon,6,2
COMS0031162003,03,Tue,12,2
COMS0031162003,03,Wed,8,2
POLI0031112025,03,Tue,12,2
POLI0031112025,03,Sat,4,2
BIOL0031172016,03,Tue,12,2
PHIL0031162009,03,Tue,11,2
PHIL0031162009,03,Mon,7,1
SPRT0031142004,03,Thu,1,2
LAWS0031112018,03,Tue,1,2
LAWS0031112018,03,Wed,12,2
LAWS0031112018,03,Sat,9,1
BIOL0031162002,03,Fri,6,3
BIOL0031162002,03,Tue,1,2
SOFT0031152005,03,Tue,9,2
COMS0031182011,03,Wed,5,1
COMS0031112004,03,Thu,8,2
COMS0031112004,03,Wed,9,1
AINT0031162002,03,Fri,9,2
AINT0031162002,03,Thu,2,1
MARX0031172029,03,Fri,3,2
MARX0031172029,03,Wed,5,1
COMS0031131026,03,Thu,8,2
SPRT0031162023,03,Sun,6,2
SPRT0031162023,03,Wed,11,1
LANG0031152006,03,Thu,1,3
MUSI0031172010,03,Fri,8,2
MUSI0031172010,03,Tue,3,2
CLAS0031142007,03,Thu,11,2
PSYC0031172002,03,Wed,1,3
PHIL0031112013,03,Wed,11,2
MARX0031142012,03,Thu,12,1
PHIL0031152019,03,Mon,8,2
PREE0031132021,03,Tue,5,1
AINT0031182012,03,Thu,9,2
AINT0031182012,03,Mon,9,2
DATA0031142013,03,Mon,3,2
DATA0031142013,03,Tue,11,2
POLI0031152019,03,Tue,1,2
POLI0031152019,03,Thu,6,2
SPED0031122002,03,Fri,6,2
MATH0031142023,03,Tue,1,2
MATH0031142023,03,Thu,9,1
ENVI0031112010,03,Thu,11,3
ENVI0031112010,03,Tue,12,2
TEAC0031122016,03,Tue,3,3
CHIN0031152027,03,Fri,1,2
HIST0031172026,03,Thu,6,2
HIST0031172026,03,Fri,4,1
COMS0031121004,03,Thu,6,3
LIBR0031182020,03,Thu,3,2
LIBR0031182020,03,Mon,1,2
LIBR0031182020,03,Tue,13,1
CLAS0031112026,03,Sun,2,1
COMS0031152007,03,Tue,4,2
GEOG0031112003,03,Wed,8,3
GEOG0031112003,03,Mon,9,2
ENVI0031122008,03,Tue,8,3
ENVI0031122008,03,Thu,8,2
PUBA0031162013,03,Tue,9,2
ELEC0031182006,03,Mon,12,2
ECON0031132010,03,Fri,11,3
CHEM0031132018,03,Tue,9,2
CHEM0031132018,03,Wed,10,1
DESN0031162014,03,Wed,9,2
DESN0031162014,03,Mon,3,2
COMS0031131043,03,Wed,4,2
STAT0031112001,03,Tue,11,2
STAT0031112001,03,Wed,12,2
TEAC0031132005,03,Fri,3,2
GEOG0031152004,03,Mon,12,2
PREE0031122005,03,Fri,12,1
TEAC0031122013,03,Mon,11,2
TEAC0031122013,03,Wed,9,1
PUBA0031162011,03,Tue,3,2
PHIL0031142003,03,Fri,1,2
PHIL0031142003,03,Tue,11,2
PREE0031172012,03,Mon,6,2
TEAC0031142014,03,Mon,4,2
TEAC0031142014,03,Sun,6,1
CHEM0031132006,03,Tue,9,2
CHEM0031132006,03,Wed,1,1
MATH0031132005,03,Sun,11,3
DATA0031122002,03,Fri,12,2
DATA0031122002,03,Mon,6,2
DATA0031122002,03,Sat,3,2
LANG0031182013,03,Mon,9,2
CHIN0031132009,03,Thu,11,2
CHIN0031132009,03,Wed,4,1
PUBA0031112012,03,Wed,11,3
PUBA0031112012,03,Tue,8,2
COMS0031122017,03,Wed,12,2
COMS0031122017,03,Thu,10,1
MATH0031112012,03,Fri,1,2
MATH0031112012,03,Tue,5,1
STAT0031112019,03,Thu,6,2
STAT0031112019,03,Fri,9,1
BIOL0031142024,03,Thu,3,3
MUSI0031132024,03,Wed,6,2
MUSI0031132024,03,Tue,13,1
PHYS0031142018,03,Mon,3,2
PHYS0031142018,03,Tue,6,2
SPED0031182025,03,Tue,6,2
SPED0031182025,03,Mon,11,1
TEAC0031122003,03,Wed,8,2
TEAC0031122003,03,Tue,4,2
TEAC0031122003,03,Thu,3,2
ENVI0031142011,03,Sat,8,2
MUSI0031172031,03,Tue,3,2
SOCI0031132011,03,Mon,6,1
MUSI0031112015,03,Mon,6,2
MUSI0031112015,03,Fri,12,2
MARX0031112005,03,Wed,6,2
MARX0031112005,03,Fri,9,2
COMS0031132032,03,Thu,12,2
COMS0031132032,03,Mon,9,1
URBN0031182004,03,Fri,2,1
URBN0031142008,03,Mon,6,2
URBN0031142008,03,Thu,3,2
URBN0031142008,03,Sun,11,1
PSYC0031132005,03,Thu,1,3
PSYC0031132005,03,Tue,6,2
PHIL0031112010,03,Wed,12,2
ARTS0031142019,03,Fri,12,2
SOCI0031112029,03,Thu,8,2
SOCI0031112029,03,Fri,8,1
COMS0031131053,03,Mon,3,3
ENVI0031112014,03,Mon,7,1
ECON0031132001,03,Tue,3,2
SOCI0031172021,03,Tue,1,3
SOCI0031112002,03,Thu,6,3
HIST0031132032,03,Mon,3,2
HIST0031132032,03,Tue,3,2
SPED0031182024,03,Thu,11,2
SPED0031182024,03,Tue,11,2
SPED0031182024,03,Mon,9,1
PRIM0031152011,03,Sun,11,2
PRIM0031152011,03,Thu,9,1
PREE0031152011,03,Wed,9,2
PREE0031152011,03,Mon,1,1
MARX0031122006,03,Wed,6,2
MARX0031122006,03,Mon,11,2
ELEC0031122013,03,Thu,3,2
COMS0031121009,03,Thu,6,2
COMS0031121009,03,Fri,4,2
PHIL0031172027,03,Tue,12,2
PRIM0031142010,03,Thu,11,2
PRIM0031142010,03,Sat,3,2
PRIM0031142010,03,Wed,11,1
GEOG0031142007,03,Sat,8,3
HIST0031112022,03,Tue,9,2
COMM0031122030,03,Thu,3,2
MUSI0031152018,03,Fri,6,2
ECON0031112013,03,Mon,8,1
MUSI0031142032,03,Wed,4,2
MUSI0031142032,03,Thu,4,1
SPRT0031162013,03,Sat,12,1
SOCI0031132001,03,Tue,11,2
STAT0031132015,03,Mon,8,3
STAT0031132015,03,Fri,3,2
PSYC0031132020,03,Fri,8,2
PSYC0031132020,03,Wed,13,1
ARTS0031122021,03,Fri,6,3
ARTS0031122021,03,Thu,11,2
ENVI0031112032,03,Wed,8,3
TEAC0031112010,03,Thu,4,2
ARTS0031182027,03,Wed,6,2
LAWS0031112003,03,Tue,8,2
LAWS0031112003,03,Fri,11,1
SOCI0031122025,03,Thu,6,3
POLI0031182009,03,Thu,12,1
PUBA0031122015,03,Thu,1,2
PREE0031172018,03,Sat,6,2
PREE0031172018,03,Wed,9,2
CLAS0031152008,03,Fri,6,3
LAWS0031182001,03,Wed,8,2
COMS0031121013,03,Sat,3,4
COMS0031121013,03,Thu,8,2
PREE0031152009,03,Thu,3,2
BIOL0031122029,03,Wed,11,2
BIOL0031122029,03,Fri,6,2
DESN0031162021,03,Tue,2,1
COMS0031152002,03,Mon,11,2
COMS0031152002,03,Tue,5,1
DESN0031182012,03,Wed,3,2
DESN0031182012,03,Mon,9,1
POLI0031112026,03,Thu,8,2
DESN0031152017,03,Mon,3,2
PHIL0031142018,03,Thu,12,2
PHIL0031142018,03,Tue,4,2
CLAS0031172014,03,Wed,11,3
PRIM0031172012,03,Wed,3,3
AINT0031142005,03,Mon,8,2
AINT0031142005,03,Thu,7,1
DATA0031122001,03,Fri,3,2
COMM0031182005,03,Wed,11,2
SOCI0031152010,03,Sat,4,2
SOCI0031152010,03,Wed,10,1
GEOG0031132014,03,Wed,6,3
URBN0031142009,03,Mon,4,2
SOFT0031142009,03,Tue,1,2
POLI0031152007,03,Wed,6,2
POLI0031152007,03,Sat,9,2
SOFT0031112024,03,Thu,8,2
EDUC0031172016,03,Mon,11,2
EDUC0031172016,03,Wed,9,1
ARTS0031182018,03,Thu,6,1
URBN0031122022,03,Mon,8,3
URBN0031122022,03,Fri,9,2
SOCI0031182030,03,Fri,9,2
SOCI0031182030,03,Wed,6,2
HIST0031142020,03,Thu,11,1
MUSI0031182022,03,Wed,6,3
MUSI0031122021,03,Tue,1,2
MUSI0031122021,03,Fri,8,2
MUSI0031122021,03,Wed,3,1
SPRT0031112022,03,Thu,3,3
EDUC0031172013,03,Thu,8,2
EDUC0031172013,03,Fri,8,2
PHYS0031122009,03,Wed,3,2
PHYS0031122009,03,Tue,4,1
CLAS0031182013,03,Wed,2,1
EDUC0031132018,03,Thu,8,2
EDUC0031132018,03,Mon,4,2
POLI0031112015,03,Wed,6,3
POLI0031112015,03,Thu,6,2
BIOL0031182011,03,Tue,4,2
CHEM0031142011,03,Wed,3,2
CHEM0031142011,03,Mon,12,2
COMM0031152022,03,Sat,3,3
ECON0031122004,03,Tue,12,2
ECON0031122004,03,Mon,4,1
LANG0031142017,03,Wed,8,2
LANG0031142017,03,Thu,8,1
COMM0031132020,03,Tue,6,2
COMM0031132020,03,Fri,3,1
PHYS0031132001,03,Mon,3,2
PHYS0031132001,03,Tue,11,2
STAT0031162024,03,Tue,9,2
STAT0031162024,03,Thu,3,2
CLAS0031152012,03,Wed,12,2
CLAS0031152012,03,Thu,8,1
COMS0031112020,03,Fri,12,2
PRIM0031172023,03,Mon,10,1
HIST0031112009,03,Thu,1,3
PHYS0031152021,03,Tue,3,2
DATA0031142004,03,Sat,6,2
POLI0031132005,03,Wed,11,2
POLI0031132005,03,Thu,12,2
POLI0031132005,03,Tue,11,1
SPRT0031172015,03,Tue,4,2
SPRT0031172015,03,Fri,4,2
SOCI0031142031,03,Tue,11,2
PUBA0031112022,03,Thu,6,3
COMM0031112023,03,Tue,4,2
COMM0031112023,03,Mon,1,1
CLAS0031152009,03,Thu,4,2
CLAS0031152009,03,Mon,9,2
ELEC0031122003,03,Mon,4,2
ELEC0031122003,03,Wed,9,2
COMM0031122001,03,Mon,3,2
ARTS0031152011,03,Wed,11,2
ARTS0031152011,03,Tue,9,2
ARTS0031152011,03,Sun,1,1
COMM0031122028,03,Tue,1,3
COMM0031122028,03,Thu,4,2
BIOL0031162020,03,Thu,9,2
SOFT0031172008,03,Tue,4,1
MARX0031162017,03,Thu,8,2
PSYC0031182004,03,Tue,4,2
PSYC0031182004,03,Fri,4,2
PRIM0031112005,03,Mon,11,2
STAT0031142013,03,Wed,4,2
STAT0031142013,03,Thu,1,1
CHIN0031182004,03,Tue,8,3
PRIM0031112003,03,Wed,12,1
STAT0031121004,03,Wed,1,2
STAT0031121004,03,Fri,1,2
POLI0031152020,03,Sat,8,3
HIST0031162010,03,Fri,11,2
HIST0031162010,03,Thu,9,1
ELEC0031182016,03,Mon,8,2
HIST0031122017,03,Thu,11,2
MARX0031132011,03,Fri,9,2
COMS0031182027,03,Wed,4,2
LANG0031172018,03,Thu,11,2
CLAS0031142010,03,Tue,6,3
ENVI0031172024,03,Sun,1,3
MUSI0031172006,03,Tue,8,2
MUSI0031172006,03,Wed,12,2
DATA0031112017,03,Fri,9,2
DATA0031112017,03,Sat,11,2
CHEM0031152030,03,Mon,3,2
SPED0031182006,03,Tue,11,3
LAWS0031112007,03,Thu,4,2
LAWS0031112007,03,Mon,1,2
LAWS0031112007,03,Sat,6,1
SOCI0031142004,03,Thu,3,2
CHEM0031152028,03,Wed,12,2
BIOL0031142007,03,Mon,8,2
BIOL0031142007,03,Fri,11,2
STAT0031112010,03,Wed,8,2
STAT0031112010,03,Tue,8,2
ARTS0031152025,03,Thu,3,2
ARTS0031152025,03,Mon,11,2
CHEM0031132013,03,Wed,12,2
PHYS0031112004,03,Tue,6,2
PHYS0031112004,03,Fri,3,2
COMM0031122024,03,Mon,12,2
COMM0031122024,03,Wed,1,1
MUSI0031172003,03,Tue,4,2
COMS0031142023,03,Wed,8,3
COMS0031142023,03,Mon,9,2
SPRT0031122011,03,Tue,1,2
SPRT0031122003,03,Wed,9,2
LAWS0031152011,03,Wed,12,2
LAWS0031152011,03,Fri,8,1
PREE0031112017,03,Fri,6,2
PREE0031112017,03,Sat,1,1
STAT0031172009,03,Wed,8,2
LANG0031112021,03,Tue,6,2
LANG0031112021,03,Fri,6,1
ENVI0031132006,03,Thu,6,2
COMS0031121014,03,Fri,3,3
COMS0031121014,03,Thu,1,2
CHEM0031172031,03,Wed,4,2
SOFT0031122006,03,Mon,3,2
SOFT0031122006,03,Fri,12,1
MUSI0031162007,03,Mon,4,2
MUSI0031162007,03,Fri,2,1
EDUC0031142012,03,Mon,8,3
LAWS0031122008,03,Thu,12,2
LAWS0031122008,03,Mon,11,2
LAWS0031122008,03,Wed,2,1
AINT0031132015,03,Tue,6,2
CHIN0031162008,03,Mon,13,1
PREE0031122030,03,Thu,11,2
PHIL0031172008,03,Wed,9,2
PHYS0031152012,03,Fri,12,2
PHYS0031152012,03,Mon,8,2
SPED0031142011,03,Fri,8,2
SPED0031142011,03,Wed,12,2
SOFT0031122015,03,Wed,3,2
CHEM0031152010,03,Fri,11,3
CHEM0031152027,03,Sat,9,2
PSYC0031142003,03,Wed,12,2
CHEM0031162025,03,Mon,11,2
CHEM0031162025,03,Fri,2,1
MARX0031152003,03,Mon,1,2
MARX0031152003,03,Thu,8,1
COMS0031132022,03,Tue,8,2
SOCI0031122005,03,Thu,8,2
CHIN0031122028,03,Tue,11,2
LANG0031172020,03,Wed,3,2
DESN0031122010,03,Mon,1,2
DESN0031122010,03,Thu,2,1
ARTS0031122016,03,Tue,8,3
ARTS0031122016,03,Thu,9,2
MATH0031152007,03,Wed,1,2
COMS0031131049,03,Thu,8,2
COMS0031131049,03,Tue,12,1
POLI0031182014,03,Fri,11,2
DESN0031112016,03,Wed,4,2
LAWS0031142024,03,Thu,6,2
GEOG0031132016,03,Sat,11,2
LIBR0031172018,03,Fri,1,2
LIBR0031172018,03,Thu,11,2
PHYS0031172024,03,Fri,11,2
COMS0031131051,03,Mon,3,2
COMS0031131051,03,Fri,9,2
TEAC0031122007,03,Tue,9,2
TEAC0031122007,03,Wed,12,1
PHIL0031172020,03,Thu,9,2
LANG0031112004,03,Tue,3,2
LANG0031112004,03,Mon,3,2
URBN0031142021,03,Wed,4,2
URBN0031142021,03,Thu,2,1
LIBR0031152015,03,Mon,1,2
LIBR0031152015,03,Wed,9,1
MARX0031172019,03,Fri,8,2
MARX0031172019,03,Mon,9,2
COMS0031142006,03,Fri,1,2
COMS0031142006,03,Tue,6,2
ARTS0031112013,03,Tue,12,2
ENVI0031172022,03,Tue,11,3
MUSI0031182026,03,Sat,4,2
MUSI0031182026,03,Fri,12,1
PREE0031162015,03,Wed,1,3
PREE0031162015,03,Fri,8,2
PRIM0031112001,03,Wed,9,2
SOFT0031142021,03,Wed,6,2
SOFT0031142021,03,Thu,6,1
GEOG0031112012,03,Fri,11,3
GEOG0031112012,03,Tue,8,2
LANG0031122016,03,Sun,6,2
LANG0031122016,03,Mon,9,1
DATA0031112016,03,Fri,12,2
SOFT0031182025,03,Thu,4,1
SPRT0031132021,03,Mon,9,2
SPED0031112007,03,Thu,11,2
CHIN0031152001,03,Fri,3,2
CHIN0031152001,03,Mon,3,2
SOCI0031132020,03,Sat,1,2
SOCI0031132020,03,Wed,8,1
HIST0031172014,03,Tue,8,3
GEOG0031122015,03,Thu,12,2
GEOG0031122015,03,Mon,9,2
COMS0031112028,03,Wed,4,2
COMS0031112028,03,Fri,8,2
ARTS0031162020,03,Wed,11,2
ARTS0031162020,03,Mon,1,1
MUSI0031152019,03,Tue,1,3
SPED0031122009,03,Wed,3,2
SPED0031122009,03,Thu,4,2
DESN0031152001,03,Mon,11,2
DESN0031152001,03,Wed,11,2
ENVI0031112025,03,Tue,6,2
POLI0031142008,03,Wed,1,2
POLI0031142008,03,Thu,5,1
DESN0031172015,03,Thu,8,3
TEAC0031122008,03,Wed,4,1
PRIM0031112018,03,Thu,6,3
PRIM0031112018,03,Fri,12,2
CHIN0031112006,03,Thu,8,2
CHIN0031112006,03,Wed,8,1
TEAC0031172012,03,Fri,6,2
TEAC0031172012,03,Wed,3,1
URBN0031152003,03,Mon,9,2
URBN0031152003,03,Fri,3,1
POLI0031162027,03,Fri,12,2
POLI0031162027,03,Mon,12,2
MUSI0031122013,03,Wed,9,2
POLI0031142018,03,Thu,3,2
URBN0031182030,03,Thu,12,2
STAT0031162002,03,Wed,3,2
BIOL0031172026,03,Tue,9,2
ARTS0031122005,03,Tue,1,2
ARTS0031122005,03,Mon,6,2
ENVI0031112021,03,Thu,8,2
HIST0031122019,03,Sat,3,3
COMS0031131032,03,Fri,3,2
COMS0031131032,03,Sun,9,1
DESN0031112008,03,Tue,3,3
POLI0031122010,03,Wed,8,3
POLI0031122010,03,Thu,12,2
LANG0031122019,03,Thu,4,2
DESN0031172009,03,Thu,9,2
LAWS0031142010,03,Wed,3,2
ELEC0031122018,03,Tue,8,3
ELEC0031122018,03,Mon,6,2
DESN0031132027,03,Mon,8,2
SPED0031122016,03,Fri,8,2
SPED0031122016,03,Wed,8,2
STAT0031122020,03,Mon,6,2
ENVI0031142012,03,Tue,12,2
ENVI0031142012,03,Mon,5,1
TEAC0031182021,03,Wed,4,2
TEAC0031182021,03,Thu,1,2
TEAC0031182021,03,Tue,7,1
MATH0031112019,03,Wed,3,2
PRIM0031132004,03,Mon,4,2
PRIM0031132004,03,Thu,6,1
PRIM0031132024,03,Tue,13,1
GEOG0031152005,03,Wed,11,3
POLI0031132002,03,Tue,1,1
CHEM0031122003,03,Mon,1,2
CHEM0031122003,03,Tue,3,2
COMM0031142017,03,Tue,12,2
COMM0031142017,03,Wed,11,1
URBN0031142010,03,Tue,4,2
URBN0031142010,03,Mon,12,2
BIOL0031112006,03,Wed,2,1
BIOL0031182005,03,Wed,11,2
BIOL0031182005,03,Thu,3,1
MUSI0031112004,03,Wed,11,3
SOFT0031112004,03,Thu,12,2
SOFT0031112004,03,Tue,9,1
CHEM0031112004,03,Wed,8,3
TEAC0031122004,03,Wed,1,3
TEAC0031122004,03,Thu,11,2
PSYC0031122013,03,Thu,11,3
PSYC0031122013,03,Wed,8,2
LIBR0031162014,03,Thu,6,2
LIBR0031162014,03,Mon,3,1
PHYS0031132015,03,Wed,11,2
EDUC0031112002,03,Sat,1,4
EDUC0031112002,03,Mon,11,2
COMS0031161000,03,Thu,3,3
COMS0031161000,03,Sat,9,2
ECON0031152011,03,Fri,4,2
COMM0031152027,03,Tue,11,2
DATA0031142011,03,Thu,8,2
DATA0031142011,03,Wed,3,1
CLAS0031132017,03,Thu,1,2
CLAS0031132017,03,Wed,8,1
STAT0031112017,03,Thu,8,2
STAT0031112017,03,Fri,13,1
SOFT0031132017,03,Tue,6,2
SOFT0031132017,03,Wed,2,1
SPED0031132004,03,Sat,12,2
SPED0031132004,03,Wed,8,2
PHYS0031122008,03,Tue,3,2
PHYS0031122008,03,Wed,11,2
MUSI0031142011,03,Tue,3,2
STAT0031112018,03,Tue,1,2
STAT0031112018,03,Thu,1,2
LIBR0031172012,03,Thu,8,3
LIBR0031172012,03,Tue,8,2
PUBA0031152021,03,Thu,3,2
PUBA0031152021,03,Tue,6,2
CHIN0031142024,03,Wed,9,2
MUSI0031122030,03,Fri,1,2
CHIN0031142012,03,Tue,1,2
POLI0031152030,03,Mon,12,2
POLI0031152030,03,Thu,8,2
CHIN0031132014,03,Wed,1,3
CHIN0031132014,03,Fri,6,2
ECON0031122008,03,Thu,3,2
ECON0031122008,03,Wed,12,1
ENVI0031122029,03,Wed,6,3
ENVI0031122029,03,Thu,1,2
PHIL0031122023,03,Sun,10,4
PHIL0031122023,03,Thu,6,2
AINT0031122006,03,Fri,1,2
PREE0031182032,03,Thu,1,2
PREE0031182032,03,Tue,3,2
MATH0031142011,03,Thu,8,2
PSYC0031132015,03,Thu,3,2
CLAS0031142004,03,Fri,8,2
STAT0031182004,03,Wed,12,2
DESN0031142022,03,Fri,4,2
DESN0031142022,03,Mon,4,2
BIOL0031152018,03,Thu,6,2
PUBA0031112009,03,Mon,6,2
HIST0031152013,03,Wed,6,2
HIST0031152013,03,Thu,6,1
HIST0031132028,03,Fri,6,2
HIST0031132028,03,Thu,13,1
GEOG0031112024,03,Thu,3,2
GEOG0031112024,03,Wed,10,1
POLI0031162028,03,Thu,3,2
DESN0031162029,03,Thu,6,2
DESN0031162029,03,Tue,11,2
ECON0031132002,03,Wed,8,2
ARTS0031172029,03,Thu,8,2
ARTS0031162015,03,Thu,1,2
ARTS0031162015,03,Wed,9,1
CHIN0031122005,03,Mon,8,2
CHIN0031122005,03,Wed,4,1
ARTS0031122030,03,Wed,3,3
COMS0031132012,03,Mon,9,2
CHEM0031132008,03,Tue,11,3
COMS0031131013,03,Mon,11,2
COMS0031131013,03,Thu,3,2
PSYC0031122023,03,Wed,3,4
PSYC0031122023,03,Tue,12,2
PHIL0031122025,03,Wed,1,2
PHIL0031142028,03,Thu,3,2
AINT0031162019,03,Thu,1,3
AINT0031162019,03,Mon,12,2
SPRT0031112006,03,Mon,8,3
PUBA0031122001,03,Wed,9,2
PUBA0031122001,03,Fri,4,2
PUBA0031122001,03,Thu,2,1
CLAS0031172020,03,Mon,6,2
CLAS0031172020,03,Tue,1,2
COMM0031122013,03,Thu,4,1
LANG0031152011,03,Tue,3,1
CLAS0031122016,03,Wed,3,3
HIST0031112004,03,Tue,8,2
MARX0031162007,03,Mon,1,2
MARX0031162007,03,Fri,4,1
PREE0031122016,03,Tue,4,2
PREE0031122016,03,Sat,9,2
PREE0031122016,03,Fri,11,1
COMS0031131052,03,Mon,4,2
COMS0031131052,03,Wed,3,2
ARTS0031112009,03,Mon,3,2
MARX0031112021,03,Tue,1,2
MARX0031112021,03,Thu,12,2
COMM0031182015,03,Mon,9,2
COMM0031182015,03,Thu,1,1
GEOG0031122008,03,Mon,8,3
GEOG0031122008,03,Fri,3,2
PRIM0031182002,03,Mon,8,2
ELEC0031122014,03,Tue,8,2
ELEC0031122014,03,Fri,11,1
BIOL0031152001,03,Mon,11,2
COMM0031172014,03,Fri,11,2
ENVI0031112013,03,Thu,8,2
MATH0031182009,03,Tue,4,2
COMS0031172013,03,Tue,3,2
LAWS0031172004,03,Sat,11,2
LAWS0031172004,03,Mon,5,1
STAT0031132023,03,Tue,3,3
HIST0031122003,03,Tue,3,2
HIST0031122003,03,Sat,4,1
HIST0031112024,03,Fri,11,3
PHYS0031112007,03,Wed,8,3
PHYS0031112007,03,Fri,12,2
TEAC0031112024,03,Wed,3,2
PREE0031142008,03,Thu,9,2
PRIM0031112021,03,Wed,6,2
PRIM0031112021,03,Tue,10,1
MUSI0031122020,03,Wed,6,3
EDUC0031122022,03,Sun,11,2
EDUC0031122022,03,Tue,9,2
DATA0031152005,03,Mon,11,2
MARX0031142014,03,Fri,12,2
MARX0031142014,03,Thu,4,2
MARX0031112028,03,Thu,4,2
MARX0031112028,03,Tue,1,1
COMM0031152021,03,Wed,1,3
COMM0031152021,03,Thu,1,2
GEOG0031112023,03,Wed,1,2
GEOG0031112023,03,Thu,4,2
PUBA0031162016,03,Mon,4,2
PUBA0031162016,03,Tue,9,2
PUBA0031162016,03,Wed,6,1
PRIM0031132017,03,Thu,8,3
CHEM0031132024,03,Mon,3,3
CHEM0031132024,03,Wed,1,2
ELEC0031162008,03,Mon,4,2
ELEC0031162008,03,Wed,6,1
HIST0031122031,03,Fri,6,2
HIST0031122031,03,Tue,2,1
PHIL0031172001,03,Fri,3,2
PHIL0031172001,03,Tue,6,2
URBN0031142018,03,Thu,9,2
COMM0031112002,03,Mon,4,2
COMM0031112002,03,Tue,11,1
COMS0031122033,03,Wed,1,2
COMS0031122033,03,Thu,3,2
COMS0031122033,03,Fri,13,1
ELEC0031112005,03,Tue,8,2
ELEC0031112005,03,Sun,13,1
BIOL0031122012,03,Fri,4,2
BIOL0031122012,03,Thu,9,2
ELEC0031152019,03,Wed,3,3
DATA0031172003,03,Tue,3,2
AINT0031152004,03,Wed,11,2
AINT0031152004,03,Mon,1,2
AINT0031152004,03,Thu,4,1
LAWS0031132031,03,Wed,9,2
SPED0031112012,03,Fri,9,2
SPED0031112012,03,Mon,12,2
LANG0031162002,03,Tue,9,2
LANG0031162002,03,Wed,11,2
PREE0031172020,03,Wed,9,2
EDUC0031132014,03,Sun,3,2
EDUC0031132014,03,Mon,9,1
ARTS0031142022,03,Tue,12,2
ARTS0031142022,03,Thu,6,1
HIST0031172029,03,Sun,4,2
PREE0031152026,03,Fri,5,1
BIOL0031122003,03,Thu,11,3
BIOL0031122003,03,Sat,4,2
PRIM0031122015,03,Thu,12,2
COMM0031122026,03,Thu,6,2
COMM0031122026,03,Sat,1,2
COMM0031122026,03,Fri,12,2
SPRT0031122018,03,Tue,12,1
PSYC0031122009,03,Thu,9,2
COMM0031112018,03,Thu,8,2
COMM0031112018,03,Wed,4,2
LAWS0031172025,03,Fri,12,2
COMS0031172009,03,Fri,4,2
MUSI0031122014,03,Tue,11,1
SOFT0031142020,03,Thu,4,2
PHYS0031132019,03,Wed,6,2
POLI0031142021,03,Wed,1,2
LAWS0031172016,03,Wed,8,2
LAWS0031172016,03,Mon,8,1
LAWS0031182021,03,Wed,8,2
LAWS0031182021,03,Mon,4,2
STAT0031162022,03,Thu,1,2
AINT0031152007,03,Mon,3,2
AINT0031152007,03,Tue,11,1
BIOL0031122009,03,Tue,3,2
BIOL0031122009,03,Wed,6,1
PSYC0031152010,03,Thu,4,2
CHIN0031132010,03,Thu,6,2
CHIN0031132010,03,Wed,5,1
HIST0031122030,03,Thu,1,3
HIST0031122030,03,Wed,11,2
TEAC0031182020,03,Wed,8,3
PREE0031152025,03,Thu,1,2
PREE0031152025,03,Wed,13,1
MATH0031122022,03,Wed,9,2
CLAS0031132006,03,Mon,9,2
CLAS0031132006,03,Tue,9,1
URBN0031172020,03,Thu,8,2
URBN0031172020,03,Tue,3,1
BIOL0031112004,04,Mon,12,2
BIOL0031112004,04,Fri,4,2
BIOL0031112004,04,Wed,5,1
DESN0031142006,04,Wed,11,2
DESN0031142006,04,Tue,8,1
GEOG0031112020,04,Tue,3,2
GEOG0031112020,04,Sun,1,2
PUBA0031112018,04,Tue,6,2
PUBA0031112018,04,Wed,4,2
PUBA0031112018,04,Fri,2,1
ELEC0031122001,04,Fri,6,2
ELEC0031122001,04,Mon,1,1
CLAS0031122015,04,Wed,5,1
HIST0031122002,04,Tue,12,2
HIST0031122002,04,Thu,3,1
HIST0031112011,04,Wed,11,3
SOFT0031112018,04,Tue,6,1
BIOL0031172031,04,Thu,3,3
CHIN0031122011,04,Tue,11,3
CHIN0031122011,04,Fri,6,2
PUBA0031132006,04,Thu,1,3
PUBA0031132006,04,Tue,3,2
PHIL0031122022,04,Wed,6,2
PHIL0031122022,04,Sun,1,1
SOFT0031122011,04,Sat,7,1
ELEC0031182011,04,Wed,11,3
ELEC0031182011,04,Mon,8,2
DATA0031162014,04,Fri,11,2
COMS0031131019,04,Sun,3,2
COMS0031131019,04,Thu,1,2
PRIM0031182019,04,Fri,1,3
GEOG0031112017,04,Fri,1,3
GEOG0031112017,04,Wed,11,2
ENVI0031122001,04,Thu,4,2
ENVI0031122001,04,Tue,3,2
ENVI0031182004,04,Wed,8,2
ENVI0031182004,04,Tue,10,1
PREE0031112013,04,Thu,12,1
MUSI0031122012,04,Tue,1,3
MUSI0031122012,04,Mon,11,2
COMS0031121015,04,Thu,6,2
COMS0031121015,04,Tue,11,2
COMS0031121015,04,Mon,9,1
PRIM0031112013,04,Tue,4,2
URBN0031112024,04,Thu,6,2
URBN0031112024,04,Tue,3,2
CHIN0031122015,04,Sat,1,2
CHIN0031122015,04,Thu,10,1
HIST0031142021,04,Fri,6,2
HIST0031142021,04,Wed,4,1
LANG0031112010,04,Tue,8,2
LANG0031112010,04,Mon,12,2
CHIN0031122019,04,Fri,11,2
MARX0031112025,04,Fri,6,2
MARX0031112025,04,Tue,12,2
LIBR0031122001,04,Mon,3,2
PREE0031112019,04,Thu,11,3
PREE0031112019,04,Wed,9,2
ENVI0031112026,04,Thu,3,3
ENVI0031112026,04,Mon,8,2
PUBA0031132014,04,Wed,1,3
PUBA0031132014,04,Fri,4,2
MATH0031112014,04,Mon,6,2
DATA0031152008,04,Fri,12,2
PUBA0031122023,04,Mon,1,4
PUBA0031122023,04,Sat,3,2
CHIN0031122036,04,Fri,8,2
CHIN0031122036,04,Mon,1,2
SOFT0031142016,04,Mon,9,2
SOFT0031142016,04,Wed,4,1
SPED0031152010,04,Fri,11,3
LAWS0031122012,04,Mon,12,2
LAWS0031122012,04,Sun,11,1
STAT0031112025,04,Mon,4,2
STAT0031112025,04,Wed,4,2
PUBA0031172008,04,Fri,9,2
PUBA0031172008,04,Tue,1,2
PUBA0031112003,04,Fri,11,2
PUBA0031112003,04,Tue,8,1
SPRT0031122019,04,Sun,9,2
SOFT0031122012,04,Mon,3,1
AINT0031112016,04,Wed,12,2
AINT0031112016,04,Mon,11,2
PUBA0031122019,04,Tue,6,3
LANG0031142008,04,Mon,1,2
LANG0031142008,04,Thu,2,1
GEOG0031132018,04,Tue,4,2
GEOG0031132018,04,Mon,10,1
PHIL0031152007,04,Thu,11,2
PHIL0031152007,04,Fri,11,1
SPED0031112022,04,Fri,10,4
SPED0031112022,04,Mon,3,2
TEAC0031172023,04,Sun,12,2
TEAC0031172023,04,Thu,6,1
STAT0031182006,04,Fri,3,3
MATH0031182001,04,Tue,6,2
MATH0031182001,04,Fri,11,1
LAWS0031142027,04,Wed,3,2
SPRT0031142017,04,Tue,1,2
SPRT0031142017,04,Sun,7,1
PREE0031152010,04,Thu,1,2
PREE0031152010,04,Tue,13,1
CHIN0031142017,04,Thu,1,2
CHIN0031142017,04,Sat,6,2
LIBR0031152008,04,Tue,1,3
PHIL0031112004,04,Wed,11,3
ECON0031122007,04,Tue,1,2
ECON0031122007,04,Wed,3,2
LIBR0031112009,04,Thu,1,4
LIBR0031112009,04,Sat,1,2
PHYS0031122023,04,Mon,3,2
DATA0031182010,04,Thu,8,3
MATH0031122008,04,Thu,9,2
AINT0031132010,04,Tue,12,2
AINT0031132010,04,Fri,3,2
URBN0031112012,04,Thu,7,4
URBN0031112012,04,Fri,8,2
SPED0031122023,04,Fri,3,2
POLI0031112025,04,Wed,1,2
POLI0031112025,04,Mon,12,1
SPRT0031142004,04,Sat,9,2
LAWS0031112018,04,Sat,8,2
LAWS0031112018,04,Wed,12,2
BIOL0031162002,04,Wed,8,2
BIOL0031162002,04,Mon,12,2
BIOL0031162002,04,Tue,13,1
COMS0031112004,04,Fri,11,2
COMS0031131026,04,Wed,4,2
LANG0031152006,04,Wed,8,3
PSYC0031172002,04,Wed,9,2
PSYC0031172002,04,Tue,8,2
AINT0031182012,04,Wed,11,3
DATA0031142013,04,Fri,11,2
DATA0031142013,04,Tue,4,1
POLI0031152019,04,Thu,12,2
POLI0031152019,04,Wed,1,1
SPED0031122002,04,Tue,1,2
CHIN0031152027,04,Fri,3,2
COMS0031121004,04,Tue,3,2
COMS0031121004,04,Sun,11,2
LIBR0031182020,04,Thu,6,3
LIBR0031182020,04,Sat,9,2
COMS0031152007,04,Thu,3,2
GEOG0031112003,04,Thu,12,2
GEOG0031112003,04,Sun,8,2
GEOG0031112003,04,Fri,4,2
ENVI0031122008,04,Thu,12,2
ENVI0031122008,04,Sun,3,2
PUBA0031162013,04,Wed,1,2
ELEC0031182006,04,Tue,1,2
CHEM0031132018,04,Thu,12,2
CHEM0031132018,04,Wed,3,2
DESN0031162014,04,Mon,12,2
DESN0031162014,04,Thu,1,2
COMS0031131043,04,Tue,1,2
STAT0031112001,04,Fri,11,3
TEAC0031132005,04,Mon,9,2
PREE0031122005,04,Tue,9,1
DATA0031122002,04,Thu,3,3
DATA0031122002,04,Sun,6,2
CHIN0031132009,04,Fri,8,2
CHIN0031132009,04,Wed,1,2
PUBA0031112012,04,Fri,6,3
PUBA0031112012,04,Tue,12,2
COMS0031122017,04,Fri,6,2
MATH0031112012,04,Fri,11,2
MATH0031112012,04,Mon,6,1
STAT0031112019,04,Mon,1,2
STAT0031112019,04,Fri,8,1
PHYS0031142018,04,Sun,11,2
PHYS0031142018,04,Wed,6,2
TEAC0031122003,04,Tue,6,3
TEAC0031122003,04,Mon,12,2
ENVI0031142011,04,Fri,8,2
ENVI0031142011,04,Wed,9,1
MUSI0031112015,04,Wed,11,3
MUSI0031112015,04,Tue,9,2
URBN0031142008,04,Mon,11,3
URBN0031142008,04,Fri,6,2
PSYC0031132005,04,Mon,1,3
PSYC0031132005,04,Wed,3,2
SOCI0031112002,04,Fri,1,3
HIST0031132032,04,Thu,11,3
HIST0031132032,04,Mon,6,2
SPED0031182024,04,Thu,6,2
SPED0031182024,04,Tue,9,2
PRIM0031152011,04,Fri,6,3
PREE0031152011,04,Fri,1,2
PREE0031152011,04,Tue,11,2
MARX0031122006,04,Mon,1,3
COMS0031121009,04,Mon,3,2
COMS0031121009,04,Wed,4,2
PHIL0031172027,04,Fri,12,2
PRIM0031142010,04,Tue,11,2
PRIM0031142010,04,Wed,3,2
PRIM0031142010,04,Fri,3,1
HIST0031112022,04,Mon,4,2
HIST0031112022,04,Thu,12,1
COMM0031122030,04,Tue,3,2
ECON0031112013,04,Wed,13,1
MUSI0031142032,04,Thu,8,2
SPRT0031162013,04,Thu,12,2
SOCI0031132001,04,Tue,3,2
ENVI0031112032,04,Fri,1,2
ENVI0031112032,04,Sun,1,1
PUBA0031122015,04,Mon,1,2
COMS0031121013,04,Fri,10,4
COMS0031121013,04,Mon,8,2
PREE0031152009,04,Thu,8,2
POLI0031112026,04,Mon,3,2
DESN0031152017,04,Wed,12,2
CLAS0031172014,04,Mon,3,2
CLAS0031172014,04,Wed,12,2
AINT0031142005,04,Wed,4,2
AINT0031142005,04,Fri,2,1
SOCI0031152010,04,Tue,1,2
GEOG0031132014,04,Fri,1,2
GEOG0031132014,04,Tue,10,1
URBN0031142009,04,Thu,1,2
SOFT0031112024,04,Tue,8,2
SOFT0031112024,04,Thu,8,1
EDUC0031172016,04,Sat,6,2
EDUC0031172016,04,Wed,9,1
SOCI0031182030,04,Thu,1,3
MUSI0031122021,04,Wed,6,3
MUSI0031122021,04,Mon,6,2
SPRT0031112022,04,Tue,6,2
SPRT0031112022,04,Mon,9,2
PHYS0031122009,04,Wed,8,2
PHYS0031122009,04,Fri,1,1
EDUC0031132018,04,Mon,11,2
EDUC0031132018,04,Wed,2,1
POLI0031112015,04,Fri,9,2
POLI0031112015,04,Tue,6,2
BIOL0031182011,04,Sat,6,2
COMM0031152022,04,Wed,9,2
COMM0031152022,04,Mon,2,1
STAT0031162024,04,Tue,6,2
STAT0031162024,04,Sun,3,1
HIST0031112009,04,Thu,4,2
HIST0031112009,04,Wed,2,1
POLI0031132005,04,Tue,11,2
POLI0031132005,04,Mon,9,2
POLI0031132005,04,Fri,2,1
COMM0031112023,04,Thu,11,3
COMM0031122001,04,Wed,1,2
COMM0031122028,04,Thu,10,4
COMM0031122028,04,Wed,1,2
SOFT0031172008,04,Fri,3,1
PSYC0031182004,04,Thu,12,2
PSYC0031182004,04,Mon,11,2
PSYC0031182004,04,Sat,4,1
CHIN0031182004,04,Thu,3,2
CHIN0031182004,04,Mon,11,1
POLI0031152020,04,Thu,11,2
POLI0031152020,04,Fri,6,2
HIST0031122017,04,Wed,6,2
HIST0031122017,04,Mon,12,1
CHEM0031152030,04,Thu,9,2
LAWS0031112007,04,Tue,1,3
LAWS0031112007,04,Mon,4,2
CHEM0031152028,04,Tue,8,2
CHEM0031152028,04,Thu,2,1
STAT0031112010,04,Thu,4,2
STAT0031112010,04,Mon,8,2
ARTS0031152025,04,Fri,11,2
ARTS0031152025,04,Tue,3,2
COMM0031122024,04,Mon,4,2
SPRT0031122011,04,Mon,1,2
SPRT0031122011,04,Tue,6,1
PREE0031112017,04,Wed,11,2
LANG0031112021,04,Mon,3,2
COMS0031121014,04,Mon,7,4
COMS0031121014,04,Fri,12,2
SOFT0031122006,04,Thu,4,2
EDUC0031142012,04,Sat,6,2
EDUC0031142012,04,Wed,1,2
AINT0031132015,04,Thu,1,2
PREE0031122030,04,Fri,9,2
PREE0031122030,04,Mon,2,1
PHYS0031152012,04,Sat,8,3
PSYC0031142003,04,Sat,4,2
COMS0031132022,04,Wed,1,2
SOCI0031122005,04,Wed,12,2
LANG0031172020,04,Thu,4,2
LANG0031172020,04,Wed,8,1
ARTS0031122016,04,Thu,8,3
ARTS0031122016,04,Mon,1,2
MATH0031152007,04,Tue,1,2
URBN0031142021,04,Thu,11,2
URBN0031142021,04,Mon,2,1
LIBR0031152015,04,Mon,12,2
LIBR0031152015,04,Tue,10,1
ARTS0031112013,04,Fri,11,2
ENVI0031172022,04,Thu,11,2
ENVI0031172022,04,Fri,10,1
LANG0031122016,04,Wed,3,2
DATA0031112016,04,Tue,9,2
DATA0031112016,04,Fri,1,1
CHIN0031152001,04,Mon,6,3
CHIN0031152001,04,Fri,1,2
SOCI0031132020,04,Tue,12,2
SOCI0031132020,04,Fri,10,1
HIST0031172014,04,Mon,1,2
HIST0031172014,04,Tue,11,2
GEOG0031122015,04,Tue,4,2
GEOG0031122015,04,Mon,1,2
GEOG0031122015,04,Wed,2,1
DESN0031152001,04,Thu,8,3
DESN0031152001,04,Wed,9,2
ENVI0031112025,04,Mon,12,2
ENVI0031112025,04,Wed,2,1
TEAC0031122008,04,Thu,6,2
CHIN0031112006,04,Sat,11,3
POLI0031162027,04,Fri,1,2
POLI0031162027,04,Thu,11,2
MUSI0031122013,04,Tue,11,2
MUSI0031122013,04,Mon,2,1
URBN0031182030,04,Mon,8,2
ARTS0031122005,04,Mon,4,2
ARTS0031122005,04,Tue,9,2
ARTS0031122005,04,Wed,3,1
HIST0031122019,04,Thu,3,2
HIST0031122019,04,Wed,6,1
COMS0031131032,04,Mon,1,2
COMS0031131032,04,Wed,2,1
LANG0031122019,04,Wed,1,2
ELEC0031122018,04,Wed,8,3
ELEC0031122018,04,Mon,8,2
STAT0031122020,04,Fri,9,2
ENVI0031142012,04,Tue,3,2
ENVI0031142012,04,Mon,3,1
MATH0031112019,04,Fri,3,2
BIOL0031112006,04,Fri,11,1
MUSI0031112004,04,Wed,6,3
CHEM0031112004,04,Mon,1,3
LIBR0031162014,04,Wed,3,2
EDUC0031112002,04,Mon,1,2
EDUC0031112002,04,Thu,1,2
EDUC0031112002,04,Wed,12,2
CLAS0031132017,04,Wed,4,2
CLAS0031132017,04,Tue,10,1
PHYS0031122008,04,Fri,11,3
MUSI0031142011,04,Thu,11,2
STAT0031112018,04,Thu,11,2
STAT0031112018,04,Wed,2,1
PUBA0031152021,04,Sun,11,2
PUBA0031152021,04,Mon,3,2
CHIN0031142024,04,Wed,3,2
MUSI0031122030,04,Wed,3,2
CHIN0031132014,04,Mon,1,2
CHIN0031132014,04,Thu,1,2
CHIN0031132014,04,Fri,2,1
ECON0031122008,04,Mon,9,2
ECON0031122008,04,Wed,7,1
ENVI0031122029,04,Thu,3,3
ENVI0031122029,04,Fri,6,2
PHIL0031122023,04,Mon,6,3
PHIL0031122023,04,Fri,12,2
PREE0031182032,04,Thu,6,2
PREE0031182032,04,Mon,12,1
MATH0031142011,04,Tue,3,2
MATH0031142011,04,Wed,5,1
PSYC0031132015,04,Thu,7,1
BIOL0031152018,04,Tue,6,2
GEOG0031112024,04,Fri,11,2
POLI0031162028,04,Thu,6,2
POLI0031162028,04,Wed,1,1
DESN0031162029,04,Thu,8,3
DESN0031162029,04,Sat,11,2
ECON0031132002,04,Mon,3,2
ARTS0031172029,04,Wed,3,2
ARTS0031162015,04,Fri,12,2
ARTS0031162015,04,Wed,4,2
CHIN0031122005,04,Thu,8,2
ARTS0031122030,04,Wed,4,2
ARTS0031122030,04,Thu,3,2
CHEM0031132008,04,Fri,1,3
PSYC0031122023,04,Tue,11,3
PSYC0031122023,04,Fri,4,2
PHIL0031122025,04,Wed,4,1
AINT0031162019,04,Mon,12,2
AINT0031162019,04,Tue,6,2
AINT0031162019,04,Fri,10,1
CLAS0031172020,04,Fri,11,2
CLAS0031172020,04,Tue,2,1
COMM0031122013,04,Mon,10,1
LANG0031152011,04,Mon,1,1
CLAS0031122016,04,Wed,4,2
CLAS0031122016,04,Fri,5,1
MARX0031162007,04,Sun,12,2
MARX0031162007,04,Wed,8,2
ARTS0031112009,04,Sat,12,2
MARX0031112021,04,Wed,6,3
GEOG0031122008,04,Mon,6,3
GEOG0031122008,04,Wed,1,2
PRIM0031182002,04,Tue,3,1
BIOL0031152001,04,Wed,11,2
COMM0031172014,04,Fri,12,2
STAT0031132023,04,Mon,8,2
STAT0031132023,04,Wed,5,1
HIST0031122003,04,Tue,9,2
HIST0031122003,04,Sat,11,1
HIST0031112024,04,Thu,4,2
HIST0031112024,04,Wed,8,2
PHYS0031112007,04,Thu,11,3
PHYS0031112007,04,Wed,12,2
TEAC0031112024,04,Wed,6,2
PREE0031142008,04,Wed,12,2
PREE0031142008,04,Sat,3,1
PRIM0031112021,04,Mon,11,2
MUSI0031122020,04,Fri,6,2
MUSI0031122020,04,Sat,9,1
EDUC0031122022,04,Mon,6,3
DATA0031152005,04,Tue,12,2
MARX0031142014,04,Sat,6,3
MARX0031112028,04,Tue,6,2
MARX0031112028,04,Thu,2,1
GEOG0031112023,04,Mon,3,2
GEOG0031112023,04,Sun,12,2
GEOG0031112023,04,Tue,3,1
HIST0031122031,04,Wed,3,3
PHIL0031172001,04,Tue,11,3
ELEC0031112005,04,Thu,3,2
ELEC0031112005,04,Tue,1,2
SPED0031112012,04,Thu,4,2
SPED0031112012,04,Tue,11,2
LANG0031162002,04,Tue,11,2
LANG0031162002,04,Fri,9,1
PREE0031172020,04,Wed,11,2
PREE0031172020,04,Thu,3,1
EDUC0031132014,04,Tue,6,3
ARTS0031142022,04,Thu,11,2
ARTS0031142022,04,Wed,11,2
BIOL0031122003,04,Fri,8,2
BIOL0031122003,04,Wed,8,2
BIOL0031122003,04,Tue,10,1
PRIM0031122015,04,Thu,11,2
COMM0031122026,04,Sun,11,2
COMM0031122026,04,Wed,11,2
COMM0031122026,04,Fri,11,2
SPRT0031122018,04,Tue,11,1
COMM0031112018,04,Thu,11,3
MUSI0031122014,04,Tue,4,1
SOFT0031142020,04,Fri,12,2
LAWS0031172016,04,Mon,6,3
LAWS0031182021,04,Tue,4,2
LAWS0031182021,04,Thu,2,1
STAT0031162022,04,Wed,1,2
AINT0031152007,04,Mon,8,2
BIOL0031122009,04,Thu,6,2
BIOL0031122009,04,Mon,4,1
PSYC0031152010,04,Thu,1,2
CHIN0031132010,04,Tue,1,3
TEAC0031182020,04,Mon,3,3
PREE0031152025,04,Tue,8,2
PREE0031152025,04,Fri,3,2
MATH0031122022,04,Wed,12,2
CLAS0031132006,04,Fri,6,2
CLAS0031132006,04,Wed,12,2
URBN0031172020,04,Wed,11,2
URBN0031172020,04,Sat,1,1
PUBA0031112018,05,Mon,8,2
PUBA0031112018,05,Thu,1,2
PUBA0031112018,05,Sun,11,1
CLAS0031122015,05,Mon,11,2
HIST0031122002,05,Wed,4,2
SOFT0031112018,05,Fri,1,2
BIOL0031172031,05,Wed,6,3
CHIN0031122011,05,Wed,6,2
CHIN0031122011,05,Sat,12,2
CHIN0031122011,05,Tue,2,1
PUBA0031132006,05,Mon,6,2
PUBA0031132006,05,Tue,12,2
PUBA0031132006,05,Wed,10,1
PHIL0031122022,05,Mon,6,3
ELEC0031182011,05,Thu,1,2
ELEC0031182011,05,Wed,11,2
COMS0031131019,05,Tue,4,2
COMS0031131019,05,Mon,12,2
ENVI0031182004,05,Fri,1,2
MUSI0031122012,05,Thu,8,2
MUSI0031122012,05,Tue,9,2
COMS0031121015,05,Mon,4,2
COMS0031121015,05,Sun,11,2
COMS0031121015,05,Thu,7,1
URBN0031112024,05,Sat,8,3
LANG0031112010,05,Mon,9,2
LANG0031112010,05,Fri,6,2
ENVI0031112026,05,Thu,11,2
ENVI0031112026,05,Tue,1,2
ENVI0031112026,05,Mon,3,1
MATH0031112014,05,Wed,12,2
DATA0031152008,05,Wed,9,2
PUBA0031122023,05,Mon,6,4
PUBA0031122023,05,Tue,11,2
SOFT0031142016,05,Fri,8,2
SOFT0031142016,05,Thu,11,2
STAT0031112025,05,Sat,11,3
PUBA0031112003,05,Fri,8,3
SOFT0031122012,05,Tue,1,2
AINT0031112016,05,Mon,8,3
PHIL0031152007,05,Thu,6,2
SPRT0031142017,05,Fri,11,2
SPRT0031142017,05,Tue,1,2
CHIN0031142017,05,Fri,3,2
CHIN0031142017,05,Mon,7,1
PHIL0031112004,05,Mon,6,2
PHIL0031112004,05,Tue,9,1
ECON0031122007,05,Mon,1,3
ECON0031122007,05,Fri,3,2
PHYS0031122023,05,Wed,3,2
DATA0031182010,05,Tue,1,2
DATA0031182010,05,Mon,3,1
AINT0031132010,05,Tue,6,3
URBN0031112012,05,Wed,10,4
URBN0031112012,05,Tue,4,2
SPED0031122023,05,Thu,11,2
SPED0031122023,05,Tue,5,1
SPRT0031142004,05,Fri,9,2
COMS0031112004,05,Fri,4,2
COMS0031112004,05,Thu,9,1
PSYC0031172002,05,Mon,6,3
DATA0031142013,05,Wed,9,2
DATA0031142013,05,Fri,12,2
COMS0031121004,05,Thu,3,3
COMS0031152007,05,Mon,6,2
GEOG0031112003,05,Mon,8,3
GEOG0031112003,05,Sat,11,2
DESN0031162014,05,Tue,6,2
DESN0031162014,05,Thu,9,2
STAT0031112001,05,Wed,6,3
MATH0031112012,05,Tue,8,2
TEAC0031122003,05,Fri,1,4
TEAC0031122003,05,Mon,8,2
COMS0031121009,05,Mon,12,2
COMS0031121009,05,Tue,9,2
HIST0031112022,05,Fri,6,2
HIST0031112022,05,Wed,1,1
COMM0031122030,05,Wed,4,2
SPRT0031162013,05,Wed,4,1
SOCI0031132001,05,Fri,9,2
POLI0031112026,05,Tue,12,2
CLAS0031172014,05,Mon,11,2
CLAS0031172014,05,Fri,9,1
AINT0031142005,05,Mon,12,2
AINT0031142005,05,Tue,9,1
SOCI0031152010,05,Sat,8,2
SOCI0031152010,05,Mon,2,1
GEOG0031132014,05,Tue,11,2
GEOG0031132014,05,Thu,1,2
SOFT0031112024,05,Thu,3,2
SOFT0031112024,05,Sat,13,1
SOCI0031182030,05,Fri,1,2
SOCI0031182030,05,Sat,1,1
POLI0031112015,05,Fri,8,3
POLI0031112015,05,Thu,8,2
BIOL0031182011,05,Sat,9,2
COMM0031152022,05,Fri,3,2
COMM0031152022,05,Thu,8,2
STAT0031162024,05,Sat,4,2
STAT0031162024,05,Thu,8,2
POLI0031132005,05,Thu,11,3
POLI0031132005,05,Wed,12,2
COMM0031122028,05,Tue,7,4
COMM0031122028,05,Sun,11,2
SOFT0031172008,05,Sun,3,2
CHIN0031182004,05,Tue,6,2
CHIN0031182004,05,Fri,3,1
HIST0031122017,05,Mon,6,2
HIST0031122017,05,Thu,4,1
CHEM0031152030,05,Tue,11,2
LAWS0031112007,05,Thu,12,2
LAWS0031112007,05,Tue,12,2
ARTS0031152025,05,Sat,3,2
ARTS0031152025,05,Wed,11,2
LANG0031112021,05,Fri,4,2
LANG0031112021,05,Tue,8,1
EDUC0031142012,05,Wed,8,3
PREE0031122030,05,Thu,3,2
PREE0031122030,05,Mon,8,1
PHYS0031152012,05,Wed,1,3
PSYC0031142003,05,Wed,8,2
COMS0031132022,05,Wed,4,2
SOCI0031122005,05,Tue,4,2
LANG0031172020,05,Thu,4,2
MATH0031152007,05,Thu,4,2
ARTS0031112013,05,Mon,8,2
ARTS0031112013,05,Wed,8,1
DATA0031112016,05,Fri,12,2
DATA0031112016,05,Mon,4,1
CHIN0031152001,05,Tue,12,2
CHIN0031152001,05,Thu,12,2
SOCI0031132020,05,Wed,9,2
SOCI0031132020,05,Thu,13,1
DESN0031152001,05,Mon,12,2
DESN0031152001,05,Thu,8,2
DESN0031152001,05,Wed,13,1
CHIN0031112006,05,Sun,11,2
CHIN0031112006,05,Tue,11,2
POLI0031162027,05,Thu,9,2
POLI0031162027,05,Tue,6,2
URBN0031182030,05,Thu,4,2
COMS0031131032,05,Mon,8,3
LANG0031122019,05,Thu,3,2
BIOL0031112006,05,Wed,3,2
MUSI0031112004,05,Fri,8,3
CLAS0031132017,05,Tue,9,2
CLAS0031132017,05,Wed,12,2
MUSI0031142011,05,Wed,11,2
CHIN0031132014,05,Thu,8,3
CHIN0031132014,05,Sat,11,2
ECON0031122008,05,Thu,6,2
ECON0031122008,05,Mon,12,2
ENVI0031122029,05,Fri,6,4
ENVI0031122029,05,Tue,6,2
MATH0031142011,05,Thu,1,2
BIOL0031152018,05,Mon,6,2
CLAS0031172020,05,Thu,8,3
LANG0031152011,05,Mon,3,1
CLAS0031122016,05,Mon,3,3
GEOG0031122008,05,Thu,1,2
GEOG0031122008,05,Tue,9,2
GEOG0031122008,05,Fri,4,2
PRIM0031182002,05,Thu,12,1
BIOL0031152001,05,Tue,11,2
COMM0031172014,05,Fri,6,2
STAT0031132023,05,Thu,6,2
STAT0031132023,05,Tue,6,1
HIST0031112024,05,Mon,4,2
HIST0031112024,05,Sat,1,1
PHYS0031112007,05,Wed,11,2
PHYS0031112007,05,Thu,1,2
PHYS0031112007,05,Fri,13,1
TEAC0031112024,05,Wed,11,2
PRIM0031112021,05,Thu,11,2
MUSI0031122020,05,Thu,11,3
EDUC0031122022,05,Thu,12,2
EDUC0031122022,05,Fri,10,1
DATA0031152005,05,Mon,8,2
SPED0031112012,05,Sat,1,2
SPED0031112012,05,Mon,1,1
LANG0031162002,05,Tue,8,2
LANG0031162002,05,Sat,12,1
PREE0031172020,05,Sun,4,2
ARTS0031142022,05,Mon,11,3
BIOL0031122003,05,Wed,4,2
BIOL0031122003,05,Fri,4,2
SPRT0031122018,05,Wed,11,2
SOFT0031142020,05,Mon,11,1
MATH0031122022,05,Tue,3,2
CLAS0031132006,05,Wed,3,2
CLAS0031132006,05,Fri,1,1
URBN0031172020,05,Mon,6,3
PUBA0031112018,06,Tue,4,2
PUBA0031112018,06,Thu,9,2
PUBA0031112018,06,Wed,8,1
SOFT0031112018,06,Thu,5,1
CHIN0031122011,06,Wed,9,2
CHIN0031122011,06,Thu,4,2
PHIL0031122022,06,Thu,9,2
PHIL0031122022,06,Mon,11,1
COMS0031121015,06,Fri,8,2
COMS0031121015,06,Thu,8,2
COMS0031121015,06,Wed,4,1
LANG0031112010,06,Tue,8,2
LANG0031112010,06,Fri,1,2
PUBA0031112003,06,Mon,12,2
PUBA0031112003,06,Fri,5,1
ECON0031122007,06,Wed,11,2
ECON0031122007,06,Fri,6,2
ECON0031122007,06,Mon,1,1
PHYS0031122023,06,Fri,9,2
URBN0031112012,06,Mon,1,4
URBN0031112012,06,Sat,1,2
SPED0031122023,06,Tue,3,2
HIST0031112022,06,Tue,1,2
HIST0031112022,06,Fri,3,1
COMM0031122030,06,Fri,6,2
SOFT0031112024,06,Tue,3,2
POLI0031112015,06,Mon,3,2
POLI0031112015,06,Tue,12,2
COMM0031122028,06,Fri,3,4
COMM0031122028,06,Thu,12,2
HIST0031122017,06,Tue,1,2
COMS0031131032,06,Fri,3,2
COMS0031131032,06,Tue,11,2
BIOL0031112006,06,Wed,9,2
MUSI0031112004,06,Thu,3,2
MUSI0031112004,06,Wed,7,1
HIST0031112024,06,Wed,11,3
MUSI0031122020,06,Tue,8,2
MUSI0031122020,06,Thu,1,1
BIOL0031122003,06,Tue,1,3
BIOL0031122003,06,Sat,11,2
MATH0031122022,06,Thu,3,2
EDUC0031112005,03,Tue,11,2
EDUC0031112005,03,Wed,8,1
ARTS0031162008,03,Wed,9,2
ARTS0031162008,03,Fri,3,2
BIOL0031172030,03,Tue,12,2
AINT0031172001,02,Thu,5,1
GEOG0031112017,05,Wed,11,2
GEOG0031112017,05,Sun,4,2
GEOG0031112017,05,Mon,9,1
LIBR0031142006,03,Tue,6,2
ENVI0031122001,05,Mon,8,3
ENVI0031122001,05,Sat,12,2
SOCI0031172003,03,Mon,8,2
SOCI0031172003,03,Thu,4,1
MUSI0031162007,04,Tue,3,2
EDUC0031112007,03,Thu,13,1
CLAS0031152012,04,Tue,1,2
LANG0031152006,05,Thu,12,2
LANG0031152006,05,Mon,7,1
BIOL0031142024,04,Mon,12,2
BIOL0031142024,04,Sun,8,1
URBN0031142021,05,Tue,6,2
URBN0031142021,05,Fri,5,1
LANG0031162014,03,Tue,1,2
LANG0031162014,03,Thu,9,2
LAWS0031142027,05,Fri,1,2
CHIN0031122015,05,Mon,6,2
CHIN0031122015,05,Tue,6,1
COMS0031152016,03,Wed,1,2
CHIN0031152002,03,Fri,6,2
CHIN0031152002,03,Thu,1,1
PHYS0031182011,02,Mon,3,2
PHYS0031182011,02,Wed,11,1
DATA0031152005,06,Tue,1,2
COMM0031172014,06,Thu,6,2
TEAC0031182006,03,Wed,8,1
COMS0031152016,04,Wed,4,2
COMS0031152016,04,Sun,12,1
URBN0031162019,03,Thu,8,2
URBN0031162019,03,Wed,7,1
DATA0031112019,04,Thu,3,2
DATA0031112019,04,Fri,3,2
DATA0031112019,04,Sun,6,1
ARTS0031122007,04,Fri,3,2
ARTS0031122007,04,Mon,2,1
TEAC0031122003,06,Mon,1,3
TEAC0031122003,06,Fri,4,2
EDUC0031182003,04,Fri,11,2
EDUC0031182003,04,Thu,9,2
MUSI0031152008,03,Tue,8,2
MUSI0031152008,03,Wed,7,1
URBN0031162026,04,Wed,11,3
POLI0031132002,04,Mon,3,1
DESN0031132033,04,Tue,9,2
MUSI0031182022,04,Sun,11,2
MUSI0031182022,04,Tue,3,1
MUSI0031182022,05,Wed,8,2
MUSI0031182022,05,Tue,3,1
CHEM0031142022,03,Mon,8,2
MARX0031162007,05,Sat,9,2
MARX0031162007,05,Fri,3,1
DATA0031112017,04,Mon,1,3
POLI0031162028,05,Fri,4,2
COMS0031131042,04,Tue,3,2
COMS0031131042,04,Wed,6,2
POLI0031162027,06,Wed,6,3
PREE0031172012,04,Sat,8,2
TEAC0031172012,04,Thu,3,2
LIBR0031142006,04,Sun,1,2
POLI0031142008,04,Wed,1,2
POLI0031142008,04,Fri,9,1
PHYS0031122009,05,Tue,3,2
PHYS0031122009,05,Sat,3,1
DATA0031112016,06,Mon,6,2
SOCI0031172014,02,Wed,12,2
COMS0031142019,03,Tue,1,2
CLAS0031152008,04,Mon,4,2
CLAS0031152008,04,Tue,4,2
STAT0031122020,05,Tue,6,2
COMS0031112028,04,Sat,6,2
COMS0031112028,04,Thu,1,2
BIOL0031172031,06,Mon,3,3
ARTS0031122005,05,Mon,3,2
ARTS0031122005,05,Fri,12,2
ARTS0031122005,05,Thu,11,1
EDUC0031172016,05,Sat,9,2
EDUC0031172016,05,Thu,5,1
GEOG0031122015,05,Mon,6,2
GEOG0031122015,05,Fri,6,2
DATA0031182020,02,Wed,12,2
EDUC0031112005,04,Sat,4,2
EDUC0031112005,04,Thu,13,1
PRIM0031112001,04,Mon,3,2
DESN0031172015,04,Wed,11,2
DESN0031172015,04,Fri,8,1
PREE0031172018,04,Wed,11,2
PREE0031172018,04,Thu,7,1
STAT0031122020,06,Mon,1,2
PRIM0031112001,05,Mon,4,2
STAT0031122020,07,Thu,3,2
STAT0031122020,07,Wed,8,1
BIOL0031122012,04,Fri,3,3
URBN0031172015,03,Sat,4,2
URBN0031172015,03,Thu,11,1
COMS0031131037,04,Thu,1,2
COMS0031131037,04,Wed,6,2
COMS0031131037,04,Sat,10,1
ENVI0031112032,05,Mon,12,2
ENVI0031112032,05,Fri,12,2
GEOG0031172011,03,Thu,10,1
DATA0031162014,05,Tue,6,2
POLI0031182014,04,Fri,1,2
POLI0031182014,04,Wed,9,1
MUSI0031122030,05,Thu,1,2
ENVI0031112025,05,Thu,9,2
SPRT0031162023,04,Wed,8,2
SPRT0031162023,04,Mon,4,1
SPRT0031152024,03,Wed,9,2
SPRT0031152024,03,Fri,9,1
SPRT0031182001,03,Thu,8,2
ENVI0031182027,03,Thu,1,1
DESN0031162019,02,Sat,8,2
DESN0031162019,02,Fri,12,1
SOFT0031142016,06,Thu,6,3
PHYS0031122008,05,Wed,9,2
PHYS0031122008,05,Thu,4,2
LIBR0031172004,02,Mon,4,1
COMS0031162014,03,Thu,1,3
SPED0031172013,03,Fri,12,2
SPED0031172013,03,Tue,7,1
EDUC0031162009,02,Tue,9,2
AINT0031112013,04,Thu,11,2
PHYS0031152012,06,Tue,8,2
PHYS0031152012,06,Fri,8,2
LAWS0031152011,04,Mon,3,2
LAWS0031152011,04,Fri,4,1
MARX0031152032,04,Sat,4,2
PUBA0031132006,06,Thu,6,3
PUBA0031132006,06,Tue,1,2
BIOL0031152008,04,Wed,12,2
BIOL0031152008,04,Tue,7,1
MATH0031142023,04,Thu,8,3
PHYS0031182017,03,Tue,9,2
PHYS0031182017,03,Mon,1,2
POLI0031142008,05,Wed,12,2
POLI0031142008,05,Mon,8,2
COMS0031121015,07,Wed,8,2
COMS0031121015,07,Mon,11,2
COMS0031121015,07,Fri,12,1
LAWS0031152015,03,Tue,12,2
SOCI0031172014,03,Mon,9,2
MARX0031152032,05,Wed,11,2
POLI0031122012,03,Tue,3,3
POLI0031122012,03,Thu,9,2
COMS0031121004,06,Wed,1,2
COMS0031121004,06,Tue,9,1
STAT0031162024,06,Mon,1,3
AINT0031112013,05,Wed,4,2
DESN0031182018,03,Tue,6,2
DESN0031182018,03,Wed,2,1
LAWS0031142027,06,Wed,8,2
DESN0031152017,05,Wed,4,2
LAWS0031132009,02,Wed,12,2
LAWS0031132009,02,Tue,3,1
